date,ticker,score,positive,negative,neutral,headline
2023-12-16,NVDA,0.03517468646168709,0.05454224720597267,0.019367560744285583,0.9260901808738708,2 Potential AI Stock-Split Stocks to Keep an Eye On in the New Year
2023-12-16,NVDA,0.8477133866399527,0.857343852519989,0.009630465880036354,0.13302570581436157,Can the 'Magnificent Seven' Continue to Lead the Market Higher in 2024?
2023-12-16,NVDA,0.03213464468717575,0.1412201225757599,0.10908547788858414,0.7496944069862366,Nvidia and AMD's Artificial Intelligence (AI) Battle Is Heating Up
2023-12-16,NVDA,0.10234918631613255,0.11409463733434677,0.011745451018214226,0.8741598725318909,2 Top-Rated Tech Stocks to Buy for 2024 Upside
2023-12-16,NVDA,0.03406817652285099,0.050965216010808945,0.016897039487957954,0.9321377873420715,"Some Potential 2024 Winners Reside in QQQ, QQQM"
2023-12-15,NVDA,0.06477569788694382,0.08198750764131546,0.017211809754371643,0.9008006453514099,"Can Nvidia Stock Hit $1,000 in 2024?"
2023-12-15,NVDA,0.04015894513577223,0.055615026503801346,0.015456081368029118,0.9289289116859436,3 Growth Stocks to Buy and Hold Forever
2023-12-15,NVDA,0.17948644794523716,0.19879189133644104,0.01930544339120388,0.7819026112556458,Why Broadcom Stock Was a Standout on Friday
2023-12-15,NVDA,0.025350673124194145,0.04688236489892006,0.021531691774725914,0.9315859079360962,ETF Market Outlook & Investing Strategies for 2024
2023-12-15,NVDA,-0.39839986711740494,0.0737539753317833,0.47215384244918823,0.45409220457077026,Why Intel Stock Popped Today
2023-12-14,NVDA,0.9027445465326309,0.9180780649185181,0.015333518385887146,0.06658847630023956,"Up 230%, 3 Reasons Nvidia Stock Can Still Make You Richer"
2023-12-14,NVDA,0.8975559240207076,0.9068337082862854,0.009277784265577793,0.0838884636759758,Motorola (MSI) Boosts Emergency Services' Communication System
2023-12-14,NVDA,-0.6509955525398254,0.13709419965744019,0.7880897521972656,0.0748160257935524,"US STOCKS-S&P 500, Dow ease as Fed official's comments dampen rate-cut cheer"
2023-12-14,NVDA,0.9149297820404172,0.9254244565963745,0.010494674555957317,0.06408083438873291,Verizon (VZ) 5G Boosts Fan Experience at Bank of America Stadium
2023-12-14,NVDA,0.06746227759867907,0.0770295262336731,0.00956724863499403,0.9134031534194946,Dell Technologies (DELL) XE9860 Servers to be Used by CoreWeave
2023-12-13,NVDA,0.9124352931976318,0.9417074918746948,0.02927219867706299,0.029020272195339203,Analysts Predict 10% Upside For The Holdings of XSD
2023-12-13,NVDA,0.06606000289320946,0.0812326967716217,0.015172693878412247,0.9035946130752563,3 Stocks to Make Sure You’re on the Right Side of the AI Boom
2023-12-13,NVDA,0.19182200357317924,0.20406028628349304,0.012238282710313797,0.7837013602256775,Intel says dozens of PC makers are using its new AI-enabled chip
2023-12-13,NVDA,0.9005337618291378,0.936628520488739,0.03609475865960121,0.027276661247015,"Adobe (ADBE) Q4 Earnings & Revenues Beat Estimates, Rise Y/Y"
2023-12-13,NVDA,0.7881610812619328,0.8030802011489868,0.014919119887053967,0.18200074136257172,5 Best-Performing Technology ETFs of 2023
2023-12-12,NVDA,-0.5255785584449768,0.07977914810180664,0.6053577065467834,0.31486308574676514,"Nokia (NOK) Trims Operating Margin Guidance, Revises Strategy"
2023-12-12,NVDA,0.6420937329530716,0.6859045028686523,0.04381076991558075,0.2702847123146057,AMD Stock Has Large Unusual Options Activity Today - AMD Is at a Peak
2023-12-12,NVDA,0.05571408197283745,0.07532118260860443,0.019607100635766983,0.9050716757774353,"Notable Wednesday Option Activity: CALM, NVDA, MSTR"
2023-12-12,NVDA,0.02292499877512455,0.03926293924450874,0.016337940469384193,0.9443991184234619,"Zacks.com featured highlights include Global Industrial, Arcos Dorados, NVIDIA and Sterling Infrastructure"
2023-12-12,NVDA,0.19761817902326584,0.2121979296207428,0.01457975059747696,0.7732223272323608,"Noteworthy ETF Inflows: SPY, NVDA, GOOGL, META"
2023-12-11,NVDA,0.7295989245176315,0.7358635663986206,0.006264641880989075,0.2578718066215515,Nokia (NOK) Offers 5G Core SaaS to Enhance Network in Finland
2023-12-11,NVDA,0.07626784592866898,0.1095709577202797,0.03330311179161072,0.857125997543335,5 Reasons to be Bullish into 2024
2023-12-11,NVDA,0.9310632273554802,0.9423151016235352,0.011251874268054962,0.04643296077847481,Garmin (GRMN) Boosts Fitness Offerings With Latest Launch
2023-12-11,NVDA,0.10122469440102577,0.11183824390172958,0.010613549500703812,0.8775482177734375,"Roblox (RBLX), Adidas Unite for Virtual Fashion Revolution"
2023-12-11,NVDA,-0.1777495238929987,0.026317423209547997,0.2040669471025467,0.769615650177002,Semiconductor Stocks: Meat Left on the Bone?
2023-12-10,NVDA,0.16178273875266314,0.17038413882255554,0.008601400069892406,0.821014404296875,"1 Artificial Intelligence (AI) Stock Set to Join Apple, Amazon, Microsoft, Alphabet, and Nvidia in the $1 Trillion Club"
2023-12-10,NVDA,-0.04663471505045891,0.041580911725759506,0.08821562677621841,0.87020343542099,What Mark Zuckerberg's Massive Meta Stock Dump Means for Investors
2023-12-10,NVDA,0.05626994930207729,0.07994726300239563,0.023677313700318336,0.8963754773139954,AMD Takes The Fight To Nvidia With Latest AI Chip Launch. Is The Stock A Buy At $116?
2023-12-10,NVDA,0.20087150670588017,0.21037879586219788,0.009507289156317711,0.780113935470581,10X Titans: 3 Stocks Set to Dominate the Market by 2026
2023-12-10,NVDA,-0.006106091663241386,0.029085559770464897,0.035191651433706284,0.935722827911377,Guru Fundamental Report for NVDA
2023-12-09,NVDA,-0.011265557259321213,0.027892954647541046,0.03915851190686226,0.9329485893249512,Stock-Split Watch: Is Nvidia Next?
2023-12-09,NVDA,0.04940256290137768,0.0670713409781456,0.01766877807676792,0.9152598977088928,These 2 Stocks Are Leading the Artificial Intelligence (AI) Revolution. Is It Time to Buy?
2023-12-09,NVDA,-0.47329629957675934,0.1488688439130783,0.6221651434898376,0.22896601259708405,The AI Boom Will Light A Fire Under Server Stocks In ’24
2023-12-09,NVDA,0.03303758054971695,0.04979844391345978,0.01676086336374283,0.933440625667572,This Is the Most Important AI Company You've Never Heard Of
2023-12-08,NVDA,0.8860499300062656,0.9015892148017883,0.01553928479552269,0.08287151902914047,Quick! 3 AI Stocks to Buy Right This Second for Long-Term Gains.
2023-12-08,NVDA,0.8037506635300815,0.810929000377655,0.007178336847573519,0.18189260363578796,Qualcomm (QCOM) Hones 5G Skills for University Graduates
2023-12-08,NVDA,0.03318711742758751,0.04946156591176987,0.016274448484182358,0.9342640042304993,3 No-Brainer Stocks You Must Own in 2024
2023-12-08,NVDA,-0.18902519345283508,0.3442526161670685,0.5332778096199036,0.12246952205896378,S&P 500 and Nasdaq notch highest closes since early 2022
2023-12-08,NVDA,-0.3182024657726288,0.2822946608066559,0.6004971265792847,0.11720823496580124,US STOCKS-S&P 500 and Nasdaq notch highest closes since early 2022
2023-12-07,NVDA,-0.4516154006123543,0.05625080317258835,0.5078662037849426,0.43588292598724365,Why Advanced Micro Devices Stock Popped Today
2023-12-07,NVDA,0.703216914087534,0.7173613905906677,0.014144476503133774,0.268494188785553,Can the Chip Rip Take Nvidia Stock (NASDAQ:NVDA) Higher in 2024?
2023-12-07,NVDA,-0.8508639335632324,0.06687057018280029,0.9177345037460327,0.015395015478134155,"US STOCKS-Nasdaq outperforms on Alphabet boost, payrolls data in focus"
2023-12-07,NVDA,0.019571304321289062,0.0515095479786396,0.03193824365735054,0.9165521860122681,Bear Market Bets: 7 Inverse ETFs for Contrarian Investors
2023-12-07,NVDA,0.044162074103951454,0.07065200805664062,0.02648993395268917,0.9028580784797668,7 Bold Stock Predictions for the Year Ahead
2023-12-06,NVDA,0.6768202669918537,0.7098323106765747,0.03301204368472099,0.25715556740760803,Tech Set to Roar in 2024 After an Astounding 2023: 5 Top Picks
2023-12-06,NVDA,0.5406477302312851,0.7230679988861084,0.1824202686548233,0.09451177716255188,US STOCKS-Wall St set for higher open on rate cut optimism
2023-12-06,NVDA,0.08756916597485542,0.10480982810258865,0.01724066212773323,0.8779494762420654,Wall Street Bulls Look Optimistic About Nvidia (NVDA): Should You Buy?
2023-12-06,NVDA,-0.03571275435388088,0.023054005578160286,0.05876675993204117,0.9181792736053467,"Stock Market News for Dec 6, 2023"
2023-12-06,NVDA,0.019474579021334648,0.04043567553162575,0.0209610965102911,0.9386032819747925,"Noteworthy Wednesday Option Activity: BKNG, NVDA, META"
2023-12-05,NVDA,-0.8809621036052704,0.050634175539016724,0.9315962791442871,0.017769578844308853,US STOCKS-Wall Street ends mixed after job openings hint at cooling economy
2023-12-05,NVDA,0.8503214223310351,0.8594217896461487,0.009100367315113544,0.1314779371023178,"IZEA Buys Hoozu, Expands Footprint in Asia-Pacific & Oceania"
2023-12-05,NVDA,0.10600326489657164,0.11720050126314163,0.011197236366569996,0.8716022968292236,"Nasdaq 100 Movers: PYPL, AAPL"
2023-12-05,NVDA,0.03709499351680279,0.05454837530851364,0.017453381791710854,0.9279983043670654,"MSFT, PLTR, or NVDA: Which is the Most Attractive AI Stock?"
2023-12-05,NVDA,0.70952805923298,0.7168103456497192,0.007282286416739225,0.27590733766555786,Nvidia to develop new chips that comply with US export regulations
2023-12-04,NVDA,-0.9177938718348742,0.01999807171523571,0.9377919435501099,0.04220999404788017,"Wall St rally loses steam as data-heavy week looms, yields rise"
2023-12-04,NVDA,0.0690122451633215,0.09681735932826996,0.027805114164948463,0.8753775358200073,3 Top Tech Stocks to Buy in December
2023-12-04,NVDA,0.1714936699718237,0.18116594851016998,0.00967227853834629,0.8091617226600647,3 Reasons Growth Investors Will Love Nvidia (NVDA)
2023-12-04,NVDA,0.2659987583756447,0.336354523897171,0.07035576552152634,0.5932897329330444,Monday's ETF with Unusual Volume: QGRW
2023-12-04,NVDA,-0.9506040271371603,0.01375543512403965,0.9643594622612,0.021885154768824577,US STOCKS-Wall Street slides from recent highs as megacaps weigh
2023-12-03,NVDA,-0.005810892209410667,0.029042912647128105,0.03485380485653877,0.9361032843589783,"Want $1 Million in Retirement? Invest $200,000 in These 3 Stocks and Wait a Decade"
2023-12-03,NVDA,-0.006106091663241386,0.029085559770464897,0.035191651433706284,0.935722827911377,Guru Fundamental Report for NVDA
2023-12-03,NVDA,0.009075572714209557,0.03444189205765724,0.025366319343447685,0.9401917457580566,2 Artificial Intelligence (AI) Stocks That Are Long-Term Buys
2023-12-03,NVDA,0.03511814959347248,0.06120489910244942,0.026086749508976936,0.9127084016799927,2 Artificial Intelligence (AI) Stocks That Could Create Millionaires
2023-12-03,NVDA,0.045363083481788635,0.09288563579320908,0.04752255231142044,0.8595918416976929,History Says the Nasdaq Could Soar in 2024 -- 5 Stocks You'll Wish You'd Bought if It Does
2023-12-02,NVDA,0.11647143121808767,0.13082608580589294,0.014354654587805271,0.8548192381858826,4 Soaring Stocks I'd Buy Without Any Hesitation
2023-12-02,NVDA,0.050247758626937866,0.06267639249563217,0.012428633868694305,0.9248949885368347,"3 Artificial Intelligence (AI) Stocks to Buy With $1,000 and Hold for 10 Years"
2023-12-02,NVDA,0.006877433508634567,0.031699225306510925,0.024821791797876358,0.943479061126709,"What Nvidia, Dell Technologies, and Broadcom Stock Investors Should Know About Recent AI Updates"
2023-12-01,NVDA,-0.033137861639261246,0.05145764723420143,0.08459550887346268,0.8639468550682068,3 Stocks to Buy IF the Fed Indicates a Rate Hike Pause in December
2023-12-01,NVDA,0.02893633395433426,0.0493793711066246,0.020443037152290344,0.930177628993988,The AI Stocks That Will Make You Money In 2024
2023-12-01,NVDA,-0.6756637990474701,0.13478681445121765,0.8104506134986877,0.05476265773177147,"Wall St Week Ahead-Tax-loss selling, 'Santa rally' could sway U.S. stocks after November melt-up"
2023-12-01,NVDA,0.8135465234518051,0.8720926642417908,0.05854614078998566,0.06936116516590118,GRAPHIC-Resurgent S&P 500 crests new 2023 closing high after roller-coaster year
2023-12-01,NVDA,0.6243443079292774,0.6343448162078857,0.010000508278608322,0.3556547164916992,"Ericsson (ERIC), Telenor Team Up for AI-Driven Network Solution"
2023-11-30,NVDA,-0.9572745561599731,0.008173704147338867,0.965448260307312,0.02637803927063942,Dell misses quarterly revenue estimates on slow PC market recovery
2023-11-30,NVDA,0.8182967193424702,0.8744606375694275,0.05616391822695732,0.06937557458877563,US STOCKS-Dow reaches 2023 closing high as markets turn the page on a robust November
2023-11-30,NVDA,-0.004701895639300346,0.029427872970700264,0.03412976861000061,0.9364424347877502,"If You Can Only Buy One Machine Learning Stock in December, It Better Be One of These 7 Names"
2023-11-30,NVDA,0.12243256252259016,0.1307927966117859,0.008360234089195728,0.860846996307373,Keysight (KEYS) Solution Expedites Testing for Radar Chipsets
2023-11-30,NVDA,-0.002456383779644966,0.029356641694903374,0.03181302547454834,0.9388303756713867,"If You Can Only Buy One Robotics Stock in December, It Better Be One of These 3 Names"
2023-11-29,NVDA,-0.0076826997101306915,0.033547550439834595,0.041230250149965286,0.9252221584320068,Tech Stocks: What To Expect In the Last Quarter of 2023
2023-11-29,NVDA,0.9190735388547182,0.946519672870636,0.027446134015917778,0.026034144684672356,"Intuit (INTU) Q1 Earnings Beat Estimates, Revenues Rise Y/Y"
2023-11-29,NVDA,0.015034697949886322,0.0594792403280735,0.04444454237818718,0.8960761427879333,3 Unstoppable Growth Stocks to Buy if There's a Stock Market Sell-Off
2023-11-29,NVDA,0.6396823823451996,0.7900928258895874,0.15041044354438782,0.05949680134654045,"US STOCKS-Wall St gains on rate cut prospects, soft landing hopes"
2023-11-29,NVDA,0.9255287386476994,0.9457967281341553,0.020267989486455917,0.03393523767590523,"DELL Signs $150M Deal With Imbue, Strengthens Prospects"
2023-11-28,NVDA,0.03534032590687275,0.06032776087522507,0.024987434968352318,0.9146847724914551,2 Key Things From Nvidia's Earnings Call That Investors Should Know
2023-11-28,NVDA,0.9084846414625645,0.9270623326301575,0.018577691167593002,0.05435991287231445,"Stock Split Watch: 2 Monster Growth Stocks Up 376% and 1,160% in 5 Years to Buy Before 2024"
2023-11-28,NVDA,0.18296031281352043,0.19306960701942444,0.010109294205904007,0.7968211770057678,3 Artificial Intelligence (AI) Stocks That Should Change the World (and Make Many Millionaires)
2023-11-28,NVDA,0.8996939565986395,0.9173081517219543,0.017614195123314857,0.06507769227027893,Better AI Stock: Nvidia vs. Baidu
2023-11-28,NVDA,0.49296707287430763,0.519618570804596,0.026651497930288315,0.4537299573421478,Amazon announces new cloud AI chip as Microsoft rivalry intensifies
2023-11-27,NVDA,0.15883095376193523,0.1771029233932495,0.018271969631314278,0.8046251535415649,3 Stocks to Buy that Could Piggyback off of Nvidia’s Success
2023-11-27,NVDA,-0.02279483899474144,0.03215091675519943,0.05494575574994087,0.9129033088684082,What Makes IONQ Stock a Buy? Here’s the Bull Case.
2023-11-27,NVDA,0.6094752810895443,0.6353321671485901,0.02585688605904579,0.3388110399246216,Wall Street Analysts See a 35.28% Upside in Nvidia (NVDA): Can the Stock Really Move This High?
2023-11-27,NVDA,0.1659954944625497,0.17764416337013245,0.01164866890758276,0.810707151889801,1 Top REIT to Buy for AI Growth
2023-11-27,NVDA,-0.059499986469745636,0.07730299979448318,0.13680298626422882,0.785893976688385,Tech Titans Tussle: Is AMD a Safer Bet Than High-Flying Nvidia?
2023-11-26,NVDA,0.8309562634676695,0.8403182625770569,0.009361999109387398,0.15031969547271729,3 Resilient Stocks with Massive Potential to Boost Your Wealth
2023-11-26,NVDA,-0.006359744817018509,0.03674176707863808,0.043101511895656586,0.920156717300415,"GDP, Fed Speakers and Other Can't Miss Items This Week"
2023-11-26,NVDA,0.09411407262086868,0.12157610058784485,0.027462027966976166,0.8509618043899536,3 Best Nasdaq Stocks to Buy in November
2023-11-26,NVDA,0.1469286778010428,0.15464918315410614,0.007720505353063345,0.8376303315162659,3 Home Automation Stocks That Will Lead the Smart Home Revolution
2023-11-26,NVDA,0.6790650486946106,0.8044638633728027,0.12539881467819214,0.07013724744319916,Wall St Week Ahead-Broadening of U.S. stock rally feeds investor optimism
2023-11-25,NVDA,0.026182647794485092,0.052457328885793686,0.026274681091308594,0.9212679266929626,7 Stocks That Should Be on Your Christmas List This Year
2023-11-25,NVDA,0.1037981566041708,0.1154390275478363,0.011640870943665504,0.8729201555252075,7 Quantum Computing Stocks to Unleash Your Portfolio’s Power
2023-11-25,NVDA,0.08102387376129627,0.09294643253087997,0.011922558769583702,0.89513099193573,3 Stocks That Will Make the Perfect Stocking Stuffers
2023-11-25,NVDA,0.19421193562448025,0.20401202142238617,0.009800085797905922,0.7861879467964172,"AAPL, AMZN, or NVDA: Which “Strong Buy” Mega-Cap Tech Stock Could Deliver the Best Returns?"
2023-11-24,NVDA,-0.8509940728545189,0.06380770355463028,0.9148017764091492,0.021390466019511223,US STOCKS-Wall St ends mixed in truncated Black Friday trading
2023-11-24,NVDA,0.029819590970873833,0.05517301335930824,0.02535342238843441,0.9194735288619995,"Nvidia Earnings Beat: If the Music is Playing, You Better Get Up and Dance"
2023-11-24,NVDA,0.014759469777345657,0.04619036987423897,0.03143090009689331,0.922378659248352,Tech’s Best Kept Secrets: 7 Under-the-Radar Stocks to Watch
2023-11-24,NVDA,0.8852139730006456,0.90861576795578,0.023401794955134392,0.06798244267702103,3 Stocks to Watch After Impressive Earnings Beats This Week
2023-11-24,NVDA,-0.7035747766494751,0.1300588846206665,0.8336336612701416,0.036307405680418015,Wall St ends mixed in truncated Black Friday trading
2023-11-23,NVDA,0.927609033882618,0.9380507469177246,0.010441713035106659,0.05150749906897545,Fair Isaac's (FICO) Prospects Ride on Expanding Clientele
2023-11-23,NVDA,0.1623951499350369,0.1698072999715805,0.007412150036543608,0.8227805495262146,Keysight (KEYS) Solution Validates MediaTek 5G Modem Technology
2023-11-23,NVDA,0.029849952086806297,0.045627277344465256,0.01577732525765896,0.9385953545570374,From Energy to Retail: The Next 3 Trillion-Dollar Stocks 
2023-11-23,NVDA,-0.006597861647605896,0.05643177777528763,0.06302963942289352,0.8805386424064636,3 Elite Dividend-Paying Stocks to Hold for Eons
2023-11-23,NVDA,0.8577023074030876,0.8996714949607849,0.041969187557697296,0.05835931748151779,7 Tech Stocks to Load Up On Ahead of Lower Borrowing Costs
2023-11-22,NVDA,0.3033024072647095,0.6000083684921265,0.296705961227417,0.10328575223684311,Wall St climbs before holiday; investors optimistic Fed done hiking rates
2023-11-22,NVDA,0.5067299753427505,0.7149876952171326,0.20825771987438202,0.0767546147108078,US STOCKS-Wall St ends up before holiday; investors optimistic Fed done raising rates
2023-11-22,NVDA,0.6700121909379959,0.8187456130981445,0.14873342216014862,0.03252095729112625,"GLOBAL MARKETS-Wall St closes higher, dollar rebounds heading into US holiday"
2023-11-22,NVDA,0.13242116663604975,0.14628757536411285,0.013866408728063107,0.8398460149765015,7 A-Rated Quantum Computing Stocks to Buy in November
2023-11-22,NVDA,0.14228052645921707,0.17945410311222076,0.03717357665300369,0.7833723425865173,Why Arm Holdings Was on the Rise Today
2023-11-21,NVDA,-0.8770140185952187,0.03551306575536728,0.9125270843505859,0.051959775388240814,"GLOBAL MARKETS-Wall Street ends lower, gold jumps as Fed minutes reveal cautious policy approach"
2023-11-21,NVDA,0.06985032558441162,0.2002403289079666,0.130390003323555,0.669369637966156,Trading in Nvidia ETFs shows traders preparing for upbeat earnings
2023-11-21,NVDA,-0.9603866226971149,0.009516548365354538,0.9699031710624695,0.020580289885401726,"US STOCKS-Wall St ends down after recent gains; retailers, tech weak"
2023-11-21,NVDA,0.011268382892012596,0.03165357559919357,0.020385192707180977,0.947961151599884,"What Nvidia, Qualcomm, and TSMC Stock Investors Should Know About Recent Updates"
2023-11-21,NVDA,0.12416759133338928,0.5121595859527588,0.3879919946193695,0.09984844923019409,Nvidia forecasts fourth-quarter revenue above estimates
2023-11-20,NVDA,0.2565105613321066,0.26463091373443604,0.008120352402329445,0.7272487282752991,America's Largest Pension Fund Is Buying These 2 Megacap Growth Stocks
2023-11-20,NVDA,0.06823756359517574,0.07993980497121811,0.011702241376042366,0.9083579778671265,Appian (APPN) Updates Platform for AI Process Automation
2023-11-20,NVDA,-0.03580396994948387,0.021268609911203384,0.057072579860687256,0.9216588735580444,AI Events Dictate Monday's Bull Market; Zoom (ZM) Beats
2023-11-20,NVDA,-0.9531925739720464,0.009084838442504406,0.9622774124145508,0.02863767184317112,"GLOBAL MARKETS-US dollar at lowest since September, global stocks gain"
2023-11-20,NVDA,0.8281722627580166,0.8771008849143982,0.04892862215638161,0.0739705041050911,US STOCKS-Nasdaq leads Wall St higher as Microsoft hits record high
2023-11-19,NVDA,0.8840434364974499,0.9131262898445129,0.029082853347063065,0.057790882885456085,"GLOBAL MARKETS-Japan shares hit three-decade high, yuan climbs"
2023-11-19,NVDA,0.8004528637975454,0.831286609172821,0.030833745375275612,0.1378796249628067,"GLOBAL MARKETS-Japan shares hit three-decade highs, other Asia stocks mixed"
2023-11-19,NVDA,-0.627754732966423,0.13683362305164337,0.7645883560180664,0.09857801347970963,"GLOBAL MARKETS-Asia off to slow start, lot of easing already priced in"
2023-11-19,NVDA,-0.014745010063052177,0.025715792551636696,0.04046080261468887,0.9338233470916748,"Thanksgiving, Fed Minutes and Other Key Items to Watch This Week"
2023-11-19,NVDA,-0.006106134504079819,0.029085565358400345,0.035191699862480164,0.9357227087020874,Guru Fundamental Report for NVDA
2023-11-18,NVDA,0.0745385680347681,0.08673707395792007,0.01219850592315197,0.9010644555091858,"AMD, NVDA, or INTC: Which Chip Stock Could Generate the Best Returns?"
2023-11-18,NVDA,0.03779788129031658,0.05400823801755905,0.01621035672724247,0.929781436920166,Nvidia Challenger in the Making? A Look Into Arm's First Post-IPO Earnings
2023-11-18,NVDA,0.10995136946439743,0.126853346824646,0.016901977360248566,0.856244683265686,"This Magnificent Artificial Intelligence (AI) Stock Is About to Step on the Gas, and It Is Cheap Right Now"
2023-11-18,NVDA,0.07780708745121956,0.09672021120786667,0.01891312375664711,0.8843666911125183,Investing Lesson: Value Drivers
2023-11-17,NVDA,-0.14828012138605118,0.025235868990421295,0.17351599037647247,0.8012481331825256,"13F Rundown: Tepper, Buffett, Druckenmiller"
2023-11-17,NVDA,0.03375149145722389,0.04672112688422203,0.012969635426998138,0.9403092861175537,Validea Detailed Fundamental Analysis - NVDA
2023-11-17,NVDA,-0.7240544483065605,0.12017924338579178,0.8442336916923523,0.03558707237243652,US STOCKS-Wall St eyes higher open as yields slip on rate cut bets
2023-11-17,NVDA,0.22981000784784555,0.23839707672595978,0.008587068878114223,0.7530158758163452,"Synopsys (SNPS), Microsoft Develop New AI Tool for Chip Design"
2023-11-17,NVDA,0.20263071451336145,0.21038493514060974,0.007754220627248287,0.781860888004303,Qualcomm (QCOM) Unveils AI-Powered Snapdragon 7 Gen 3 Chipsets
2023-11-16,NVDA,0.7646401738747954,0.7719998359680176,0.007359662093222141,0.22064048051834106,Arm Holdings Has This Massive Growth Opportunity Thanks to Microsoft and Other Cloud Giants
2023-11-16,NVDA,0.8776531368494034,0.9230162501335144,0.04536311328411102,0.03162054345011711,"Palo Alto (PANW) Q1 Earnings Beat, Billings Miss Guidance"
2023-11-16,NVDA,-0.9231585171073675,0.020540008321404457,0.943698525428772,0.03576138615608215,US STOCKS-S&P 500 barely gains while Dow ends lower as Cisco and Walmart drag
2023-11-16,NVDA,0.7714053280651569,0.8320481777191162,0.060642849653959274,0.10730896145105362,"Tech Turns Hot, ETFs Touch New 52-Week Highs"
2023-11-16,NVDA,0.8927717758342624,0.9042359590530396,0.01146418321877718,0.08429984748363495,RingCentral (RNG) Expands Portfolio With RingCentral Events
2023-11-15,NVDA,0.10356630757451057,0.12367459386587143,0.020108286291360855,0.856217086315155,5 Powerhouse Growth Stocks to Buy Now
2023-11-15,NVDA,-0.9474671483039856,0.021117687225341797,0.9685848355293274,0.010297431610524654,"Getty Images (GETY) Q3 Earnings Beat, Revenues Down Y/Y"
2023-11-15,NVDA,0.641276016831398,0.6729918122291565,0.031715795397758484,0.2952924072742462,Nvidia Stock (NASDAQ:NVDA): Striving for AI Dominance with New Chip Launch
2023-11-15,NVDA,0.05963707249611616,0.07447022944688797,0.014833156950771809,0.9106966257095337,Chips Ahoy: 3 Semiconductor Stocks You Need to Buy Now
2023-11-15,NVDA,0.10238139890134335,0.11289829015731812,0.01051689125597477,0.8765848278999329,"Microsoft introduces its own chips for AI, with eye on cost"
2023-11-14,NVDA,-0.3768685609102249,0.1364525407552719,0.5133211016654968,0.35022637248039246,Investors expand bets on tech stocks as sector still fuels market gains -filings
2023-11-14,NVDA,0.22449636831879616,0.2429181933403015,0.018421825021505356,0.7386600375175476,Time to Buy into Nvidia's (NVDA) Recent Rally as Earnings Approach?
2023-11-14,NVDA,0.17581328190863132,0.19338229298591614,0.017569011077284813,0.7890487313270569,Qualcomm Stock (NASDAQ:QCOM): Are Good Days Ahead for the Chipmaker?
2023-11-14,NVDA,-0.035925835371017456,0.40690428018569946,0.4428301155567169,0.150265634059906,"Burry, famous for 'Big Short,' places bearish bet against semiconductor ETF"
2023-11-14,NVDA,0.05031278543174267,0.06754010915756226,0.017227323725819588,0.9152325391769409,3 Meme Stocks That Are Here for the Long Haul
2023-11-13,NVDA,0.008262548595666885,0.036235008388757706,0.02797245979309082,0.9357925057411194,"Notable Monday Option Activity: NVDA, COST, C"
2023-11-13,NVDA,-0.030863720923662186,0.036924418061971664,0.06778813898563385,0.8952874541282654,Now is Not the Time to Be Contrarian: 5 Obvious Stocks to Consider
2023-11-13,NVDA,-0.030683737248182297,0.049217190593481064,0.07990092784166336,0.8708819150924683,The 3 Most Undervalued AI Penny Stocks to Buy: November 2023
2023-11-13,NVDA,0.09090716950595379,0.11851640045642853,0.02760923095047474,0.8538743853569031,FAANG Gives Way to the ‘Magnificent Seven’
2023-11-13,NVDA,0.058751802891492844,0.08507248014211655,0.026320677250623703,0.8886069059371948,3 Growth Stocks That Analysts Are Loving Right Now
2023-11-12,NVDA,-0.006106134504079819,0.029085565358400345,0.035191699862480164,0.9357227087020874,Guru Fundamental Report for NVDA
2023-11-12,NVDA,0.05762576125562191,0.0747317522764206,0.017105991020798683,0.9081622958183289,3 Things About Nvidia the Smartest investors Know
2023-11-11,NVDA,0.1434089234098792,0.15585456788539886,0.012445644475519657,0.831699788570404,7 Must-Buy Stocks to Start Your 2024 Out Strong
2023-11-11,NVDA,0.5785529464483261,0.6151452660560608,0.03659231960773468,0.34826236963272095,"Software Monetization Could Take Nvidia Stock to the Next Level, Says Wells Fargo"
2023-11-10,NVDA,-0.8255957886576653,0.04591304808855057,0.8715088367462158,0.0825781300663948,US STOCKS-Wall St rebounds as traders digest Powell comments
2023-11-10,NVDA,0.07085546478629112,0.08868706971406937,0.017831604927778244,0.8934813737869263,Tech Titans: 2 Top Artificial Intelligence (AI) Stocks to Watch Heading Into 2024
2023-11-10,NVDA,0.49492953810840845,0.5042628049850464,0.009333266876637936,0.4864038825035095,3 Recession-Resistant Stocks to Create a Multi-Asset Portfolio
2023-11-10,NVDA,0.8936573043465614,0.9307318329811096,0.03707452863454819,0.03219352662563324,"US STOCKS-Wall St posts big gains, helped by tech as Treasury yields calm"
2023-11-10,NVDA,0.8411718979477882,0.9060904383659363,0.06491854041814804,0.02899099327623844,Model N (MODN) Q4 Earnings and Revenues Surpass Estimates
2023-11-09,NVDA,0.15613660775125027,0.16932690143585205,0.013190293684601784,0.8174828290939331,This Under-the-Radar Tech Stock Could Be AI's Biggest Winner
2023-11-09,NVDA,0.03415284678339958,0.05587218701839447,0.02171934023499489,0.9224085211753845,Top AI Stocks To Buy Right Now? 3 To Know
2023-11-09,NVDA,-0.937602455727756,0.014629368670284748,0.9522318243980408,0.033138908445835114,Arm shares sink as some analysts question valuation after weak forecast
2023-11-09,NVDA,0.050595272332429886,0.06323147565126419,0.012636203318834305,0.9241323471069336,How to Invest in the Metaverse: 3 Stocks to Buy
2023-11-09,NVDA,-0.9411531034857035,0.009333198890089989,0.9504863023757935,0.04018046706914902,"US STOCKS-Wall St falls after Powell, Treasury auction"
2023-11-08,NVDA,0.16170989349484444,0.17965994775295258,0.01795005425810814,0.8023899793624878,Top 5 High-Flying Tech Giants of 2023 With More Upside Left
2023-11-08,NVDA,0.9047304131090641,0.9403238296508789,0.035593416541814804,0.024082835763692856,"Akamai (AKAM) Q3 Earnings Beat Estimates, Revenues Surge Y/Y"
2023-11-08,NVDA,0.743920162320137,0.8135559558868408,0.0696357935667038,0.11680827289819717,"3D Systems (DDD) Q3 Earnings Beat Estimates, Revenues Miss"
2023-11-08,NVDA,0.0070312730967998505,0.043866097927093506,0.036834824830293655,0.9192991256713867,Why Investors Are Pouring Billions Into Covered-Call ETFs
2023-11-08,NVDA,0.06446666456758976,0.0814635306596756,0.01699686609208584,0.9015396237373352,The Race to Automation: 3 Robotics Stocks Engineering the Future
2023-11-07,NVDA,0.2826744094491005,0.28954017162323,0.006865762174129486,0.7035940289497375,Palo Alto (PANW) to Buy Talon Cyber Security for Prisma SASE
2023-11-07,NVDA,0.07518206723034382,0.1003616526722908,0.025179585441946983,0.8744587898254395,3 Top Gaming Stocks to Buy in November
2023-11-07,NVDA,0.05598819628357887,0.10090690851211548,0.044918712228536606,0.8541743755340576,Tuesday's ETF with Unusual Volume: FTGS
2023-11-07,NVDA,-0.9200617354363203,0.022999318316578865,0.9430610537528992,0.03393959254026413,Microchip's (MCHP) Microcontroller Sales Lag Estimates in Q2
2023-11-07,NVDA,0.8021977376192808,0.8270862102508545,0.024888472631573677,0.1480252593755722,Bullish on Blockchain: 3 Compelling Crypto Stocks Beyond the Usual Suspects
2023-11-06,NVDA,0.5542868142947555,0.5626346468925476,0.008347832597792149,0.42901748418807983,Invest in the Market’s Momentum – and NVIDIA’s – With SPMO
2023-11-06,NVDA,-0.030195681378245354,0.029005641117691994,0.05920132249593735,0.911793053150177,Bear Market Rally or Bull Market Resumption? (5 Clues)
2023-11-06,NVDA,0.2724265782162547,0.2822025716304779,0.009775993414223194,0.7080214023590088,3 Stocks That Will Make Great Holiday Gifts This Year
2023-11-06,NVDA,0.35731424018740654,0.3661298453807831,0.008815605193376541,0.6250545382499695,Infosys (INFY) Unveils Its New Proximity Center in Bulgaria
2023-11-06,NVDA,0.1397687029093504,0.15693052113056183,0.017161818221211433,0.8259076476097107,3 AI Stocks Poised to Power the Next Industrial Revolution
2023-11-05,NVDA,0.023479608818888664,0.045882754027843475,0.02240314520895481,0.9317141175270081,"Powell Speaks, Earnings and Other Key Themes to Watch This Week"
2023-11-05,NVDA,-0.006106091663241386,0.029085559770464897,0.035191651433706284,0.935722827911377,Guru Fundamental Report for NVDA
2023-11-04,NVDA,0.025686586275696754,0.04610233008861542,0.020415743812918663,0.9334818720817566,"1 Massive Reason to Buy Nvidia Stock Right Now, and It's Not Artificial Intelligence (AI)"
2023-11-04,NVDA,0.08360794931650162,0.09777732193470001,0.014169372618198395,0.8880532383918762,These 2 Artificial Intelligence (AI) Stocks Have a Lot to Prove Before I'm Willing to Buy
2023-11-03,NVDA,0.12721970677375793,0.1458691507577896,0.018649443984031677,0.8354814648628235,The 3 Best Tech Stocks to Buy in November
2023-11-03,NVDA,-0.013843594118952751,0.03013916127383709,0.04398275539278984,0.9258780479431152,Datadog (DDOG) to Report Q3 Earnings: What's in the Cards?
2023-11-03,NVDA,0.02239931933581829,0.05045453459024429,0.028055215254426003,0.9214902520179749,Is Nvidia a Buy?
2023-11-03,NVDA,-0.572320431470871,0.2039652168750763,0.7762856483459473,0.019749155268073082,US STOCKS-U.S. stocks close higher as Treasury yields fall after weak jobs data
2023-11-03,NVDA,-0.9431261830031872,0.017593998461961746,0.9607201814651489,0.021685900166630745,US STOCKS-Wall St rallies as Treasury yields fall after weak jobs data
2023-11-02,NVDA,0.042839301750063896,0.06572899967432022,0.022889697924256325,0.9113813042640686,The 3 Best AI Stocks to Buy Now: November Edition
2023-11-02,NVDA,0.9169698338955641,0.9444764256477356,0.027506591752171516,0.0280169527977705,"US STOCKS-US indexes up more than 1% on strong earnings, bets of peak US interest rates"
2023-11-02,NVDA,0.8557604476809502,0.9190161824226379,0.06325573474168777,0.017728159204125404,Qorvo (QRVO) Q2 Earnings Beat Estimates Despite Lower Revenues
2023-11-02,NVDA,0.0970106478780508,0.12004847079515457,0.023037822917103767,0.8569137454032898,3 Tech Stocks to Buy After Terrific Q3 Earnings 
2023-11-02,NVDA,0.7334902510046959,0.8466330766677856,0.11314282566308975,0.04022403806447983,"US STOCKS-Wall Street indexes rally on bets of peak US interest rates, strong earnings"
2023-11-01,NVDA,-0.9619640354067087,0.008285975083708763,0.9702500104904175,0.02146400697529316,Nvidia Might Lose Huge GPU Orders in China
2023-11-01,NVDA,0.8619885519146919,0.9144512414932251,0.05246268957853317,0.033086035400629044,AMD rises as AI chip sales prediction bodes well for rivalry with Nvidia
2023-11-01,NVDA,0.8315027309581637,0.839089035987854,0.007586305029690266,0.15332475304603577,Nokia (NOK) Unveils Vision to Boost Future Network Architecture
2023-11-01,NVDA,0.9117531236261129,0.940595805644989,0.028842682018876076,0.03056146949529648,AMD soars as AI chip sales prediction bodes well for rivalry with Nvidia
2023-11-01,NVDA,0.03233419731259346,0.04978497698903084,0.017450779676437378,0.9327642321586609,Should You Buy These 2 ‘Magnificent Seven’ Stocks Ahead of Earnings? Apple and Nvidia in Focus
2023-10-31,NVDA,-0.9456697525456548,0.012577312998473644,0.9582470655441284,0.029175633564591408,AMD forecasts fourth-quarter revenue below estimates
2023-10-31,NVDA,-0.9441949315369129,0.021809857338666916,0.9660047888755798,0.012185257859528065,"Monolithic Power (MPWR) Q3 Earnings Beat, Top Line Falls Y/Y"
2023-10-31,NVDA,0.6590295881032944,0.7722361087799072,0.11320652067661285,0.11455732583999634,US STOCKS-Wall St closes higher on eve of Fed decision; investors assess earnings
2023-10-31,NVDA,0.4578209538012743,0.47806596755981445,0.020245013758540154,0.5016889572143555,The 3 Best Growth Stocks for the Next 10 Years
2023-10-31,NVDA,0.3831246942281723,0.5184810757637024,0.1353563815355301,0.3461625576019287,US STOCKS-Wall St up slightly before Fed decision; investors assess earnings
2023-10-30,NVDA,-0.7262151036411524,0.023041745647788048,0.7492568492889404,0.22770139575004578,"Apple, Intel, AMD, Qualcomm, and NVIDIA: Is the CPU Market Overcrowded or Just Heating Up?"
2023-10-30,NVDA,0.9217943344265223,0.9382171630859375,0.016422828659415245,0.04535999894142151,5 Inverse Tech ETFs That Rose on Nasdaq Entry Into Correction
2023-10-30,NVDA,0.19232544861733913,0.20611411333084106,0.01378866471350193,0.7800971865653992,Your Guide to High-Yielding ETFs: Top 3 Picks in the 51-74% Range
2023-10-30,NVDA,0.06129792891442776,0.08002365380525589,0.018725724890828133,0.9012506008148193,Nvidia (NVDA) Beats Stock Market Upswing: What Investors Need to Know
2023-10-30,NVDA,0.10000093095004559,0.12305168062448502,0.02305074967443943,0.8538975715637207,3 Top-Rated AI Stocks To Scoop Up Now
2023-10-29,NVDA,-0.006106091663241386,0.029085559770464897,0.035191651433706284,0.935722827911377,Guru Fundamental Report for NVDA
2023-10-29,NVDA,0.5006245225667953,0.515045166015625,0.014420643448829651,0.4705341160297394,3 Better-Than-Nvidia AI Stocks to Buy While They’re Still Cheap
2023-10-29,NVDA,0.14983059745281935,0.16251932084560394,0.012688723392784595,0.8247919678688049,3 No-Brainer Vanguard ETFs to Buy Now
2023-10-29,NVDA,0.38627609610557556,0.4197542369365692,0.03347814083099365,0.5467676520347595,"A Bull Market Is Coming: 2 ""Magnificent Seven"" Stocks to Buy Hand Over Fist Before They Rally 36% and 52%, According to Wall Street"
2023-10-29,NVDA,-0.9549651499837637,0.009665453806519508,0.9646306037902832,0.025703854858875275,"Bargain Hunting in Semiconductor Stocks: Down 25%, Texas Instruments is a Top Stock to Buy"
2023-10-28,NVDA,-0.001431955024600029,0.031113585457205772,0.0325455404818058,0.9363409280776978,"Meta's Plans, Cyberattacks, and the EV Race"
2023-10-27,NVDA,0.7912740856409073,0.8513959646224976,0.06012187898159027,0.0884820967912674,Chipmaker Intel soars on signs of PC market recovery
2023-10-27,NVDA,0.8144020214676857,0.8688347339630127,0.054432712495326996,0.0767325833439827,"US STOCKS-Wall St eyes higher open on Amazon, Intel boost; inflation data in focus"
2023-10-27,NVDA,-0.03586607612669468,0.02238461561501026,0.05825069174170494,0.9193646907806396,"Stock Market News for Oct 27, 2023"
2023-10-27,NVDA,0.8250337168574333,0.8793030381202698,0.054269321262836456,0.06642763316631317,"US STOCKS-Nasdaq, S&P 500 edge higher as Amazon, Intel lift megacaps"
2023-10-27,NVDA,-0.9594542533159256,0.014407917857170105,0.9738621711730957,0.011729924008250237,"Juniper (JNPR) Q3 Earnings Beat Estimates, Revenues Fall Y/Y"
2023-10-26,NVDA,0.0011819135397672653,0.025732215493917465,0.0245503019541502,0.9497175216674805,"3D Systems (DDD) Report Preliminary 3Q Results, Scrap 2023 View"
2023-10-26,NVDA,-0.8364357426762581,0.06601672619581223,0.9024524688720703,0.03153088688850403,"CACI International (CACI) Q1 Earnings Miss, Revenues Beat"
2023-10-26,NVDA,0.2453512568026781,0.25550931692123413,0.010158060118556023,0.7343326210975647,AI Powerhouses: 3 Top Artificial Intelligence Stock Picks
2023-10-26,NVDA,-0.9453279441222548,0.012086623348295689,0.9574145674705505,0.03049882873892784,Will Top-Line Decline Hurt Monolithic Power (MPWR) Q3 Earnings?
2023-10-26,NVDA,-0.2742760144174099,0.046257052570581436,0.32053306698799133,0.6332099437713623,What's in Store for Microsoft (MSFT) After Blowout Earnings?
2023-10-25,NVDA,0.6696780361235142,0.699984610080719,0.03030657395720482,0.2697087526321411,"T-Mobile (TMUS) Q3 Earnings Beat Estimates, Guidance Raised"
2023-10-25,NVDA,0.29609979782253504,0.31015270948410034,0.014052911661565304,0.6757943630218506,Can Big Tech Stocks Thrive in a Higher Interest Rate Environment?
2023-10-25,NVDA,0.9332827366888523,0.9504824280738831,0.017199691385030746,0.03231796249747276,The Earnings Picture Continues to Improve
2023-10-25,NVDA,0.10547390580177307,0.11579183489084244,0.010317929089069366,0.8738902807235718,3 Top-Ranked Stocks for Growth Investors to Buy
2023-10-25,NVDA,-0.41179799661040306,0.04545149579644203,0.4572494924068451,0.4972990155220032,"Why Broadcom, Qualcomm, and Advanced Micro Devices Plunged Today"
2023-10-24,NVDA,-0.6466392129659653,0.1562490016222,0.8028882145881653,0.04086281731724739,US STOCKS-Wall Street eyes higher open as Treasury yields retreat; earnings in focus
2023-10-24,NVDA,0.4858740530908108,0.4959547817707062,0.010080728679895401,0.4939645230770111,Qualcomm unveils new PC laptop chip with AI features for 2024
2023-10-24,NVDA,0.11353452317416668,0.12506859004497528,0.011534066870808601,0.8633973598480225,3 Metaverse Stocks That Can Make You Very Rich by 2030
2023-10-24,NVDA,-0.16059822589159012,0.061363570392131805,0.22196179628372192,0.7166746258735657,Texas Instruments (TXN) Misses Q3 Earnings and Revenue Estimates
2023-10-24,NVDA,0.042429087683558464,0.06083938479423523,0.018410297110676765,0.9207503199577332,This Bank May Be the First Trillion-Dollar Financial Stock
2023-10-23,NVDA,0.1962791085243225,0.4743592143058777,0.2780801057815552,0.24756070971488953,"Hedge funds trim exposure to megacap tech stocks, banks say"
2023-10-23,NVDA,0.8764531128108501,0.8917495012283325,0.015296388417482376,0.09295408427715302,"These 2 ‘Magnificent Seven’ Stocks Have up to 155% Upside Potential, Analysts Say"
2023-10-23,NVDA,0.009760001674294472,0.03732360526919365,0.027563603594899178,0.9351127743721008,Guide to the Magnificent Seven Stocks & ETFs Investing
2023-10-23,NVDA,0.8754265867173672,0.8834906816482544,0.008064094930887222,0.10844526439905167,EXCLUSIVE-Nvidia to make Arm-based PC chips in major new challenge to Intel
2023-10-23,NVDA,0.007667277008295059,0.05096786469221115,0.04330058768391609,0.9057314991950989,"Monday Sector Leaders: Services, Technology & Communications"
2023-10-22,NVDA,0.6918432749807835,0.7117131352424622,0.019869860261678696,0.2684170603752136,Wall Street Thinks This AI Stock Has 56% Upside. I Think Another Rising AI Stock Can Do Better.
2023-10-22,NVDA,0.00951029360294342,0.04083425551652908,0.03132396191358566,0.9278417229652405,The 7 Best Tech Stocks To Buy Now: October 2023
2023-10-22,NVDA,0.005246171727776527,0.02975684590637684,0.02451067417860031,0.9457324147224426,Where Will TSMC Stock Be in 1 Year?
2023-10-22,NVDA,-0.006106134504079819,0.029085565358400345,0.035191699862480164,0.9357227087020874,Guru Fundamental Report for NVDA
2023-10-22,NVDA,0.673873477615416,0.6831448078155518,0.009271330200135708,0.30758392810821533,"Missed Out on Nvidia? 1 Artificial Intelligence (AI) Stock Could Be the ""Fastest-Growing Software Company,"" According to This Wall Street Analyst"
2023-10-21,NVDA,0.04065580666065216,0.055275626480579376,0.014619819819927216,0.9301044940948486,3 Things About Applied Digital That Smart Investors Know
2023-10-20,NVDA,0.9161929506808519,0.9432705640792847,0.02707761339843273,0.02965182065963745,ANALYSIS-US chip curbs give Huawei a chance to fill the Nvidia void in China
2023-10-20,NVDA,0.8955234196037054,0.9194012880325317,0.023877868428826332,0.05672087520360947,4 Stocks to Watch as Bitcoin Makes a Solid Rebound
2023-10-20,NVDA,0.600271999835968,0.7723632454872131,0.17209124565124512,0.05554556846618652,2 Outperforming Chip Stocks With Minimal China Exposure
2023-10-20,NVDA,-0.10771041363477707,0.029178790748119354,0.13688920438289642,0.8339319825172424,Jared Dillian Is Bracing for a 10-Year Stock Market Slump. Here’s How to Prepare.
2023-10-20,NVDA,0.07980299275368452,0.09102050215005875,0.011217509396374226,0.8977620005607605,3 Metaverse Stocks to Invest in for the Internet’s Next Evolution
2023-10-19,NVDA,0.04215653985738754,0.06864972412586212,0.02649318426847458,0.9048570990562439,"Zacks Earnings Trends Highlights: Microsoft, Apple, Alphabet, Nvidia and Tesla"
2023-10-19,NVDA,0.11840222962200642,0.13663028180599213,0.01822805218398571,0.8451416492462158,3 Robotics Stocks Ready to Rock and Roll in 2024
2023-10-19,NVDA,0.8811311032623053,0.8921459317207336,0.011014828458428383,0.09683932363986969,Unstoppable Nvidia Stock: Predictions Point to a Path to $650
2023-10-19,NVDA,0.2497777696698904,0.27952784299850464,0.029750073328614235,0.6907221078872681,3 AI Growth Stocks To Buy On the Dip
2023-10-19,NVDA,-0.0156843364238739,0.10414411872625351,0.11982845515012741,0.7760274410247803,Nvidia Stock Slips… But It’s Time to Buy the China AI Chip Dip
2023-10-18,NVDA,0.03901400603353977,0.06346642225980759,0.024452416226267815,0.912081241607666,SPMD ETF: Don’t Forget About Mid-Cap Stocks
2023-10-18,NVDA,-0.9581261025741696,0.011060799472033978,0.9691869020462036,0.019752323627471924,Markets Today: Stocks Slip on Set-Back in Diplomatic Efforts to Contain Israel-Hamas Conflict
2023-10-18,NVDA,-0.036664146929979324,0.0419200174510479,0.07858416438102722,0.8794957995414734,Morgan Stanley Maintains NVIDIA (NVDA) Overweight Recommendation
2023-10-18,NVDA,0.12355818040668964,0.13616059720516205,0.012602416798472404,0.8512369990348816,7 AI Stocks That Will Change the World (and Create Many Millionaires)
2023-10-18,NVDA,0.19831246510148048,0.2164854258298874,0.018172960728406906,0.7653416395187378,The Q3 Earnings Season Kicks Off Positively
2023-10-17,NVDA,-0.2777426056563854,0.022626090794801712,0.30036869645118713,0.6770052313804626,"Tuesday Sector Laggards: Utilities, Technology & Communications"
2023-10-17,NVDA,-0.5599493980407715,0.06241130828857422,0.6223607063293457,0.3152279853820801,Nvidia Stock Takes a Hit Amid China Restriction News - Time to Buy the Dip?
2023-10-17,NVDA,-0.6105912029743195,0.17447754740715027,0.7850687503814697,0.04045367240905762,Stocks Mixed as Bond Yields Climb on Strong U.S. Economic Reports
2023-10-17,NVDA,-0.19595366716384888,0.38609808683395386,0.5820517539978027,0.03185010328888893,Nvidia Stock (NASDAQ:NVDA): Analysts Remain Bullish Despite Expanded Chip Curbs
2023-10-17,NVDA,0.18740099668502808,0.5775532722473145,0.3901522755622864,0.032294418662786484,"GLOBAL MARKETS-Asian shares pare losses on China data, Mid East risk lifts oil"
2023-10-16,NVDA,0.0177420973777771,0.04002793878316879,0.022285841405391693,0.9376861453056335,"Top Analyst Reports for NVIDIA, Procter & Gamble & NextEra Energy"
2023-10-16,NVDA,0.01116546243429184,0.03594972938299179,0.02478426694869995,0.9392659664154053,"What Nvidia, Intel, and AMD Stock Investors Should Know About Recent Top AI Updates"
2023-10-16,NVDA,0.626858813688159,0.6488038301467896,0.021945016458630562,0.32925108075141907,Will Big Tech Earnings Results Boost Market Sentiment?
2023-10-16,NVDA,0.03647644817829132,0.07241245359182358,0.03593600541353226,0.8916515707969666,2 Unstoppable Stocks to Buy in October Like They're Going Out of Fashion
2023-10-16,NVDA,0.00463876873254776,0.048171304166316986,0.043532535433769226,0.9082961082458496,3 Reasons Why Growth Investors Shouldn't Overlook Nvidia (NVDA)
2023-10-15,NVDA,-0.006106134504079819,0.029085565358400345,0.035191699862480164,0.9357227087020874,Guru Fundamental Report for NVDA
2023-10-15,NVDA,0.38355139270424843,0.4182797372341156,0.03472834452986717,0.5469919443130493,The ‘Millionaire Playbook’ for Easy Profits in the AI Boom
2023-10-15,NVDA,-0.010437261313199997,0.031201016157865524,0.04163827747106552,0.9271607398986816,"Weekly Preview: Earnings to Watch This Week 10-15-23 (NFLX, TSLA)"
2023-10-15,NVDA,0.2785754967480898,0.28762736916542053,0.009051872417330742,0.7033207416534424,"Investors Should Be Following This 1 Development, Which Could Be Like Kryptonite for Nvidia"
2023-10-14,NVDA,0.10322951152920723,0.13363255560398102,0.03040304407477379,0.8359643220901489,"Don’t Let Nvidia Worry Warts Get You Down, The Future Is Bright as Ever"
2023-10-14,NVDA,0.8382774195633829,0.8456040024757385,0.007326582912355661,0.14706937968730927,Will AMD's Acquisition Be Enough to Help It Compete With Nvidia AI?
2023-10-14,NVDA,-0.046551965177059174,0.04281601309776306,0.08936797827482224,0.8678160309791565,Applied Digital Still Can't Impress Investors -- Time to Sell the Stock?
2023-10-13,NVDA,0.360343873500824,0.6682130694389343,0.30786919593811035,0.023917684331536293,"Infosys (INFY) Q2 Earnings Meet Estimates, Revenues Surpass"
2023-10-13,NVDA,0.9292619917541742,0.9401190280914307,0.010857036337256432,0.04902396351099014,InterDigital (IDCC) Expands Academic Partnership for 6G Research
2023-10-13,NVDA,0.015538964420557022,0.035462141036987305,0.019923176616430283,0.9446146488189697,See Which Of The Latest 13F Filers Holds NVIDIA
2023-10-13,NVDA,0.7336258562281728,0.740639328956604,0.007013472728431225,0.2523471415042877,Atlassian (TEAM) Buys Loom to Boost Collaboration Tool Abilities
2023-10-13,NVDA,0.00865534320473671,0.06356291472911835,0.05490757152438164,0.8815294504165649,Bull Market Turns 1: 5 Takeaways
2023-10-12,NVDA,0.27513936161994934,0.2971758544445038,0.022036492824554443,0.6807876229286194,3 Growth Stocks to Watch in the ‘Green Zone’
2023-10-12,NVDA,-0.9645905643701553,0.007920727133750916,0.9725112915039062,0.01956794038414955,Ericsson's (ERIC) Q3 Preliminary Results Show Revenue Slowdown
2023-10-12,NVDA,0.7040534410625696,0.7123875617980957,0.008334120735526085,0.27927830815315247,ON Semiconductor (ON) Enhances Imaging With Hyperlux LP
2023-10-12,NVDA,0.8235767730511725,0.8297890424728394,0.006212269421666861,0.16399867832660675,C3.ai (AI) Enhances Energy Sector with Shell Collaboration
2023-10-12,NVDA,0.40901933517307043,0.4198018014431,0.010782466270029545,0.5694157481193542,Varonis (VRNS) Opens Its First Local Data Center in Canada
2023-10-11,NVDA,0.8104230388998985,0.876293957233429,0.06587091833353043,0.057835083454847336,Nvidia Stock (NASDAQ:NVDA) Up 227% YTD. More Upside is Likely
2023-10-11,NVDA,0.07478090189397335,0.09019400179386139,0.015413099899888039,0.8943929672241211,3 Game-Changing AI Stocks for 2024
2023-10-11,NVDA,-0.36921314895153046,0.10429336130619049,0.47350651025772095,0.42220011353492737,"US STOCKS-Wall St eyes higher open as Treasury yields retreat, Fed minutes awaited"
2023-10-11,NVDA,-0.0053193289786577225,0.024129973724484444,0.029449302703142166,0.9464207887649536,NVDA Factor-Based Stock Analysis
2023-10-11,NVDA,0.7986479979008436,0.808127224445343,0.009479226544499397,0.18239355087280273,AMD Expands Open AI Software Capabilities With Nod.ai Buyout
2023-10-10,NVDA,-0.4397089183330536,0.23734977841377258,0.6770586967468262,0.08559153974056244,US STOCKS-Wall Street gains as Fed officials strike dovish tone
2023-10-10,NVDA,-0.010739713907241821,0.023855119943618774,0.034594833850860596,0.9415500164031982,NVDA Quantitative Stock Analysis
2023-10-10,NVDA,0.7876635268330574,0.7996556162834167,0.011992089450359344,0.18835236132144928,7 Innovator Stocks Primed for Exceptional Growth
2023-10-10,NVDA,0.028521372005343437,0.04458972439169884,0.0160683523863554,0.9393419027328491,Three Tech Firms to Watch in Internet ETF OGIG
2023-10-10,NVDA,0.16874547861516476,0.1787155121564865,0.009970033541321754,0.8113144040107727,Verizon (VZ) to Showcase 5G Innovations at Los Angeles Event
2023-10-09,NVDA,-0.9431759165599942,0.01439713966101408,0.9575730562210083,0.028029777109622955,US STOCKS-Wall Street declines on Middle East conflict
2023-10-09,NVDA,0.12747730687260628,0.1738138347864151,0.04633652791380882,0.7798495888710022,3 High-Momentum Tech Stocks Shooting for the Stars
2023-10-09,NVDA,0.10050464235246181,0.11357945948839188,0.013074817135930061,0.8733457326889038,The AI Race: Why AMD Deserves a Spot in Your Portfolio.
2023-10-09,NVDA,-0.9500669576227665,0.010230686515569687,0.9602976441383362,0.02947174198925495,Israel's tech sector could face disruptions after attacks - investors
2023-10-09,NVDA,0.012863319367170334,0.03218161314725876,0.019318293780088425,0.9485000967979431,"What TSMC, Mobileye, and Qualcomm Stock Investors Should Know About Recent Chip Updates"
2023-10-08,NVDA,0.5965885305777192,0.6105139255523682,0.013925394974648952,0.3755607306957245,Goldman Sachs Says Buy These 2 Tech Giants as the Upcoming Earnings Season Is a Potential Catalyst
2023-10-08,NVDA,0.062291670590639114,0.07956389337778091,0.0172722227871418,0.9031639099121094,Is This Stock-Split Artificial Intellgience (AI) Stock a Top Buy Right Now?
2023-10-08,NVDA,0.07084912061691284,0.08166623115539551,0.010817110538482666,0.907516598701477,Hedge Fund Investor Bill Ackman Just Loaded Up on This Top Artificial Intelligence (AI) Stock
2023-10-08,NVDA,0.4072556998580694,0.43318530917167664,0.025929609313607216,0.5408850312232971,"A Bull Market Is Coming: 2 Magnificent Stock-Split Growth Stocks That Could Soar 40% and 51%, According to Wall Street"
2023-10-07,NVDA,0.0219106562435627,0.04659551382064819,0.024684857577085495,0.9287196397781372,"AVGO, NVDA, or INTC: Which Chip Stock is the Best Pick?"
2023-10-07,NVDA,-0.022423820570111275,0.028593989089131355,0.05101780965924263,0.9203882217407227,Reviewing Mailbag Items and 5 Stocks Indistinguishable From Magic
2023-10-07,NVDA,-0.046341314911842346,0.04088892787694931,0.08723024278879166,0.871880829334259,MarketBeat Week in Review – 10/2 - 10/6
2023-10-06,NVDA,-0.9622620805166662,0.007473422680050135,0.9697355031967163,0.022791121155023575,Why Broadcom Stock Fell 10% in September
2023-10-06,NVDA,0.16727950796484947,0.18458473682403564,0.017305228859186172,0.7981100082397461,3 Machine Learning Stocks Ready to Make a Move Higher
2023-10-06,NVDA,0.01773039437830448,0.03696483001112938,0.019234435632824898,0.943800687789917,"What TSMC, Micron, and Nvidia Stock Investors Should Know About Recent Chip Updates"
2023-10-06,NVDA,-0.9246267694979906,0.013499734923243523,0.9381265044212341,0.048373788595199585,Nvidia Just Made Big Changes to Its Data Center Strategy -- Is This Bad News for AMD and Intel Stock Investors?
2023-10-06,NVDA,0.13817273546010256,0.1533930003643036,0.01522026490420103,0.8313867449760437,Seizing Opportunity: 3 Momentum Stocks to Buy
2023-10-05,NVDA,-0.05935949273407459,0.02337111346423626,0.08273060619831085,0.8938983082771301,October: Where Bear Markets go to Die
2023-10-05,NVDA,0.8100574193522334,0.818480372428894,0.008422953076660633,0.1730966717004776,Verizon (VZ) Introduces Enticing Offers in +Play Subscription
2023-10-05,NVDA,0.017157264053821564,0.04925794154405594,0.032100677490234375,0.9186413884162903,The 3 Top Tech Stocks to Watch in Q4 2023
2023-10-05,NVDA,-0.008875623345375061,0.0320027731359005,0.04087839648127556,0.9271187782287598,What Zacks Earnings Data Tells Us
2023-10-05,NVDA,-0.2619229331612587,0.10392933338880539,0.3658522665500641,0.5302184224128723,These 3 Quarterly Releases Could Surprise the Market
2023-10-04,NVDA,0.887797798961401,0.898609459400177,0.010811660438776016,0.09057885408401489,2 Stocks to Capitalize on the Thriving AI Industry
2023-10-04,NVDA,0.6077722273766994,0.666729211807251,0.05895698443055153,0.27431386709213257,"5 Low-Priced Tech Stocks with Massive Upside Potential, According to Analysts"
2023-10-04,NVDA,0.7942504780367017,0.8014683723449707,0.007217894308269024,0.19131377339363098,Microchip (MCHP) Expands in Space Domain With RT PolarFire FPGA
2023-10-04,NVDA,0.054089007899165154,0.07958319783210754,0.02549418993294239,0.8949226140975952,The 3 Top Growth Stocks to Watch in Q4 2023
2023-10-04,NVDA,0.12537345103919506,0.13513855636119843,0.009765105322003365,0.8550963401794434,Zero-Day Options ETFs: A New Way to Generate Income
2023-10-03,NVDA,0.9220045153051615,0.9326455593109131,0.01064104400575161,0.05671342834830284,"InterDigital (IDCC), IIT Kanpur Team Up to Boost 6G Innovation"
2023-10-03,NVDA,-0.04582417383790016,0.03921156004071236,0.08503573387861252,0.8757526874542236,Keybanc Maintains NVIDIA (NVDA) Overweight Recommendation
2023-10-03,NVDA,0.05637817084789276,0.08953441679477692,0.033156245946884155,0.8773093223571777,Q4 Stock Predictions: 3 AI Stocks Ready to Rock Into 2024
2023-10-03,NVDA,0.8415798805654049,0.8654485940933228,0.023868713527917862,0.11068267375230789,Q4 Stock Predictions: 3 Meme Stocks Ready to Move Higher Heading Into 2024
2023-10-03,NVDA,0.029190771281719208,0.04921957850456238,0.02002880722284317,0.9307515621185303,"Intel to spin out programmable chip unit, hold IPO in coming year"
2023-10-02,NVDA,0.03368301875889301,0.04737144708633423,0.013688428327441216,0.938940167427063,Goldman Sachs Maintains NVIDIA (NVDA) Buy Recommendation
2023-10-02,NVDA,-0.9414888303726912,0.013884218409657478,0.9553730487823486,0.030742758885025978,"US STOCKS-S&P 500 ends near flat; utilities drop, focus on rate outlook"
2023-10-02,NVDA,-0.1340753138065338,0.39987972378730774,0.5339550375938416,0.06616518646478653,Stocks Settle Mixed as Big Tech Gains Despite Rising Bond Yields
2023-10-02,NVDA,-0.6546589881181717,0.15349237620830536,0.808151364326477,0.038356296718120575,US STOCKS-S&P 500 ends near flat; focus on outlook for higher rates
2023-10-02,NVDA,0.007667277008295059,0.05096786469221115,0.04330058768391609,0.9057314991950989,"Monday Sector Leaders: Services, Technology & Communications"
2023-10-01,NVDA,-0.3009360730648041,0.3275388181209564,0.6284748911857605,0.04398628696799278,Wall St Week Ahead-US stock market’s powerhouses tested by soaring bond yields
2023-10-01,NVDA,0.029954112134873867,0.04324715584516525,0.013293043710291386,0.9434598088264465,"Buy This, Not That: 5 Growth Stocks to Own, 2 to Avoid"
2023-10-01,NVDA,0.6955873230472207,0.7103115320205688,0.01472420897334814,0.27496427297592163,2 AI Stocks With Bullish Catalysts & High Growth Prospects
2023-10-01,NVDA,-0.05308958888053894,0.1396823674440384,0.19277195632457733,0.6675456166267395,3 Semiconductor Stocks Set to Explode Higher
2023-10-01,NVDA,0.03047165274620056,0.04945572465658188,0.018984071910381317,0.9315601587295532,3 Robinhood Stocks to Buy and Hold Forever
2023-09-30,NVDA,-0.3000686317682266,0.180776908993721,0.48084554076194763,0.33837759494781494,"Chip, Dip, and Rebound Whip: Why Nvidia’s Lower Share Price Is a Buying Opportunity"
2023-09-30,NVDA,0.15578492637723684,0.16843420267105103,0.012649276293814182,0.8189164996147156,6 Green Flags for Cloudflare's Future
2023-09-30,NVDA,0.1462575551122427,0.17622286081314087,0.02996530570089817,0.7938117980957031,"Every Artificial Intelligence (AI) Stock Warren Buffett Owns, Ranked From Best to Worst"
2023-09-29,NVDA,0.8412912073545158,0.8484445810317993,0.0071533736772835255,0.14440201222896576,Docebo (DCBO) Expands Opportunities for Learning in MS Teams
2023-09-29,NVDA,-0.2591995298862457,0.3344092071056366,0.5936087369918823,0.07198210805654526,"US STOCKS-S&P 500, Nasdaq gain as softer PCE data supports rate-pause hopes"
2023-09-29,NVDA,0.04826601222157478,0.06696879118680954,0.018702778965234756,0.9143284559249878,The Full Tech Spectrum: Why the IGM ETF Stands Out
2023-09-29,NVDA,-0.3009360730648041,0.3275388181209564,0.6284748911857605,0.04398628696799278,Wall St Week Ahead-US stock market’s powerhouses tested by soaring bond yields
2023-09-29,NVDA,0.9168614465743303,0.9301105737686157,0.013249127194285393,0.056640274822711945,Intel Stock (NASDAQ:INTC): Prepare for This Chipmaker to Regain Its Footing
2023-09-28,NVDA,-0.9400071697309613,0.010460893623530865,0.9504680633544922,0.03907102346420288,Nvidia's French offices raided in cloud-computing competition inquiry - WSJ
2023-09-28,NVDA,0.30992202879860997,0.3166535198688507,0.006731491070240736,0.6766149997711182,DigitalOcean (DOCN) Empowers Startups With Managed Kafka
2023-09-28,NVDA,-0.9326324425637722,0.012953225523233414,0.9455856680870056,0.041461117565631866,"Down 37% from Highs, What’s Ahead for AMD Stock?"
2023-09-28,NVDA,-0.005404533818364143,0.02615058608353138,0.03155511990189552,0.9422942996025085,Interesting NVDA Put And Call Options For November 10th
2023-09-28,NVDA,0.9122715955600142,0.9233134984970093,0.01104190293699503,0.06564462929964066,IYW ETF: A Long-Term Winner in the Tech Sector
2023-09-27,NVDA,0.0464075468480587,0.06514251232147217,0.018734965473413467,0.916122555732727,What Can We Expect From Q3 Earnings?
2023-09-27,NVDA,0.8669080035760999,0.8752421736717224,0.00833417009562254,0.11642365902662277,Infosys (INFY) & Microsoft Team Up to Leverage AI Capabilities
2023-09-27,NVDA,-0.9464601427316666,0.020679578185081482,0.967139720916748,0.012180756777524948,Nvidia Stock (NASDAQ:NVDA): Analysts Remain Bullish on Generative AI Tailwinds
2023-09-27,NVDA,-0.11383819580078125,0.03201457858085632,0.14585277438163757,0.8221327066421509,"At $420, What Are The Risks For Nvidia Stock?"
2023-09-27,NVDA,0.881316443439573,0.8881708979606628,0.006854454521089792,0.104974664747715,T-Mobile (TMUS) Boosts Healthcare Network With Hybrid 5G
2023-09-26,NVDA,-0.421576663851738,0.12684179842472076,0.5484184622764587,0.3247396945953369,4 Crypto Stocks in Focus Amid Continued Market Volatility
2023-09-26,NVDA,-0.900015139952302,0.018768763169646263,0.9187839031219482,0.06244736537337303,Stocks Retreat on U.S. Economic Concerns
2023-09-26,NVDA,0.07721158862113953,0.09053578227758408,0.01332419365644455,0.8961399793624878,FTEC: Fidelity’s Overlooked Tech ETF 
2023-09-26,NVDA,-0.22418883070349693,0.03789016976952553,0.26207900047302246,0.7000308036804199,2 Recent IPOs Investors Can't Miss
2023-09-26,NVDA,0.25162914395332336,0.4952333867549896,0.24360424280166626,0.26116234064102173,Top Buy the Dip Prospects Near 52-Week Highs
2023-09-25,NVDA,-0.018706530332565308,0.039191462099552155,0.05789799243211746,0.902910590171814,Interest Rates Were Held Steady Last Week: Here Are 3 Stocks to Buy Now
2023-09-25,NVDA,0.22724768612533808,0.23868781328201294,0.011440127156674862,0.7498720288276672,This Growth Stock Could 10X in 10 Years
2023-09-25,NVDA,-0.44608423113822937,0.245787113904953,0.6918713450431824,0.062341488897800446,Stocks Under Pressure as Global Bond Yields Climb
2023-09-25,NVDA,-0.7219677604734898,0.035152848809957504,0.7571206092834473,0.20772652328014374,3 Beaten-Down Tech Stocks That Could Be Buys Right Now
2023-09-25,NVDA,0.734952986240387,0.8460552096366882,0.11110222339630127,0.04284249246120453,"US STOCKS-S&P 500, Nasdaq gain as megacaps rebound; rate concerns prevail"
2023-09-24,NVDA,0.4472013283520937,0.475868284702301,0.02866695635020733,0.4954647123813629,Betting Big: 3 AI Stocks Primed for a Breakout
2023-09-24,NVDA,0.02929728478193283,0.06834523379802704,0.03904794901609421,0.892606794834137,"GDP, Consumer Confidence and Other Can't Miss Items This Week"
2023-09-24,NVDA,-0.7379542514681816,0.06593240052461624,0.8038866519927979,0.1301809400320053,3 Chip Stocks Crushing the Market With More Room to Run
2023-09-24,NVDA,-0.9608479738235474,0.008101224899291992,0.9689491987228394,0.02294948510825634,2 Spectacular AI Growth Stocks Down 27.5% and 44% to Buy Now and Hold Forever
2023-09-24,NVDA,0.11070656962692738,0.12167985737323761,0.010973287746310234,0.8673468828201294,2 Hypergrowth Stocks to Buy in 2023 and Beyond
2023-09-23,NVDA,0.017295129597187042,0.040564700961112976,0.023269571363925934,0.9361656904220581,5 Stocks to Buy and Hold Forever
2023-09-23,NVDA,0.007643111050128937,0.04062160849571228,0.032978497445583344,0.926399827003479,Hidden Gems: 3 AI Stocks Flying Under the Radar
2023-09-23,NVDA,0.0814250847324729,0.09433963149785995,0.012914546765387058,0.892745852470398,"Got $1,500? You Can Confidently Add These 3 Stocks to Your Portfolio."
2023-09-23,NVDA,0.09463968873023987,0.40495625138282776,0.3103165626525879,0.28472721576690674,September Correction: 5 Hints of a Turnaround
2023-09-23,NVDA,0.004847664386034012,0.04008808359503746,0.03524041920900345,0.9246715307235718,Which Top Artificial Intelligence (AI) Stock Could Make Investors the Most Money This Decade? Here's Why It Just Might Be Google.
2023-09-22,NVDA,0.10455742850899696,0.15823589265346527,0.05367846414446831,0.7880856990814209,Nvidia (NVDA) Gains As Market Dips: What You Should Know
2023-09-22,NVDA,0.8839650433510542,0.8930289149284363,0.009063871577382088,0.0979071855545044,Splunk (SPLK) to Merge With Cisco for Improved AI Prowess
2023-09-22,NVDA,0.30906105786561966,0.3160412311553955,0.006980173289775848,0.676978588104248,Infosys' (INFY) Finacle Partners With Guaranty Trust Bank
2023-09-22,NVDA,0.02386052906513214,0.04365212470293045,0.01979159563779831,0.9365562796592712,"Here's How Nvidia, Apple, and Microsoft Could Pay You $1,000 Per Year in Dividend Income"
2023-09-22,NVDA,-0.7056736089289188,0.05153777822852135,0.7572113871574402,0.19125089049339294,Hawkish Fed Comments Weigh on Stocks
2023-09-21,NVDA,0.01761138066649437,0.039934463798999786,0.022323083132505417,0.9377424716949463,AI Stocks List: 3 Artificial Intelligence Plays Worth Watching
2023-09-21,NVDA,0.8300572708249092,0.9036992192268372,0.07364194840192795,0.022658787667751312,iShares Core S&P U.S. Growth ETF Experiences Big Inflow
2023-09-21,NVDA,0.01523159071803093,0.0342484712600708,0.01901688054203987,0.9467346668243408,Could Freshly IPO'd Arm Stock Be the Next Nvidia?
2023-09-21,NVDA,0.20220666471868753,0.21554453670978546,0.013337871991097927,0.771117627620697,3 Top-Ranked Tech Stocks to Buy for High Growth
2023-09-21,NVDA,0.09239976201206446,0.10289967805147171,0.010499916039407253,0.8866004347801208,What Investors Need to Know About Intel and TSMC's Unique Relationship -- They're More Than Just Competitors
2023-09-20,NVDA,-0.031125053763389587,0.20551162958145142,0.236636683344841,0.5578516721725464,3 Top-Ranked Tech Stocks Crushing the Market to Buy in Q4
2023-09-20,NVDA,0.3367317784577608,0.3633257746696472,0.026593996211886406,0.6100802421569824,Current Earnings Outlook Reflects Stability
2023-09-20,NVDA,0.3679764624685049,0.37945735454559326,0.011480892077088356,0.6090617179870605,Zscaler (ZS) Announces New Zero-Trust Security Solution
2023-09-20,NVDA,-0.9049849305301905,0.025080999359488487,0.930065929889679,0.04485299438238144,Stocks Slump as Bond Yields Climb on the Hawkish Fed Pause
2023-09-20,NVDA,-0.7215204276144505,0.021898623555898666,0.7434190511703491,0.23468241095542908,Why Intel Stock Took a Hit After Intel Innovation 2023 -- Is It an Overreaction?
2023-09-19,NVDA,0.037741126492619514,0.062261566519737244,0.02452044002711773,0.9132180213928223,Hidden Gems: 3 Tech Stocks Flying Under the Radar
2023-09-19,NVDA,0.35747070610523224,0.385783851146698,0.02831314504146576,0.5859030485153198,Intel pitches the 'AI PC' at software developer event
2023-09-19,NVDA,-0.962499032728374,0.009162534959614277,0.9716615676879883,0.019175786525011063,"Stitch Fix Earnings Miss Expectations, Customer Decline Continues, and Guidance Is Weak"
2023-09-19,NVDA,0.027637600898742676,0.04627418518066406,0.018636584281921387,0.9350892305374146,2 Quantum Computing Stocks To Watch For Your Mid-September 2023 List
2023-09-19,NVDA,0.10602071974426508,0.11597054451704025,0.009949824772775173,0.8740796446800232,3 Dividend Stocks for 100% Total Returns by 2025
2023-09-18,NVDA,0.06188196316361427,0.07563766092061996,0.013755697757005692,0.9106066823005676,1 Artificial Intelligence (AI) Growth Stock to Buy Hand Over Fist and 1 That You Should Steer Clear Of
2023-09-18,NVDA,0.1014060489833355,0.1111784279346466,0.009772378951311111,0.8790491819381714,Get a 48% Dividend from TSLA Stock — Here’s How
2023-09-18,NVDA,0.8487105770036578,0.8552583456039429,0.006547768600285053,0.13819393515586853,"CGI (GIB) Benefits From Expanding Clientele, Partner Base"
2023-09-18,NVDA,0.8666754672303796,0.8821389675140381,0.015463500283658504,0.10239745676517487,Infosys (INFY) Inks $1.5B AI Deal With a Global Company
2023-09-18,NVDA,-0.09760591387748718,0.041516274213790894,0.13912218809127808,0.8193615674972534,Stocks to Watch This Week: 3 Potential Movers
2023-09-17,NVDA,0.5932312021031976,0.6066607236862183,0.013429521583020687,0.3799097239971161,Can Nvidia Live Up to Its Sky-High Expectations?
2023-09-17,NVDA,0.6500497497618198,0.6614168882369995,0.011367138475179672,0.3272159993648529,ANALYSIS-Arm's stellar listing sets the stage for more SoftBank acquisitions
2023-09-17,NVDA,0.048082370311021805,0.061866629868745804,0.013784259557723999,0.9243491291999817,2 Under-the-Radar Gaming Stocks You Can Buy and Hold for the Next Decade
2023-09-17,NVDA,-0.0070188771933317184,0.02681783400475979,0.03383671119809151,0.9393454194068909,Where Will Nvidia Stock Be in 5 Years?
2023-09-17,NVDA,0.8218616247177124,0.8486990928649902,0.026837468147277832,0.12446340173482895,Crypto Space Sees a Plethora of Good News: 5 Stocks in Focus
2023-09-16,NVDA,0.11051005497574806,0.145455002784729,0.03494494780898094,0.8196000456809998,The 3 Most Undervalued AI Stocks to Buy in September 2023
2023-09-16,NVDA,0.45690831542015076,0.4752698838710785,0.018361568450927734,0.5063685774803162,The Next Nvidia: 3 AI Stocks That Could Break New Records
2023-09-16,NVDA,0.140543133020401,0.1570831686258316,0.016540035605430603,0.8263767957687378,1 Growth ETF That Could Make You a Stock Market Millionaire With Next to No Effort
2023-09-16,NVDA,-0.23222684301435947,0.027672206982970238,0.2598990499973297,0.7124287486076355,Is It Too Late to Buy Nvidia Stock?
2023-09-15,NVDA,0.05840374901890755,0.07946908473968506,0.02106533572077751,0.8994655013084412,I’m an Expert in Quantitative Investing. Here’s My 5 Tips to a Happy Financial Life.
2023-09-15,NVDA,0.23466194048523903,0.24356238543987274,0.008900444954633713,0.7475371956825256,Prediction: 2 Artificial Intelligence (AI) Growth Stocks That Will Join Apple and Microsoft in the $2 Trillion Club by 2033
2023-09-15,NVDA,-0.9509372934699059,0.009863413870334625,0.9608007073402405,0.02933589369058609,"Why AMD, Nvidia, Intel, TSMC, and Other Semiconductor Stocks Were Down Friday"
2023-09-15,NVDA,0.06363936886191368,0.07644187659025192,0.012802507728338242,0.9107556939125061,This Overlooked AI Chip Stock Could Be the Next Nvidia
2023-09-15,NVDA,-0.9532595230266452,0.010889356024563313,0.9641488790512085,0.02496185712516308,Stocks Slump as Tech Stock Weakness Weighs on the Overall Market
2023-09-14,NVDA,0.0264205327257514,0.04186912626028061,0.01544859353452921,0.9426822662353516,"What TSMC, ARM, AMD, Apple, and Nvidia Stock Investors Should Know About Recent Chip Updates"
2023-09-14,NVDA,0.5547145456075668,0.7517269253730774,0.19701237976551056,0.051260657608509064,US STOCKS-Wall Street rallies on economic data; Arm soars in debut
2023-09-14,NVDA,0.7856082292273641,0.7936123609542847,0.008004131726920605,0.19838353991508484,Magnite (MGNI) & Scope3 Team Up for Sustainable Advertising
2023-09-14,NVDA,0.8785219565033913,0.9198620319366455,0.04134007543325424,0.038797855377197266,SoftBank's Arm soars nearly 25% in market debut to $65 billion valuation
2023-09-14,NVDA,-0.8874696493148804,0.04949373006820679,0.9369633793830872,0.013542896136641502,Nvidia Stock (NASDAQ:NVDA): Down from All-Time Highs — Buy or Sell?
2023-09-13,NVDA,0.19239498302340508,0.21709321439266205,0.024698231369256973,0.7582085132598877,"Top-Ranked, Market- Beating Stocks to Buy for Surprising Value"
2023-09-13,NVDA,0.05824415013194084,0.0711032822728157,0.012859132140874863,0.9160376191139221,Apple (AAPL) Unveils New iPhone Models at September Event
2023-09-13,NVDA,0.06544441916048527,0.08305882662534714,0.01761440746486187,0.899326741695404,Which Fund Beats the Superstar QQQ ETF?
2023-09-13,NVDA,0.5923163220286369,0.6766862273216248,0.08436990529298782,0.23894385993480682,7 Sleeper Stocks Primed to Pack a Surprising Punch
2023-09-13,NVDA,0.018733631819486618,0.03445751219987869,0.015723880380392075,0.9498186111450195,SoftBank's Arm discusses pricing IPO at $52 per share -source
2023-09-12,NVDA,0.1599740767851472,0.16750644147396088,0.007532364688813686,0.8249611854553223,EXCLUSIVE-Arm to fetch at least $54.5 billion valuation in IPO -source
2023-09-12,NVDA,0.2924371212720871,0.30028510093688965,0.007847979664802551,0.6918668746948242,TSMC to invest up to $100 mln in Arm Holdings' IPO
2023-09-12,NVDA,-0.0431445874273777,0.023044664412736893,0.0661892518401146,0.910766065120697,"Top Stock Picks for Week of September 11, 2023"
2023-09-12,NVDA,0.21086177788674831,0.2316303551197052,0.020768577232956886,0.7476010918617249,3 Highly Ranked Stocks That Could Keep Rising
2023-09-12,NVDA,0.030141202732920647,0.05564809963107109,0.025506896898150444,0.918844997882843,Expectations Investing Part 1
2023-09-11,NVDA,0.13394959270954132,0.1688160002231598,0.03486640751361847,0.7963176369667053,The 3 Most Undervalued AI Chip Stocks to Buy in September 2023
2023-09-11,NVDA,0.6686988277360797,0.6791086792945862,0.010409851558506489,0.3104815185070038,How Salesforce Stock (NYSE:CRM) Can Thrive from the AI Wave
2023-09-11,NVDA,0.19956719502806664,0.22301940619945526,0.023452211171388626,0.753528356552124,QQQ vs. XLK: Which Top Tech ETF is Better?
2023-09-11,NVDA,0.9219391886144876,0.9358205199241638,0.01388133130967617,0.05029818043112755,"Snowflake (NASDAQ:SNOW): This AI Stock is a Strong Buy, Say Analysts"
2023-09-11,NVDA,0.4992772787809372,0.6143001914024353,0.11502291262149811,0.27067697048187256,"Dow Up 3 Straight Sessions, Nasdaq Leads on Tesla Upgrade"
2023-09-10,NVDA,0.9206350203603506,0.934726357460022,0.014091337099671364,0.0511823371052742,Vietnam Airlines To Sign Multi-billion-dollar Deal To Buy 50 Boeing 737 MAX Aircraft
2023-09-10,NVDA,0.05401754938066006,0.07363714277744293,0.019619593396782875,0.9067432284355164,3 Chip Stocks That Should Be on Every Investor’s Radar
2023-09-10,NVDA,-0.011281369253993034,0.02940252609550953,0.040683895349502563,0.9299135804176331,"Earnings, CPI and Other Key Things to Watch This Week"
2023-09-10,NVDA,0.10960601270198822,0.13337081670761108,0.023764804005622864,0.8428643941879272,"US, Vietnam firms hold business summit during Biden visit; AI deals unveiled"
2023-09-10,NVDA,0.11117616295814514,0.12289982289075851,0.011723659932613373,0.8653765320777893,2 AI Stocks to Transform Your Portfolio
2023-09-09,NVDA,0.08250056859105825,0.0945102870464325,0.012009718455374241,0.8934799432754517,2 Stock-Split Artificial Intelligence (AI) Stocks to Buy Hand Over Fist in September
2023-09-09,NVDA,0.009627774357795715,0.05393504723906517,0.044307272881269455,0.9017576575279236,Nvidia: Another Reason Why Buying This Artificial Intelligence (AI) Stock Is a No-Brainer Now
2023-09-09,NVDA,0.015605876222252846,0.046131033450365067,0.03052515722811222,0.9233437776565552,Could Intel's Mystery Foundry Customer Be Apple?
2023-09-09,NVDA,-0.5325636118650436,0.21386726200580597,0.7464308738708496,0.03970187529921532,AMD's Graphics Card Market Share Bounces Back
2023-09-09,NVDA,-0.051355982199311256,0.029536454007029533,0.08089243620634079,0.8895710706710815,3 Eye-Opening Numbers From Nvidia's Annual Report
2023-09-08,NVDA,0.06559418514370918,0.09561929106712341,0.03002510592341423,0.8743556141853333,Semiconductor Check: Buy the Dip in These Highly Ranked Stocks
2023-09-08,NVDA,0.07436797581613064,0.09026406705379486,0.015896091237664223,0.8938398361206055,Congress to hold new AI hearings as it works to craft safeguards
2023-09-08,NVDA,0.019429979845881462,0.03611660376191139,0.01668662391602993,0.9471968412399292,"What Nvidia, Intel, AMD, ASML, and Qualcomm Stock Investors Should Know About Recent Updates"
2023-09-08,NVDA,0.058173997327685356,0.07330287247896194,0.015128875151276588,0.9115682244300842,3 Top Value Stocks to Buy in the Tech Sector Right Now
2023-09-08,NVDA,0.005385927855968475,0.0591457337141037,0.05375980585813522,0.8870944380760193,1 Mega-Cap Chip Stock to Avoid in September
2023-09-07,NVDA,-0.19218410551548004,0.1371876448392868,0.32937175035476685,0.5334406495094299,3 Growth Stocks Likely to See a Late Summer Rally
2023-09-07,NVDA,0.4946120083332062,0.5278785228729248,0.03326651453971863,0.4388549327850342,Hold On! 3 Hyper Growth Stocks That May Get a Second Wind
2023-09-07,NVDA,0.007769901305437088,0.03544522076845169,0.027675319463014603,0.9368794560432434,The 3 Best EV Charging Stocks to Buy Now: September 2023
2023-09-07,NVDA,0.45690292585641146,0.46378082036972046,0.006877894513309002,0.5293412804603577,Bandwidth (BAND) Offers AI-Powered Customer Support Solution
2023-09-07,NVDA,0.912654391489923,0.9256055951118469,0.012951203621923923,0.061443161219358444,XLK ETF: This Long-Term Winner Still Looks Attractive
2023-09-06,NVDA,0.7482874970883131,0.7780618667602539,0.029774369671940804,0.19216372072696686,September Rally? 3 Technology Stocks to Buy Before Liftoff.
2023-09-06,NVDA,0.017709657549858093,0.04960986599326134,0.031900208443403244,0.918489933013916,Nvidia Is Eating Intel and AMD's Lunch -- the GPU vs. CPU Artificial Intelligence (AI) War Explained
2023-09-06,NVDA,-0.8789211623370647,0.0423806793987751,0.9213018417358398,0.03631754219532013,Stocks Fall as Economic Strength May Keep Interest Rates Higher for Longer
2023-09-06,NVDA,-0.9509821040555835,0.011486400850117207,0.9624685049057007,0.026045115664601326,US STOCKS-Wall St slides as economic data stokes inflation and interest rate worries
2023-09-06,NVDA,-0.9453749572858214,0.012955554760992527,0.958330512046814,0.028713935986161232,"US STOCKS-Wall St slides as services data stokes inflation worries, Apple drags"
2023-09-05,NVDA,0.19446321204304695,0.225325807929039,0.03086259588599205,0.7438116669654846,Stocks to Watch: 3 Smaller AI Players Ready for a Breakout
2023-09-05,NVDA,0.02488371543586254,0.05401288717985153,0.02912917174398899,0.916857898235321,SoftBank's Arm starts IPO road show in Baltimore to court T. Rowe Price
2023-09-05,NVDA,0.4506315737962723,0.5661415457725525,0.11550997197628021,0.3183485269546509,1 Top Chip Stock Ready to Ride Nvidia's AI Tailwinds Higher
2023-09-05,NVDA,0.017906583845615387,0.051579877734184265,0.03367329388856888,0.9147468209266663,Can Markets Resume Northward Journey in September? 5 Picks
2023-09-05,NVDA,0.05998910777270794,0.07558568567037582,0.015596577897667885,0.9088177680969238,"Noteworthy Tuesday Option Activity: NVDA, BA, RCL"
2023-09-04,NVDA,0.011382296681404114,0.03717853128910065,0.025796234607696533,0.937025249004364,The 3 Best AI Chip Stocks to Buy Now: September 2023
2023-09-04,NVDA,0.2855719798244536,0.29236316680908203,0.006791186984628439,0.7008456587791443,Nokia (NOK) Offers Compact 5G Antenna Solution in Philippines
2023-09-04,NVDA,0.14367658831179142,0.15844082832336426,0.014764240011572838,0.8267948627471924,3 AI Stocks with More Room to Run than Nvidia
2023-09-04,NVDA,0.37953825294971466,0.4367312490940094,0.05719299614429474,0.5060757398605347,September Rally? 3 AI Stocks to Buy Before Liftoff
2023-09-04,NVDA,0.024923183023929596,0.05335844308137894,0.02843526005744934,0.9182063341140747,"Buy, Sell or Hold? My Calls on the ‘Magnificent 7’ Stocks"
2023-09-03,NVDA,0.05160435102880001,0.07404414564371109,0.02243979461491108,0.9035160541534424,3 AI Stocks the Big Money Is Buying Now
2023-09-03,NVDA,0.20224339235574007,0.21105825901031494,0.008814866654574871,0.7801269292831421,The 3 Most Promising Ray Dalio Stocks to Own Now
2023-09-03,NVDA,0.5084616523236036,0.5209333300590515,0.012471677735447884,0.46659496426582336,Prediction: These 3 Stocks Could Be Among Wall Street's Largest by 2030
2023-09-03,NVDA,0.016764353960752487,0.038944121450185776,0.02217976748943329,0.9388760924339294,What Intel Stock Investors Should Know About Recent Updates
2023-09-02,NVDA,0.09118405170738697,0.10702624917030334,0.015842197462916374,0.8771315217018127,6 Spectacular Growth Stocks to Buy Now in September and Hold for the Long Term
2023-09-02,NVDA,0.03446395322680473,0.06912416964769363,0.0346602164208889,0.8962156176567078,Cybersecurity Is Big Business
2023-09-02,NVDA,0.06767279468476772,0.07894584536552429,0.011273050680756569,0.9097811579704285,EXCLUSIVE-SoftBank's Arm to ask for $47 to $51 per share in IPO -sources
2023-09-02,NVDA,0.03191059082746506,0.050743088126182556,0.0188324972987175,0.9304244518280029,Nvidia Stock Analysis: Let the Good Times Roll
2023-09-02,NVDA,0.06017483398318291,0.0844772681593895,0.02430243417620659,0.8912202715873718,People Seem to Think AI Is the Best Investing Opportunity of Our Lifetime. How True Is That?
2023-09-01,NVDA,0.8218616247177124,0.8486990928649902,0.026837468147277832,0.12446340173482895,Crypto Space Sees a Plethora of Good News: 5 Stocks in Focus
2023-09-01,NVDA,0.3971932213753462,0.41482508182525635,0.017631860449910164,0.567543089389801,Better Buy: Advanced Micro Devices vs. TSMC Stock
2023-09-01,NVDA,-0.5289020538330078,0.028066694736480713,0.5569687485694885,0.41496455669403076,"Another ""Worst Month"" for Stocks this September? Here's the Biggest Risk Right Now"
2023-09-01,NVDA,0.7593054100871086,0.7675450444221497,0.008239634335041046,0.22421535849571228,Alphabet (GOOGL) Boosts Google Cloud With H100-Powered A3 VMs
2023-09-01,NVDA,0.014101602137088776,0.039213892072439194,0.025112289935350418,0.9356738328933716,Buying Opportunities Abound? Here's What to Expect In September
2023-08-31,NVDA,0.10746486112475395,0.11914075165987015,0.011675890535116196,0.8691834211349487,The 7 Best Vanguard ETFs for 2023 [Build a Low-Cost Portfolio]
2023-08-31,NVDA,0.1613982291892171,0.17183437943458557,0.01043615024536848,0.8177294731140137,The 3 Most Promising Nasdaq Stocks to Own Now
2023-08-31,NVDA,0.018461689352989197,0.03724021464586258,0.018778525292873383,0.9439812302589417,Arm prepares to meet investors ahead of blockbuster IPO -sources
2023-08-31,NVDA,0.06940566003322601,0.08790498226881027,0.01849932223558426,0.8935956954956055,The Hot List: 7 Stocks That Won the Summer
2023-08-31,NVDA,0.04403100721538067,0.06047394871711731,0.01644294150173664,0.9230830669403076,7 Ultimate Buy-and-Hold Stock Picks for Forever Investors
2023-08-30,NVDA,0.677985206246376,0.8193542957305908,0.14136908948421478,0.0392765998840332,US STOCKS-Wall Street ends higher as economic data fuels rate-pause bets
2023-08-30,NVDA,-0.8789119645953178,0.04666496068239212,0.92557692527771,0.0277581587433815,US STOCKS-Wall St rises as weak economic data fuels rate-pause optimism
2023-08-30,NVDA,-0.14306201040744781,0.034422487020492554,0.17748449742794037,0.7880930304527283,Is AMD The Dark Horse Of The AI Silicon Race?
2023-08-30,NVDA,0.9170762244611979,0.9349424839019775,0.017866259440779686,0.04719119891524315,Verizon (VZ) Upgrades Spam Security for More Customer Connect
2023-08-30,NVDA,0.1599311511963606,0.1761186420917511,0.01618749089539051,0.8076938986778259,AI startup AI21 Labs valued at $1.4 bln after latest fund raise
2023-08-29,NVDA,0.0057387277483940125,0.04338271915912628,0.03764399141073227,0.9189733266830444,"Tuesday Sector Leaders: Technology & Communications, Services"
2023-08-29,NVDA,-0.5961194485425949,0.1728571206331253,0.7689765691757202,0.05816631391644478,US STOCKS-Wall Street rallies as jobs data fuels interest rate optimism
2023-08-29,NVDA,0.8745133504271507,0.8834306597709656,0.00891730934381485,0.10765208303928375,3 Inexpensive Mid Cap Tech Stocks With Good Growth Prospects
2023-08-29,NVDA,0.024768806993961334,0.12547481060028076,0.10070600360631943,0.7738192081451416,SPLG: The Market’s Lowest-Cost S&P 500 ETF
2023-08-29,NVDA,0.007334252819418907,0.03146311640739441,0.024128863587975502,0.9444080591201782,"What Nvidia, Intel, Google, and Tesla Stock Investors Should Know About Recent AI Updates"
2023-08-28,NVDA,-0.013299427926540375,0.10567246377468109,0.11897189170122147,0.7753556370735168,Is NVIDIA's chart still a screaming buy?
2023-08-28,NVDA,-0.7205927427858114,0.020563894882798195,0.7411566376686096,0.23827941715717316,3 Very Oversold Quantum Computing Stocks to Buy Right Now
2023-08-28,NVDA,-0.32147976383566856,0.052172426134347916,0.3736521899700165,0.5741753578186035,3 AI Stocks That Still Trade Under $10 Per Share
2023-08-28,NVDA,-0.0489368736743927,0.3642447292804718,0.4131816029548645,0.2225736826658249,Markets Enjoy Rare Win as August Winds Down
2023-08-28,NVDA,0.6302546262741089,0.7827578186988831,0.15250319242477417,0.06473898887634277,"US STOCKS-Wall Street ends higher as investors await US inflation, jobs data"
2023-08-27,NVDA,0.8705917242914438,0.8980570435523987,0.027465319260954857,0.07447770982980728,1 Reason Nvidia's Earnings Report Was Even More Fantastic Than Many Investors Might Realize
2023-08-27,NVDA,-0.03213893249630928,0.033392954617738724,0.065531887114048,0.9010751843452454,What's Next For Nvidia Stock After Blowout Q2
2023-08-27,NVDA,0.03979654423892498,0.05469841510057449,0.014901870861649513,0.9303997755050659,These 2 Nasdaq Stocks Could Carry Your Portfolio for Years
2023-08-27,NVDA,-0.07928062602877617,0.0388883613049984,0.11816898733377457,0.8429426550865173,AI in Gaming Doesn't Mean What You Think It Does... Yet
2023-08-27,NVDA,-0.8252274096012115,0.06444129347801208,0.8896687030792236,0.045890070497989655,Wall St Week Ahead-Historically stormy month of September may test US stock rally
2023-08-26,NVDA,0.2124308394268155,0.22280344367027283,0.010372604243457317,0.766823947429657,"1 Green Flag for Nvidia in 2023, and 1 Red Flag"
2023-08-26,NVDA,0.01821705885231495,0.03988635540008545,0.0216692965477705,0.9384443759918213,3 Stocks to Buy and Hold Forever
2023-08-26,NVDA,0.004932578653097153,0.03757050260901451,0.03263792395591736,0.9297916293144226,The 3 Best Defensive Stocks to Buy Now: August 2023
2023-08-26,NVDA,-0.08963861502707005,0.031153520569205284,0.12079213559627533,0.8480544090270996,MarketBeat Week in Review – 8/21 - 8/25
2023-08-26,NVDA,0.4177124323323369,0.42896130681037903,0.011248874478042126,0.559789776802063,Nvidia Capitalizes on Booming Artificial Intelligence (AI) Demand -- a Look at Data Center Updates
2023-08-25,NVDA,0.6925753839313984,0.7002223134040833,0.00764692947268486,0.292130708694458,These 3 Companies Recently Unveiled Fresh Buyback Programs
2023-08-25,NVDA,0.008511161431670189,0.031860850751399994,0.023349689319729805,0.944789469242096,"The Zacks Analyst Blog Highlights NVIDIA, IRBO, ROBO, AIQ and ROBT"
2023-08-25,NVDA,-0.8252274096012115,0.06444129347801208,0.8896687030792236,0.045890070497989655,Wall St Week Ahead-Historically stormy month of September may test US stock rally
2023-08-25,NVDA,0.027686268091201782,0.4865299463272095,0.4588436782360077,0.05462631955742836,US STOCKS-Indexes end higher in volatile trade as investors assess Powell speech
2023-08-25,NVDA,0.0845724968239665,0.09522951394319534,0.01065701711922884,0.8941134214401245,Invest in These Market Hotspots
2023-08-24,NVDA,-0.9576714946888387,0.007642893586307764,0.9653143882751465,0.027042673900723457,"Japanese shares drop nearly 2% on Advantest, Tokyo Electron slump"
2023-08-24,NVDA,0.33764757215976715,0.34788277745246887,0.010235205292701721,0.6418820023536682,Nokia (NOK) Introduces 25G PON Kit for High-Speed Connectivity
2023-08-24,NVDA,0.8368224389851093,0.8971454501152039,0.06032301113009453,0.0425315797328949,"GRAINS-Wheat rises as hot and dry weather raises supply risk, soybeans firm"
2023-08-24,NVDA,0.8855110444128513,0.9200816750526428,0.03457063063979149,0.04534768685698509,"While Investors Look Elsewhere, IBM Stock is Quietly Rallying"
2023-08-24,NVDA,0.04189061000943184,0.05908051133155823,0.01718990132212639,0.9237295389175415,Top-Rated Stocks to Buy After Earnings Outside of Nvidia (NVDA)
2023-08-23,NVDA,-0.056214023381471634,0.05638055130839348,0.11259457468986511,0.8310248851776123,Nvidia Smashes Wall Street Expectations (EPS Recap)
2023-08-23,NVDA,0.05946692079305649,0.0848558098077774,0.025388889014720917,0.889755368232727,Nvidia (NVDA) Q2 Earnings: How Key Metrics Compare to Wall Street Estimates
2023-08-23,NVDA,0.1642665285617113,0.18673472106456757,0.022468192502856255,0.7907971143722534,Intriguing Tech Stocks to Buy for a Market Rebound
2023-08-23,NVDA,0.1306319609284401,0.18107472360134125,0.050442762672901154,0.768482506275177,Nvidia Stock (NASDAQ:NVDA) Bulls — The Trend is Still Your Friend
2023-08-23,NVDA,0.6876891255378723,0.8134486675262451,0.1257595419883728,0.060791753232479095,Nvidia's forecast lifts AI stocks and Nasdaq futures
2023-08-22,NVDA,0.0798913948237896,0.0953710526227951,0.015479657799005508,0.8891493082046509,Should SPDR Portfolio S&P 500 Growth ETF (SPYG) Be on Your Investing Radar?
2023-08-22,NVDA,-0.9428463624790311,0.01286440622061491,0.955710768699646,0.031424880027770996,Stocks Fade on Weakness in Technology and Bank Shares
2023-08-22,NVDA,-0.9528327798470855,0.009140708483755589,0.9619734883308411,0.02888578735291958,"US STOCKS-Dow, S&P 500 end down as US interest-rate worries mount, bank shares slip"
2023-08-22,NVDA,0.03673809301108122,0.052333541214466095,0.015595448203384876,0.9320709705352783,Here's How Much You'd Have If You Invested $1000 in Nvidia a Decade Ago
2023-08-22,NVDA,0.3363539930433035,0.36707383394241333,0.03071984089910984,0.6022063493728638,Nvidia (NVDA) Just Overtook the 50-Day Moving Average
2023-08-21,NVDA,0.7959295026957989,0.8044369220733643,0.008507419377565384,0.18705564737319946,Strength in Technology Stocks Leads the Overall Market Higher
2023-08-21,NVDA,-0.031364306807518005,0.042978689074516296,0.0743429958820343,0.8826782703399658,Nvidia Earnings Preview Plus Other Top Ranked Semiconductor Stocks
2023-08-21,NVDA,-0.03087902069091797,0.3154276907444,0.346306711435318,0.33826565742492676,"US STOCKS-Nasdaq rallies with Nvidia, tech shares; investors look toward Jackson Hole"
2023-08-21,NVDA,0.8352705426514149,0.8869688510894775,0.05169830843806267,0.06133280694484711,GLOBAL MARKETS-US yields hit decade highs; European shares and Nasdaq rise
2023-08-21,NVDA,-0.019863564521074295,0.03910229727625847,0.058965861797332764,0.9019318222999573,The 2 Nasdaq Stocks to Watch This Week
2023-08-20,NVDA,-0.940091323107481,0.021183181554079056,0.9612745046615601,0.017542382702231407,GLOBAL MARKETS-Asia stutters as China doles out meagre rate cut
2023-08-20,NVDA,-0.5782831907272339,0.1922129988670349,0.7704961895942688,0.0372907780110836,GLOBAL MARKETS-Asia braces for disappointment on China rate cuts
2023-08-20,NVDA,0.007036348804831505,0.035484399646520615,0.02844805084168911,0.9360675811767578,"Jackson Hole Meeting, Earnings and Other Key Themes to Watch This Week"
2023-08-20,NVDA,-0.016052596271038055,0.029555007815361023,0.04560760408639908,0.9248374104499817,"Weekly Preview: Earnings to Watch This Week 8-20-23 (AFRM, NVDA)"
2023-08-19,NVDA,-0.7971614301204681,0.018048256635665894,0.815209686756134,0.16674202680587769,"Nvidia Stock (NASDAQ:NVDA): The Stakes Seem Too High, Heading Into Earnings"
2023-08-19,NVDA,-0.4596634805202484,0.0544264018535614,0.5140898823738098,0.43148374557495117,FTHI ETF: Why Its 8%+ Dividend Yield May Not be Good Enough
2023-08-19,NVDA,0.03641465213149786,0.051676977425813675,0.015262325294315815,0.9330607652664185,"Unusual Put Option Trade in NVIDIA (NVDA) Worth $3,054.39K"
2023-08-19,NVDA,0.039238499477505684,0.059940680861473083,0.0207021813839674,0.9193571209907532,The Bull Market in Artificial Intelligence Is Just Getting Started: 2 Big Reasons to Buy Nvidia Stock Right Now
2023-08-19,NVDA,0.0529231196269393,0.0661083534359932,0.013185233809053898,0.9207064509391785,Opinion: These Will Be the 5 Largest Stocks by 2030
2023-08-18,NVDA,-0.22396981716156006,0.37510377168655396,0.599073588848114,0.02582266367971897,Wedbush Reiterates NVIDIA (NVDA) Outperform Recommendation
2023-08-18,NVDA,-0.015369182452559471,0.02686440385878086,0.04223358631134033,0.9309020638465881,NVIDIA & 2 Other Reports to Watch Next Week
2023-08-18,NVDA,-0.8381700683385134,0.019829077646136284,0.8579991459846497,0.12217170000076294,Why Are Stocks Moving Lower?
2023-08-18,NVDA,0.07372531853616238,0.09548333287239075,0.02175801433622837,0.882758617401123,Investing Lessons from Rich Retirees
2023-08-18,NVDA,-0.7921072766184807,0.08996463567018509,0.8820719122886658,0.027963517233729362,"US STOCKS-S&P 500 ends near flat as energy, defensive sectors counter megacap declines"
2023-08-17,NVDA,0.011759288609027863,0.05276868864893913,0.04100940003991127,0.9062219262123108,The 7 Most Undervalued Meme Stocks to Buy Now: August 2023
2023-08-17,NVDA,0.5717538073658943,0.6160210967063904,0.04426728934049606,0.33971163630485535,"Notable ETF Inflow Detected - IWF, NVDA, GOOG, META"
2023-08-17,NVDA,0.003440670669078827,0.05137788504362106,0.047937214374542236,0.9006848931312561,The 3 Most Undervalued Blue-Chip Stocks to Buy Now: August 2023
2023-08-17,NVDA,-0.047083258628845215,0.03201175481081009,0.0790950134396553,0.8888932466506958,Garden Variety Pullback or Bear Market Beginning? (3 Clues)
2023-08-17,NVDA,0.014883477240800858,0.04731886461377144,0.03243538737297058,0.9202457666397095,3 Tech Stocks You’ll Regret Not Buying Soon
2023-08-16,NVDA,0.13156658411026,0.479832261800766,0.348265677690506,0.17190206050872803,"US STOCKS-S&P 500, Dow gain as Target results lift retailers; Fed minutes in focus"
2023-08-16,NVDA,0.3845893144607544,0.6191474199295044,0.23455810546875,0.1462944746017456,"US STOCKS-S&P 500, Dow rise as Target results lift retailers; focus on Fed minutes"
2023-08-16,NVDA,0.8785570422187448,0.8863421678543091,0.007785125635564327,0.10587270557880402,Oracle (ORCL) Achieves Authorization for Top-Secret Cloud Data
2023-08-16,NVDA,0.04363761097192764,0.09452803432941437,0.050890423357486725,0.8545815348625183,Think Nvidia Stock Is Too Expensive? 1 Incredible AI Stock to Buy Instead Before It Rockets Higher.
2023-08-16,NVDA,0.1378953098319471,0.14560875296592712,0.007713443133980036,0.846677839756012,ADTRAN (ADTN) Extends Mosaic One Suite for Gaming Community
2023-08-15,NVDA,-0.006932426244020462,0.060569923371076584,0.06750234961509705,0.8719276785850525,The 3 Most Undervalued Cheap Stocks to Buy Now: August 2023
2023-08-15,NVDA,0.02068951353430748,0.05292942374944687,0.03223991021513939,0.9148306250572205,Is Nvidia Stock a Buy Now?
2023-08-15,NVDA,-0.8712928928434849,0.05111246928572655,0.9224053621292114,0.02648214064538479,US STOCKS-Wall St ends lower; strong retail sales stoke interest rate worries
2023-08-15,NVDA,0.05122614651918411,0.069147989153862,0.017921842634677887,0.9129301905632019,"AI ""Gold Rush"": Focus on 3 Stocks Selling the ""Picks"""
2023-08-15,NVDA,0.20844469778239727,0.22931958734989166,0.020874889567494392,0.7498055100440979,Will Meta's Pullback Offer Buy Point After AI-Driven Surge?
2023-08-14,NVDA,0.8464130014181137,0.8911150097846985,0.04470200836658478,0.0641830712556839,Don’t Jump the Gun! 3 Hyper-Growth Stocks to Grab AFTER a 10% Dip
2023-08-14,NVDA,0.333944708108902,0.5781568884849548,0.24421218037605286,0.17763091623783112,"US STOCKS-S&P 500, Nasdaq end up as Nvidia surge leads megacap higher"
2023-08-14,NVDA,-0.9595528347417712,0.01129018235951662,0.9708430171012878,0.01786680705845356,GLOBAL MARKETS-Asia stocks stall at one-month lows as slowing China cuts rates
2023-08-14,NVDA,-0.9574212320148945,0.012746226042509079,0.9701674580574036,0.017086373642086983,"GLOBAL MARKETS-Asia stocks stall, yuan slips as China cuts rates"
2023-08-14,NVDA,0.38528309762477875,0.4051782786846161,0.01989518105983734,0.574926495552063,How Active TSPA Beat The Total Market Index Over One-Year
2023-08-13,NVDA,0.13646218832582235,0.1469247043132782,0.010462515987455845,0.8426128029823303,EXCLUSIVE-SoftBank in talks to buy Vision Fund's 25% stake in Arm -sources
2023-08-13,NVDA,0.0569398682564497,0.07383163273334503,0.016891764476895332,0.9092766642570496,Hedging Your Bets: The 2 Best Ways to Play Nvidia Stock Right Now
2023-08-13,NVDA,-0.006106134504079819,0.029085565358400345,0.035191699862480164,0.9357227087020874,Guru Fundamental Report for NVDA
2023-08-13,NVDA,0.06044898368418217,0.07131638377904892,0.010867400094866753,0.9178162217140198,Here's the 1 Warren Buffett Stock That's Most Likely to Join Apple and Microsoft in the $2 Trillion Club
2023-08-13,NVDA,0.05762576125562191,0.0747317522764206,0.017105991020798683,0.9081622958183289,3 Things About Nvidia the Smartest Investors Know
2023-08-12,NVDA,0.295890461653471,0.33164599537849426,0.03575553372502327,0.6325984597206116,"Every AI Stock Cathie Wood Owns, Ranked From Best to Worst"
2023-08-11,NVDA,-0.9460748694837093,0.012572381645441055,0.9586472511291504,0.028780363500118256,"US STOCKS-Nasdaq, S&P end lower as rising US Treasury yields sink big tech"
2023-08-11,NVDA,0.034583041444420815,0.052947115153074265,0.01836407370865345,0.9286887645721436,3 Machine Learning Stocks You Better Be Buying on Each and Every Dip
2023-08-11,NVDA,-0.8934819847345352,0.02947191894054413,0.9229539036750793,0.047574225813150406,Stocks Waver on Mixed U.S. Economic News
2023-08-11,NVDA,0.05520353466272354,0.0698288306593895,0.014625295996665955,0.9155458211898804,"GQG Partners adds Nvidia, Amazon, Apple in Q2"
2023-08-11,NVDA,-0.8860181644558907,0.03522985428571701,0.9212480187416077,0.043522223830223083,"US STOCKS-Big tech losses sink Nasdaq, S&P as US Treasury yields rise"
2023-08-10,NVDA,0.010285910218954086,0.044029444456100464,0.03374353423714638,0.9222269654273987,3 Semiconductor Stocks You’ll Regret Not Buying Soon
2023-08-10,NVDA,-0.012317132204771042,0.0321907140314579,0.04450784623622894,0.9233013987541199,monday.com (MNDY) to Report Q2 Earnings: What's in the Cards?
2023-08-10,NVDA,-0.314481221139431,0.10117775946855545,0.41565898060798645,0.48316332697868347,5 Signs a Market Bounce May Be Imminent
2023-08-10,NVDA,-0.19011149555444717,0.05708756297826767,0.24719905853271484,0.6957134008407593,Nvidia (NVDA) Stock Sinks As Market Gains: What You Should Know
2023-08-10,NVDA,-0.22543224692344666,0.30800196528434753,0.5334342122077942,0.15856380760669708,US STOCKS-Wall St rallies as July inflation data fuels Fed rate pause hopes
2023-08-09,NVDA,-0.042920710518956184,0.02392709068953991,0.0668478012084961,0.9092251062393188,"Top Stock Picks for Week of August 7, 2023"
2023-08-09,NVDA,-0.9407191714271903,0.013125733472406864,0.9538449048995972,0.03302933648228645,Stocks Close Lower Ahead of Thursday’s U.S. CPI Report
2023-08-09,NVDA,-0.9497162513434887,0.014461535960435867,0.9641777873039246,0.02136070840060711,"GLOBAL MARKETS-Global stocks slip before CPI data, dollar dips on China selling"
2023-08-09,NVDA,0.39135972410440445,0.4032934904098511,0.011933766305446625,0.5847727060317993,China's internet giants order $5 bln of Nvidia chips to power AI ambitions -FT
2023-08-09,NVDA,0.10852393135428429,0.12720659375190735,0.018682662397623062,0.8541107773780823,The 3 Best Machine Learning Stocks to Buy in August
2023-08-08,NVDA,0.017057713121175766,0.04701826348900795,0.029960550367832184,0.923021137714386,What's in the Cards for D-Wave Quantum's (QBTS) Q2 Earnings?
2023-08-08,NVDA,0.9310282282531261,0.9537549018859863,0.022726673632860184,0.02351846732199192,"RingCentral (RNG) Q2 Earnings Top Estimates, Revenues Up Y/Y"
2023-08-08,NVDA,-0.006331348791718483,0.02817392908036709,0.03450527787208557,0.9373208284378052,A Hidden AI Stock to Add to Your Portfolio
2023-08-08,NVDA,0.12441305071115494,0.14136730134487152,0.016954250633716583,0.8416785001754761,3 Nasdaq-100 Stocks That Look Cheap
2023-08-08,NVDA,0.7472000904381275,0.7653214335441589,0.018121343106031418,0.21655721962451935,Here's Why Super Micro Computer Stock Jumped 33% in July
2023-08-07,NVDA,0.6473178118467331,0.8020286560058594,0.15471084415912628,0.043260473757982254,US STOCKS-Wall St starts week higher; U.S. inflation in focus
2023-08-07,NVDA,0.28043073415756226,0.452282577753067,0.17185184359550476,0.37586554884910583,A Surging AI Stock That Wall Street Hates
2023-08-07,NVDA,-0.007155414670705795,0.032806847244501114,0.03996226191520691,0.9272308945655823,Roblox (RBLX) to Report Q2 Earnings: What's in the Cards?
2023-08-07,NVDA,0.037556642666459084,0.06001398339867592,0.022457340732216835,0.9175286889076233,"5 AI Stocks That Could Turn $50,000 Into $1 Million"
2023-08-07,NVDA,0.015538964420557022,0.035462141036987305,0.019923176616430283,0.9446146488189697,See Which Of The Latest 13F Filers Holds NVIDIA
2023-08-06,NVDA,0.9023669883608818,0.937903106212616,0.03553611785173416,0.026560842990875244,PREVIEW-SoftBank seen returning to profit as tech stocks gain
2023-08-06,NVDA,-0.006106134504079819,0.029085565358400345,0.035191699862480164,0.9357227087020874,Guru Fundamental Report for NVDA
2023-08-06,NVDA,0.04761361703276634,0.06962333619594574,0.022009719163179398,0.9083669781684875,Time to Bet on Nvidia? A Guide to Buying on the Dips.
2023-08-05,NVDA,-0.9578496403992176,0.00894341990351677,0.9667930603027344,0.024263545870780945,1 Super Semiconductor Stock Down 29% You'll Regret Not Buying on the Dip
2023-08-05,NVDA,0.016220062971115112,0.035766731947660446,0.019546668976545334,0.9446865916252136,"What Nvidia, Intel, and AMD Stock Investors Should Know About Recent Updates"
2023-08-05,NVDA,0.015326589345932007,0.058746691793203354,0.04342010244727135,0.8978331685066223,"Have Patience, Intel Investors! Why Payoff May Not Come Until 2025."
2023-08-05,NVDA,0.13538357242941856,0.14516380429267883,0.00978023186326027,0.845055878162384,This AI Stock Is Perfect for a Young Investor
2023-08-05,NVDA,-0.06730476394295692,0.024131659418344498,0.09143642336130142,0.8844319581985474,MarketBeat Week in Review – 07/31 - 08/04
2023-08-04,NVDA,0.030462635681033134,0.049583204090595245,0.01912056840956211,0.9312962293624878,"ANALYSIS-While AI takes the spotlight, infrastructure stocks shine"
2023-08-04,NVDA,-0.24164178222417831,0.02629075199365616,0.2679325342178345,0.7057766914367676,Fox (FOXA) to Report Q4 Earnings: What's in the Offing?
2023-08-04,NVDA,0.9114290215075016,0.9438963532447815,0.03246733173727989,0.023636288940906525,"Fortinet (FTNT) Q2 Earnings Beat Expectations, Sales Miss"
2023-08-04,NVDA,0.907277274876833,0.9407685399055481,0.033491265028715134,0.02574014477431774,"YELP's Q2 Earnings and Revenues Surpass Estimates, Rise Y/Y"
2023-08-04,NVDA,0.09600786957889795,0.10820917040109634,0.012201300822198391,0.8795894980430603,2 Stocks to Buy for the AI-Driven Robotaxi Race
2023-08-03,NVDA,-0.04038841091096401,0.027828047052025795,0.06821645796298981,0.9039555191993713,3 Lesser-Known AI Stocks to Add to Your Watchlist
2023-08-03,NVDA,-0.8910604789853096,0.0360943004488945,0.9271547794342041,0.03675093501806259,Qualcomm tumbles after signalling more pain from smartphone slump
2023-08-03,NVDA,0.22417281940579414,0.2799898087978363,0.05581698939204216,0.6641932725906372,3 AI Stocks to Buy Under $1 in August 2023
2023-08-03,NVDA,0.11253952700644732,0.12551060318946838,0.012971076183021069,0.8615183234214783,3 Cheap Machine Learning Stocks That Smart Investors Will Snap Up Now
2023-08-03,NVDA,0.126147098839283,0.1409846544265747,0.014837555587291718,0.844177782535553,7 Cheap Semiconductor Stocks That Smart Investors Will Snap Up Now
2023-08-02,NVDA,0.021001458168029785,0.08973439782857895,0.06873293966054916,0.8415326476097107,Earnings Estimates Reflect Stabilization
2023-08-02,NVDA,-0.9258252792060375,0.01802029088139534,0.9438455700874329,0.03813404589891434,"US STOCKS-Wall Street ends down, investors step back after Fitch US rating cut"
2023-08-02,NVDA,0.3375789001584053,0.4236503839492798,0.08607148379087448,0.4902781546115875,7 AI Stocks to Buy Under $5 in August 2023
2023-08-02,NVDA,-0.9526064889505506,0.008771310560405254,0.9613777995109558,0.029850825667381287,AMD shares fall as analysts worry AI chip targets may be ambitious
2023-08-02,NVDA,0.8998397644609213,0.9128392338752747,0.01299946941435337,0.07416129857301712,"AI chip firm Tenstorrent raises $100 mln from Hyundai, Samsung"
2023-08-01,NVDA,0.054756905883550644,0.09316343069076538,0.03840652480721474,0.8684300780296326,4 Reasons Carnival Shares May Keep Sailing North
2023-08-01,NVDA,0.6755974143743515,0.8023368120193481,0.12673939764499664,0.0709238275885582,"AMD Rises on AI-Powered Growth, But Another Nasdaq Stock Is Getting All the After-Hours Love"
2023-08-01,NVDA,0.14948035962879658,0.16445128619670868,0.014970926567912102,0.8205777406692505,3 Cheap AI Stocks That Smart Investors Will Snap Up Now
2023-08-01,NVDA,0.7175991572439671,0.7305311560630798,0.012931998819112778,0.2565368115901947,3 ‘Strong Buy’ Cybersecurity Stocks You Should Be Loading Up On Now
2023-08-01,NVDA,0.8849141504615545,0.8992284536361694,0.014314303174614906,0.08645731210708618,"AMD forecasts strong fourth quarter, AI chip launch"
2023-07-31,NVDA,0.010231595486402512,0.04318321868777275,0.03295162320137024,0.9238651990890503,"The Easiest Way to Remember the ""Magnificent 7"" Stocks -- And Why You Should Care"
2023-07-31,NVDA,0.923161655664444,0.9344849586486816,0.011323302984237671,0.05419168993830681,NULG: Check Out This Large-Cap Growth ETF’s Strong Performance
2023-07-31,NVDA,0.11909819394350052,0.15133705735206604,0.03223886340856552,0.8164240717887878,7 Stocks to Buy Before They Surpass 2021 Highs
2023-07-31,NVDA,-0.8592628408223391,0.01984374038875103,0.8791065812110901,0.10104972124099731,Chinese Equities: 3 Reasons the Worst is Over
2023-07-31,NVDA,0.28856589645147324,0.30351459980010986,0.014948703348636627,0.6815366744995117,"C3.ai Stock has Been a Massive Winner in 2023, Will the Rally Continue?"
2023-07-30,NVDA,-0.006106128916144371,0.029085570946335793,0.035191699862480164,0.9357227087020874,Guru Fundamental Report for NVDA
2023-07-30,NVDA,-0.6707227565348148,0.0565507672727108,0.7272735238075256,0.21617567539215088,3 Under-the-Radar AI Stocks with Huge Upside Potential
2023-07-30,NVDA,0.029528573155403137,0.16427887976169586,0.13475030660629272,0.7009708285331726,7 AI Penny Stocks that Could Hit $5 Soon
2023-07-30,NVDA,0.8758533634245396,0.9110050201416016,0.035151656717061996,0.053843364119529724,"Wall St Week Ahead-Hopes of 'Goldilocks' economy, rate peak buoy US stocks"
2023-07-30,NVDA,0.0011053774505853653,0.029486684128642082,0.028381306678056717,0.9421320557594299,Top Stocks To Buy Now? 3 Tech Stocks For Your List
2023-07-29,NVDA,0.9214106146246195,0.9379277229309082,0.01651710830628872,0.045555148273706436,Better AI Chip Stock: AMD vs. Nvidia
2023-07-29,NVDA,0.014554021880030632,0.04290204867720604,0.028348026797175407,0.9287499785423279,Nervous About Investing After the Stock Market's 2023 Rally? Consider This Warren Buffett Advice
2023-07-29,NVDA,0.7576203551143408,0.7693666219711304,0.011746266856789589,0.2188870757818222,Demand for Intel's AI Accelerators Is Exploding
2023-07-29,NVDA,0.7768226554617286,0.7876733541488647,0.010850698687136173,0.20147600769996643,1 Unstoppable Growth ETF That Could Turn $100 a Week Into $1.15 Million
2023-07-28,NVDA,0.8758533634245396,0.9110050201416016,0.035151656717061996,0.053843364119529724,"Wall St Week Ahead-Hopes of 'Goldilocks' economy, rate peak buoy US stocks"
2023-07-28,NVDA,0.02386125549674034,0.043252840638160706,0.019391585141420364,0.9373555779457092,"The Zacks Analyst Blog Highlights Home Depot, Philip Morris, IBM, NVIDIA and Delta Air Lines"
2023-07-28,NVDA,-0.0022896118462085724,0.04161672294139862,0.04390633478760719,0.9144769906997681,Time to Buy Intel or AMD Stock as Chip Slowdown Ends?
2023-07-28,NVDA,-0.07404076308012009,0.06455431133508682,0.1385950744152069,0.7968506217002869,Is QYLD ETF’s 11.3% Dividend a High-Yield Trap?
2023-07-28,NVDA,0.737881176173687,0.8512383103370667,0.11335713416337967,0.03540463745594025,US STOCKS-Wall Street ends week higher on US soft landing hopes
2023-07-27,NVDA,0.02159148082137108,0.041136033833026886,0.019544553011655807,0.9393194317817688,"META, MSFT, NVDA: 3 Buzzing Reddit Stocks Analysts Love"
2023-07-27,NVDA,0.17285045981407166,0.5625606179237366,0.3897101581096649,0.04772919416427612,"Intel turns unexpected profit, higher forecast as PC market slide slows"
2023-07-27,NVDA,-0.03509132005274296,0.028679145500063896,0.06377046555280685,0.9075503945350647,LEGR: Not Your Average Blockchain and Crypto ETF
2023-07-27,NVDA,0.1036796011030674,0.1337931603193283,0.03011355921626091,0.8360933065414429,3 Tech Stocks to Buy Before the Breakout
2023-07-27,NVDA,0.009222757071256638,0.03665085881948471,0.027428101748228073,0.9359210729598999,"Noteworthy Thursday Option Activity: AX, BKNG, NVDA"
2023-07-26,NVDA,-0.5844068229198456,0.06708177924156189,0.6514886021614075,0.281429648399353,Nvidia (NVDA) Dips More Than Broader Markets: What You Should Know
2023-07-26,NVDA,0.0764312744140625,0.1451275795698166,0.06869630515575409,0.7861761450767517,7 ‘Monster’ Stocks to Buy Right Now
2023-07-26,NVDA,0.9342305790632963,0.9565224051475525,0.022291826084256172,0.021185806021094322,F5 (FFIV) Q3 Earnings Show Positive Signs in Software Demand
2023-07-26,NVDA,0.2793274661526084,0.287708044052124,0.008380577899515629,0.7039114236831665,VTI ETF’s Simple but Powerful Strategy is a Long-Term Winner
2023-07-26,NVDA,0.23441710136830807,0.25202885270118713,0.017611751332879066,0.7303594350814819,Machine Learning Megatrends: 3 AI Stocks Set to Dominate
2023-07-25,NVDA,-0.10561653971672058,0.4135526716709137,0.5191692113876343,0.06727813929319382,Logitech's (LOGI) Q1 Earnings and Sales Outpace Expectations
2023-07-25,NVDA,0.059438541531562805,0.07023511081933975,0.010796569287776947,0.9189682602882385,Go Abroad with Alibaba (NYSE:BABA) for a Discounted AI Stock
2023-07-25,NVDA,0.027276530861854553,0.13199326395988464,0.10471673309803009,0.7632899880409241,3 AI Stocks to Before Before the Breakout
2023-07-25,NVDA,0.6843366175889969,0.824934720993042,0.1405981034040451,0.034467194229364395,Texas Instruments (TXN) Q2 Earnings and Revenues Beat Estimates
2023-07-25,NVDA,0.14174647442996502,0.15325842797756195,0.011511953547596931,0.8352296352386475,3 Millionaire-Maker Quantum Computing Stocks to Buy Before the Window Closes
2023-07-24,NVDA,0.06129961647093296,0.07145261764526367,0.010153001174330711,0.9183943867683411,Mizuho Maintains NVIDIA (NVDA) Buy Recommendation
2023-07-24,NVDA,0.5077596418559551,0.5299615859985352,0.022201944142580032,0.4478364586830139,"Notable ETF Inflow Detected - ITOT, NVDA, META, GOOG"
2023-07-24,NVDA,-0.9492126759141684,0.013422185555100441,0.9626348614692688,0.023942971602082253,"Cadence lifts full-year forecast, shares dip on short-term outlook"
2023-07-24,NVDA,-0.9501145556569099,0.012939386069774628,0.9630539417266846,0.024006692692637444,"Cadence lifts full year forecast, but shares drop on short-term outlook"
2023-07-24,NVDA,0.7323695737868547,0.7423275709152222,0.009957997128367424,0.24771445989608765,"Driven by AI boom, TSMC to invest $2.9 bln in advanced chip plant in Taiwan"
2023-07-23,NVDA,-0.006106128916144371,0.029085570946335793,0.035191699862480164,0.9357227087020874,Guru Fundamental Report for NVDA
2023-07-23,NVDA,0.1843858864158392,0.20304660499095917,0.018660718575119972,0.7782926559448242,"The ""Magnificent Seven"" Stocks Are Soaring Toward a Bull Market: 2 Ideal Index Funds to Buy Now"
2023-07-23,NVDA,0.14449377916753292,0.17206786572933197,0.02757408656179905,0.8003580570220947,Missed Out on Nvidia's Surge? Buy This Cheap AI Stock Before It Doubles.
2023-07-23,NVDA,0.09168344642966986,0.10315213352441788,0.01146868709474802,0.8853791356086731,"Warren Buffett Has a Clever Analogy for What It's Like to Be a Publicly Traded Company -- Elon Musk Agrees, as Far as Tesla's Concerned"
2023-07-22,NVDA,-0.11191734671592712,0.03140495717525482,0.14332230389118195,0.8252727389335632,MarketBeat Week in Review – 7/17 - 7/21
2023-07-22,NVDA,0.02835496887564659,0.04435519501566887,0.016000226140022278,0.9396445155143738,"1 Artificial Intelligence (AI) Growth Stock to Buy Hand Over Fist, and 1 That I Wouldn't Touch With a 10-Foot Pole"
2023-07-21,NVDA,0.000563938170671463,0.029174750670790672,0.02861081250011921,0.9422144889831543,"After Hours Most Active for Jul 21, 2023 : AMZN, LCID, INTC, AMC, NVDA, SIRI, WBD, EXR, ELS, CL, GE, PFE"
2023-07-21,NVDA,0.14333026111125946,0.259365439414978,0.11603517830371857,0.6245993375778198,Pre-Markets in Green to Close First Big Q2 Earnings Week
2023-07-21,NVDA,0.2519297990947962,0.2768603265285492,0.024930527433753014,0.6982091665267944,Will Big Tech Earnings Keep the Rally Going?
2023-07-21,NVDA,0.32506102323532104,0.6466042995452881,0.32154327630996704,0.03185239061713219,US STOCKS-Stocks end mixed; Dow up for tenth straight day
2023-07-21,NVDA,-0.8970033451914787,0.04351139813661575,0.9405147433280945,0.01597386598587036,US STOCKS-Stocks end mixed as heavyweights dip
2023-07-20,NVDA,-0.9421508172526956,0.01465089526027441,0.95680171251297,0.028547411784529686,"US STOCKS-Nasdaq, S&P fall as Tesla, Netflix weigh; Dow poised for ninth straight climb"
2023-07-20,NVDA,-0.01518930308520794,0.02294938825070858,0.03813869133591652,0.9389119148254395,7 Dividend Stocks That Are Screaming Buys Right Now: July 2023
2023-07-20,NVDA,-0.06028873473405838,0.03804357349872589,0.09833230823278427,0.863624095916748,Hidden Gems: 3 Stocks That Wall Street Is Missing Out On 
2023-07-20,NVDA,-0.920235700905323,0.02530335634946823,0.9455390572547913,0.029157515615224838,"US STOCKS-Tesla, Netflix pull Nasdaq and S&P lower, Dow ends higher"
2023-07-20,NVDA,0.030224017798900604,0.049643371254205704,0.0194193534553051,0.9309372901916504,3 Things Smart Investors Know About Taiwan Semiconductor
2023-07-19,NVDA,0.0850992500782013,0.0971127524971962,0.012013502418994904,0.8908737301826477,"3 AI Stocks to Buy to Turn $5,000 Into $1 Million"
2023-07-19,NVDA,0.12857079971581697,0.14293891191482544,0.014368112199008465,0.8426929712295532,"Amid a Paradigm Shift, is Intel Stock (NASDAQ:INTC) Worth Buying?"
2023-07-19,NVDA,0.1434757485985756,0.15481990575790405,0.01134415715932846,0.8338359594345093,"7 Tech Stocks to Buy to Turn $5,000 Into $1 Million"
2023-07-19,NVDA,-0.19011115655303001,0.05708754435181618,0.2471987009048462,0.6957137584686279,Nvidia (NVDA) Stock Sinks As Market Gains: What You Should Know
2023-07-19,NVDA,0.7975190542638302,0.8582048416137695,0.060685787349939346,0.08110936731100082,Stocks advance as earnings pick up; Dow notches 8th day of gains
2023-07-18,NVDA,0.005914989858865738,0.049687355756759644,0.043772365897893906,0.9065402746200562,3 Nasdaq Stocks to Watch After Index Rebalancing
2023-07-18,NVDA,-0.010739702731370926,0.023855112493038177,0.0345948152244091,0.9415501356124878,NVDA Quantitative Stock Analysis
2023-07-18,NVDA,0.06486647762358189,0.08576788753271103,0.020901409909129143,0.8933307528495789,4 Lessons From My First 100-Bagger
2023-07-18,NVDA,0.1370659600943327,0.1470630019903183,0.009997041895985603,0.8429399728775024,"7 Remarkable Stocks That Could Join Apple, Microsoft, Nvidia, Amazon, and Alphabet in the $1 Trillion Club"
2023-07-18,NVDA,0.08830542489886284,0.10520650446414948,0.016901079565286636,0.8778924345970154,3 Machine Learning Stocks for Getting Rich in 2023
2023-07-17,NVDA,-0.6115486323833466,0.12333348393440247,0.734882116317749,0.1417843997478485,U.S. chip lobby presses Biden to refrain from further China curbs
2023-07-17,NVDA,0.1825811956077814,0.19592292606830597,0.013341730460524559,0.7907353639602661,Snowflake Stock (NASDAQ:SNOW): This AI Stock Actually Looks Cheap
2023-07-17,NVDA,0.12392946798354387,0.13628500699996948,0.01235553901642561,0.8513594269752502,3 Zacks Computer & Technology Stocks to Buy for Value
2023-07-17,NVDA,0.01740940660238266,0.04904446005821228,0.03163505345582962,0.9193204641342163,"Chip cos, top US officials meet on China policy, source says"
2023-07-17,NVDA,0.060609676875174046,0.0752473697066307,0.014637692831456661,0.9101150035858154,What Makes Nvidia (NVDA) a Strong Momentum Stock: Buy Now?
2023-07-16,NVDA,-0.006600543856620789,0.032011859118938446,0.038612402975559235,0.9293757677078247,"Earnings, Retail Sales and Other Can't Miss Items This Week"
2023-07-16,NVDA,0.020458178594708443,0.03997412323951721,0.01951594464480877,0.9405099153518677,Could Nvidia Be the Next $2 Trillion Company?
2023-07-16,NVDA,-0.006106091663241386,0.029085559770464897,0.035191651433706284,0.935722827911377,Guru Fundamental Report for NVDA
2023-07-15,NVDA,0.03956640511751175,0.05297032743692398,0.013403922319412231,0.9336257576942444,"Unusual Put Option Trade in NVIDIA (NVDA) Worth $5,010.00K"
2023-07-15,NVDA,0.039581176824867725,0.05393727868795395,0.014356101863086224,0.9317066669464111,7 Blue-Chip Stocks That AI Is Loving in July 
2023-07-15,NVDA,0.07637358084321022,0.09338892996311188,0.017015349119901657,0.8895956873893738,Want to Get Richer? 7 Best Stocks to Buy and Hold for the Next Decade
2023-07-15,NVDA,0.048835973255336285,0.06276444345712662,0.013928470201790333,0.9233071208000183,"Unusual Put Option Trade in NVIDIA (NVDA) Worth $4,248.98K"
2023-07-15,NVDA,0.18008598685264587,0.18909399211406708,0.009008005261421204,0.8018980026245117,"1 Super Stock That Could Join Apple, Microsoft, Nvidia, Amazon, and Google in the $1 Trillion Club"
2023-07-14,NVDA,0.0731973685324192,0.08265671133995056,0.009459342807531357,0.9078839421272278,Roblox (RBLX) Open Beta Set for Launch on Meta Quest VR Headsets
2023-07-14,NVDA,0.28690730407834053,0.3000327944755554,0.01312549039721489,0.6868417263031006,Can Q2 Earnings Results Validate Tech Stock Valuations?
2023-07-14,NVDA,0.08154453337192535,0.09805946797132492,0.016514934599399567,0.8854256272315979,3 Biotech Stocks Using AI to Change Healthcare Forever
2023-07-14,NVDA,0.1455044262111187,0.17836759984493256,0.03286317363381386,0.7887692451477051,"S&P 500 Reclaims 4,500 Level: 5 Best Stocks in ETF"
2023-07-14,NVDA,-0.77007145434618,0.06393533200025558,0.8340067863464355,0.10205788910388947,"Why C3.ai Stock Dropped, but Microsoft and Nvidia Popped on Friday"
2023-07-13,NVDA,0.06010068207979202,0.16129471361637115,0.10119403153657913,0.7375112771987915,Thursday's ETF with Unusual Volume: DGRW
2023-07-13,NVDA,0.5237537026405334,0.7278392910957336,0.2040855884552002,0.06807507574558258,Stocks Finish Higher as Easing Price Pressures Curb Interest Rate Concerns
2023-07-13,NVDA,0.8471378609538078,0.9061352014541626,0.05899734050035477,0.03486747294664383,"US STOCKS-Wall St ends up, extends recent gains on cooling US inflation"
2023-07-13,NVDA,0.8529582917690277,0.9076535701751709,0.05469527840614319,0.037651143968105316,"US STOCKS-Wall St ends up, extends recent gains after producer prices data"
2023-07-13,NVDA,0.7912014843896031,0.7969244122505188,0.005722927860915661,0.19735263288021088,This Memory Semiconductor Stock Can Benefit From Nvidia's AI Demand
2023-07-12,NVDA,0.18492310121655464,0.19899016618728638,0.014067064970731735,0.786942720413208,3 AI Stocks to Catapult You into the Millionaires’ Club
2023-07-12,NVDA,0.8539505898952484,0.9054160118103027,0.05146542191505432,0.04311852902173996,US STOCKS-Nasdaq leads Wall St to higher close as CPI report lifts sentiment
2023-07-12,NVDA,-0.7680642977356911,0.024713359773159027,0.7927776575088501,0.18250901997089386,3 Semiconductor Stocks That Will Skyrocket Before 2025
2023-07-12,NVDA,-0.8561233058571815,0.03307446092367172,0.8891977667808533,0.0777277946472168,"Nvidia Just Invested in This Pharmaceutical Company, Causing Its Stock Price to Skyrocket"
2023-07-12,NVDA,0.7369198277592659,0.7761312127113342,0.03921138495206833,0.18465739488601685,Why Shares of Exscientia Jumped on Wednesday
2023-07-11,NVDA,-0.00399869866669178,0.027432141825556755,0.031430840492248535,0.9411369562149048,What Price Will Nvidia Stock Be in 10 Years?
2023-07-11,NVDA,-0.06559622101485729,0.028290683403611183,0.09388690441846848,0.8778223991394043,"Teen hacked Uber, Revolut and Grand Theft Auto maker, London court hears"
2023-07-11,NVDA,0.04691281542181969,0.067024365067482,0.020111549645662308,0.9128641486167908,VUG vs. SCHG: Which is the Top Growth ETF?
2023-07-11,NVDA,0.8115091174840927,0.8244892358779907,0.01298011839389801,0.16253067553043365,Best Performing Active ETFs of 1H 2023
2023-07-11,NVDA,0.12922757863998413,0.17609688639640808,0.04686930775642395,0.777033805847168,Nvidia (NVDA) Gains But Lags Market: What You Should Know
2023-07-10,NVDA,0.7408022452145815,0.754866898059845,0.014064652845263481,0.2310684323310852,Is iShares Core S&P U.S. Growth ETF (IUSG) a Strong ETF Right Now?
2023-07-10,NVDA,0.930244417861104,0.950164258480072,0.01991984061896801,0.029915885999798775,"SMH, XLK Deliver Dramatic Returns in 2023"
2023-07-10,NVDA,-0.5949314329773188,0.030175914987921715,0.6251073479652405,0.34471672773361206,3 AI Stocks That Will Skyrocket Before 2025
2023-07-10,NVDA,0.8970074132084846,0.9321532249450684,0.03514581173658371,0.0327010378241539,Why Nvidia Stock Rallied in June
2023-07-10,NVDA,-0.04962461069226265,0.04210270568728447,0.09172731637954712,0.8661699295043945,3 Cryptos That Will Skyrocket Before 2025
2023-07-09,NVDA,-0.006106091663241386,0.029085559770464897,0.035191651433706284,0.935722827911377,Guru Fundamental Report for NVDA
2023-07-09,NVDA,-0.38464899361133575,0.23285643756389618,0.6175054311752319,0.1496381312608719,"Wall St Week Ahead-As earnings loom, investors weigh recession resilience"
2023-07-09,NVDA,0.0590517520904541,0.08239242434501648,0.023340672254562378,0.8942669034004211,Is Taiwan Semiconductor Stock a Buy Now?
2023-07-08,NVDA,0.832363786175847,0.856826663017273,0.024462876841425896,0.11871051043272018,Better Stock Buy: C3.ai vs. Nvidia
2023-07-08,NVDA,0.021737996488809586,0.038836102932691574,0.01709810644388199,0.9440658092498779,Unveiling Palantir's AI Domination: Palantir Stock Analysis and CEO Alex Karp Interview
2023-07-08,NVDA,0.009712880477309227,0.03255985304713249,0.022846972569823265,0.9445931911468506,"Semiconductor Stocks: Here’s Where to Invest $1,000 Right Now"
2023-07-08,NVDA,0.01461000181734562,0.03422296792268753,0.01961296610534191,0.9461640119552612,"What AMD, Intel, TSMC, and Nvidia Stock Investors Should Know About Recent Updates"
2023-07-08,NVDA,0.0677720382809639,0.14096517860889435,0.07319314032793045,0.785841703414917,Wall Street Says Artificial Intelligence (AI) Stocks Could Send the S&P 500 Much Higher. Here's 1 Spectacular Index Fund to Buy Now
2023-07-07,NVDA,0.03375148493796587,0.04672112688422203,0.01296964194625616,0.9403092861175537,Validea Detailed Fundamental Analysis - NVDA
2023-07-07,NVDA,-0.0041878800839185715,0.02517177164554596,0.02935965172946453,0.9454686045646667,"The Zacks Analyst Blog Highlights NVIDIA, Palo Alto Networks, Celsius Holdings, Lennar and Kimberly-Clark"
2023-07-07,NVDA,0.7950776405632496,0.8410691022872925,0.04599146172404289,0.11293938010931015,AMD Stock: Do Analysts Expect the Ongoing Rally to Sustain?
2023-07-07,NVDA,0.04118097294121981,0.053876057267189026,0.01269508432596922,0.9334288835525513,8 Reasons to Add Nutanix (NTNX) Stock to Your Portfolio
2023-07-07,NVDA,0.91707350499928,0.9254135489463806,0.00834004394710064,0.06624648720026016,DigitalOcean (DOCN) Expands AI Footprint With Paperspace Buyout
2023-07-06,NVDA,-0.02681276947259903,0.02732359990477562,0.05413636937737465,0.9185400009155273,Google delays release of fully custom phone chip until 2025 - The Information
2023-07-06,NVDA,0.015538990497589111,0.0354621559381485,0.019923165440559387,0.9446146488189697,See Which Of The Latest 13F Filers Holds NVIDIA
2023-07-06,NVDA,0.3974064402282238,0.41603317856788635,0.018626738339662552,0.5653401017189026,"Notable ETF Inflow Detected - XLK, NVDA, ADBE, CRM"
2023-07-06,NVDA,0.05256219767034054,0.06723713129758835,0.01467493362724781,0.9180879592895508,Meta Platforms (META) Challenges Twitter With Threads App
2023-07-06,NVDA,0.23244714736938477,0.24074125289916992,0.008294105529785156,0.7509646415710449,Infosys (INFY) Launches Metaverse Museum Experience With ITHF
2023-07-05,NVDA,0.11055656336247921,0.1196703165769577,0.009113753214478493,0.8712159395217896,Oracle (ORCL) Provides Free Certified Training for Cloud & AI
2023-07-05,NVDA,0.26685976376757026,0.27444741129875183,0.007587647531181574,0.7179648876190186,‘High-Quality Growth Is the Key’: Billionaire Ken Fisher Stays Heavily Invested in These 2 Quality AI Growth Stocks
2023-07-05,NVDA,0.04891162924468517,0.06194031238555908,0.013028683140873909,0.9250309467315674,7 Reasons to Add Check Point (CHKP) Stock to Your Portfolio
2023-07-05,NVDA,-0.9466919042170048,0.009591188281774521,0.9562830924987793,0.03412565588951111,US STOCKS-Wall Street slips as investors await Fed minutes
2023-07-05,NVDA,0.08337296918034554,0.10507956892251968,0.02170659974217415,0.8732138276100159,3 Stocks to Make Your ‘Get Rich’ Dreams Come True
2023-07-04,NVDA,0.03522650711238384,0.05289366468787193,0.01766715757548809,0.9294391870498657,Amdocs (DOX) Acquires TEOCO Service Assurance Business Unit
2023-07-04,NVDA,0.11809386126697063,0.13329866528511047,0.01520480401813984,0.8514965176582336,3 Cheap Tech Stocks to Buy Before They Bounce Back
2023-07-04,NVDA,0.06604970246553421,0.08440493792295456,0.01835523545742035,0.8972398042678833,The 3 Best Metaverse Stocks to Buy in July
2023-07-04,NVDA,0.07173194736242294,0.09266598522663116,0.02093403786420822,0.886400043964386,The 3 Best AI Stocks to Buy in July
2023-07-04,NVDA,-0.010739713907241821,0.023855119943618774,0.034594833850860596,0.9415500164031982,NVDA Quantitative Stock Analysis
2023-07-03,NVDA,0.3657425716519356,0.402116060256958,0.03637348860502243,0.561510443687439,Nvidia (NVDA) Just Overtook the 20-Day Moving Average
2023-07-03,NVDA,0.21555023454129696,0.23771320283412933,0.022162968292832375,0.7401238679885864,Top 5 Big Winners of 1H 2023 With More Upside Left
2023-07-03,NVDA,0.02925988659262657,0.048879217356443405,0.019619330763816833,0.9315013885498047,Better Artificial Intelligence Stock: Adobe or Nvidia?
2023-07-03,NVDA,-0.014020456001162529,0.025207264348864555,0.039227720350027084,0.9355649948120117,Here's What to Expect for the Second Half of 2023
2023-07-03,NVDA,0.17522552330046892,0.1906352937221527,0.015409770421683788,0.7939549684524536,1H 2023 Belongs to Nasdaq Composite: Will the Rally Continue?
2023-07-02,NVDA,-0.006106134504079819,0.029085565358400345,0.035191699862480164,0.9357227087020874,Guru Fundamental Report for NVDA
2023-07-02,NVDA,0.8282206319272518,0.8670660257339478,0.03884539380669594,0.09408856183290482,"Wall St Week Ahead-After first-half rally, stocks' July winning streak on the line"
2023-07-02,NVDA,-0.1445353478193283,0.057961493730545044,0.20249684154987335,0.7395417094230652,Did Micron Fall Behind in Artificial Intelligence Memory?
2023-07-02,NVDA,0.0389072485268116,0.08223938941955566,0.043332140892744064,0.8744285106658936,Missed Out on Nvidia? My Best AI Stock to Buy and Hold.
2023-07-02,NVDA,0.0703346598893404,0.08298216760158539,0.012647507712244987,0.9043703079223633,Nvidia's New Budget Graphics Card Won't Change Anything
2023-07-01,NVDA,0.12467903178185225,0.13635879755020142,0.01167976576834917,0.8519614338874817,Peter Lynch Still Has a Lot to Teach Investors
2023-07-01,NVDA,0.9281605072319508,0.9511995315551758,0.02303902432322502,0.025761360302567482,AMD Stock Gained 74% Year-to-Date; Analysts Expect Continued Upswing Ahead
2023-06-30,NVDA,0.8728838190436363,0.9042860865592957,0.03140226751565933,0.06431170552968979,"US STOCKS-Wall St rallies as Apple hits $3 trillion in market cap, inflation cools"
2023-06-30,NVDA,0.8209238452836871,0.8277851939201355,0.006861348636448383,0.16535338759422302,"AMD's AI chips could match Nvidia's offerings, software firm says"
2023-06-30,NVDA,0.03018053248524666,0.04672277346253395,0.016542240977287292,0.9367349743843079,AI Stocks Alert: How to Identify the Winners in the AI Revolution
2023-06-30,NVDA,0.797817025333643,0.8455500602722168,0.04773303493857384,0.10671692341566086,"US STOCKS-Wall St rallies as inflation cools, Apple hits $3 trillion market value"
2023-06-30,NVDA,0.02446794882416725,0.052697502076625824,0.028229553252458572,0.9190728664398193,3 Stocks to Buy for June Contrarians
2023-06-29,NVDA,0.01581456884741783,0.03905374929308891,0.02323918044567108,0.9377070069313049,AI company Runway valued at $1.5 bln in latest funding - source
2023-06-29,NVDA,0.004769995808601379,0.03268501162528992,0.027915015816688538,0.9394000172615051,NVDA August 11th Options Begin Trading
2023-06-29,NVDA,-0.4865204468369484,0.03245051950216293,0.5189709663391113,0.44857847690582275,1 Magnificent AI Stock Not Named Nvidia That's Crushing the Market and Isn't Done Yet
2023-06-29,NVDA,-0.19011149555444717,0.05708756297826767,0.24719905853271484,0.6957134008407593,Nvidia (NVDA) Stock Sinks As Market Gains: What You Should Know
2023-06-29,NVDA,0.059814637526869774,0.07637821137905121,0.016563573852181435,0.9070582389831543,2H 2023 Market Outlook & Thematic ETF Ideas
2023-06-28,NVDA,0.5358529128134251,0.5738523602485657,0.03799944743514061,0.3881482183933258,"Apple stock hits record, on cusp of $3 trillion market value"
2023-06-28,NVDA,-0.9252077266573906,0.016362257301807404,0.941569983959198,0.04206782579421997,Why Alibaba Stock Wilted on Wednesday
2023-06-28,NVDA,-0.2267720103263855,0.36203914880752563,0.5888111591339111,0.04914974421262741,"US STOCKS-Nasdaq edges up, S&P 500, Dow decline slightly; more Fed rate hikes in focus"
2023-06-28,NVDA,0.9070106036961079,0.9351667761802673,0.02815617248415947,0.036676984280347824,"GLOBAL MARKETS-Nasdaq ends up, dollar strengthens as Powell hints at more rate hikes"
2023-06-28,NVDA,-0.007195122539997101,0.05005757883191109,0.05725270137190819,0.8926897048950195,The U.S. Is Considering New AI Chip Restrictions to China. Don't Sell Nvidia Stock Just Yet.
2023-06-27,NVDA,-0.08422698825597763,0.05403127521276474,0.13825826346874237,0.8077104687690735,US considering new restrictions on AI chip exports to China - WSJ
2023-06-27,NVDA,-0.7307233065366745,0.12201817333698273,0.8527414798736572,0.025240378454327583,"GLOBAL MARKETS-Asia shares hesitant, yen slide stokes intervention risk"
2023-06-27,NVDA,-0.026410456746816635,0.03434151038527489,0.06075196713209152,0.9049065113067627,Q2 Earnings: What Can Investors Expect?
2023-06-27,NVDA,0.6562154041603208,0.6680098176002502,0.011794413439929485,0.3201957046985626,Here’s 2023’s Best-Performing Actively-Managed ETF
2023-06-27,NVDA,0.8561199530959129,0.9133296608924866,0.05720970779657364,0.029460562393069267,US STOCKS-Wall Street closes higher as upbeat economic data allays slowdown fears
2023-06-26,NVDA,-0.950345303863287,0.015134308487176895,0.9654796123504639,0.01938607357442379,Japan's Nikkei heads for fourth straight decline as tech tumbles
2023-06-26,NVDA,-0.130187114700675,0.02005537785589695,0.15024249255657196,0.8297021389007568,Nvidia Stock (NASDAQ:NVDA): $1 Trillion Valuation May Not Last
2023-06-26,NVDA,0.46914021484553814,0.47837546467781067,0.00923524983227253,0.5123892426490784,Nvidia brings its AI computing platform to cloud data firm Snowflake
2023-06-26,NVDA,-0.07877656072378159,0.04547997564077377,0.12425653636455536,0.8302634954452515,Facts vs. Feelings: Dissecting Monday's Tech Pullback
2023-06-26,NVDA,-0.7623103745281696,0.030444692820310593,0.7927550673484802,0.17680025100708008,Why Nvidia Fell Today
2023-06-25,NVDA,0.09245090186595917,0.1587456613779068,0.06629475951194763,0.7749596238136292,4 Red Flags for Nvidia's Future
2023-06-25,NVDA,-0.006106134504079819,0.029085565358400345,0.035191699862480164,0.9357227087020874,Guru Fundamental Report for NVDA
2023-06-25,NVDA,0.523130688816309,0.5392716526985168,0.01614096388220787,0.4445873200893402,2 of the Top Growing Stocks on Earth
2023-06-25,NVDA,0.008102308958768845,0.04145921394228935,0.03335690498352051,0.925183892250061,Bull Market or Recession in 2023? Here's What Warren Buffett Says Investors Should Do Next
2023-06-24,NVDA,-0.01580408215522766,0.045136161148548126,0.06094024330377579,0.8939236402511597,One Major Risk With Investing in Artificial Intelligence Stocks
2023-06-24,NVDA,0.22644769959151745,0.23575815558433533,0.009310455992817879,0.7549313902854919,5 Super Semiconductor Stocks to Buy Hand Over Fist for the AI Revolution
2023-06-24,NVDA,-0.2322268784046173,0.02767220139503479,0.2598990797996521,0.712428629398346,Is It Too Late to Buy Nvidia Stock?
2023-06-23,NVDA,-0.0645630955696106,0.43920081853866577,0.5037639141082764,0.057035304605960846,US STOCKS-Wall Street set to snap weekly winning streak on Fed hawkishness
2023-06-23,NVDA,-0.9085723552852869,0.01933797262609005,0.927910327911377,0.05275162309408188,"Wall Street ends down, snaps weekly winning streak on Fed worries"
2023-06-23,NVDA,0.21655742824077606,0.3453567624092102,0.12879933416843414,0.5258439183235168,IXN: This Global Tech ETF Has Been Surging. Can It Continue?
2023-06-23,NVDA,0.20651662349700928,0.2227305918931961,0.01621396839618683,0.7610554099082947,5 Must-Buy High-Flying Stocks for Sparkling Returns
2023-06-23,NVDA,0.01434638723731041,0.04347299039363861,0.0291266031563282,0.9274003505706787,"Why Invest in S&P 500 ETFs? Diving Into SPY, VOO, and IVV"
2023-06-22,NVDA,0.11734309792518616,0.1668703407049179,0.04952724277973175,0.7836024165153503,AI Everywhere: 7 AI Stocks to Buy as Adoption Skyrockets
2023-06-22,NVDA,0.24428409337997437,0.2861011028289795,0.04181700944900513,0.6720818877220154,Post-Nvidia Boom: 3 Potential Windfall Stocks Ready to Surge
2023-06-22,NVDA,0.9345884704962373,0.9432184100151062,0.008629939518868923,0.04815175011754036,AMD Strengthens HPE's Storage Solutions With EPYC Processors
2023-06-22,NVDA,0.9015727927908301,0.9162052869796753,0.014632494188845158,0.06916223466396332,Nvidia DGX: Workhorse of AI Will Drive NVDA to $2 Trillion
2023-06-22,NVDA,0.15459389612078667,0.18784089386463165,0.033246997743844986,0.7789121270179749,"Moderating Inflation, a Tasty IPO, Bull Market Talk, and More"
2023-06-21,NVDA,0.7333590500056744,0.7896283864974976,0.056269336491823196,0.15410223603248596,Q2 Earnings: An Early Preview
2023-06-21,NVDA,0.04644453804939985,0.061242058873176575,0.014797520823776722,0.9239604473114014,Why IBM Stock (NYSE:IBM) Belongs on Your AI Must-Watch List
2023-06-21,NVDA,-0.012193406000733376,0.030856924131512642,0.04305033013224602,0.9260926842689514,7 Chip Stocks to Buy if You Missed Out on NVDA
2023-06-21,NVDA,0.08536405116319656,0.12729215621948242,0.04192810505628586,0.8307797312736511,Why We Believe We Are in the Early Innings of a Tech Recovery
2023-06-21,NVDA,0.03609517775475979,0.0592351034283638,0.02313992567360401,0.9176249504089355,How to Retire Rich: Metaverse Stocks Edition
2023-06-20,NVDA,0.6367595940828323,0.6475988626480103,0.010839268565177917,0.341561883687973,Swap Nvidia for These 3 Untapped AI Stocks Primed for a Breakout
2023-06-20,NVDA,0.027042388916015625,0.047226231545209885,0.02018384262919426,0.9325898885726929,NVIDIA vs. AMD: How To Decide Which Is The Better Stock For You
2023-06-20,NVDA,0.3244283404201269,0.33359500765800476,0.009166667237877846,0.6572383046150208,Semiconductors Paving Way for Generative AI Boom
2023-06-20,NVDA,0.03353290073573589,0.06134651601314545,0.027813615277409554,0.9108399152755737,What Bubble? 4 Incredible Numbers That Show AI Is the Real Deal.
2023-06-20,NVDA,0.6188149154186249,0.6981037855148315,0.07928887009620667,0.2226073145866394,The Most Upgraded Stocks In Q2
2023-06-19,NVDA,0.020651843398809433,0.05655911564826965,0.03590727224946022,0.907533586025238,Is the Bear Market Over? Big Tech Already Told You the Answer
2023-06-19,NVDA,0.13982290774583817,0.15249952673912048,0.012676618993282318,0.8348238468170166,"META, CRWD, or NVDA: Which “Strong Buy” Tech Stock Could Offer the Highest Upside?"
2023-06-19,NVDA,0.04696553014218807,0.06379561871290207,0.016830088570713997,0.9193742871284485,FOCUS-Inside China's underground market for high-end Nvidia AI chips
2023-06-19,NVDA,0.6562687885016203,0.666752278804779,0.01048349030315876,0.32276415824890137,6 Chip Stocks to Buy Now Thanks to AI and Advanced Chip Packaging
2023-06-19,NVDA,0.0448748292401433,0.05929066613316536,0.01441583689302206,0.9262934327125549,Why You Should Consider Investing in the S&P 500 (SPY) ETF
2023-06-18,NVDA,0.16986299492418766,0.19447363913059235,0.024610644206404686,0.7809157371520996,"This AI Stock May Be a Bit Overpriced, but I Think the Hype Is Right"
2023-06-18,NVDA,0.25340747833251953,0.2640792727470398,0.010671794414520264,0.7252489328384399,AMD Could Score This Blockbuster Customer for Its New AI Chips -- Here's Why the Stock Is a Buy Now
2023-06-18,NVDA,-0.006106134504079819,0.029085565358400345,0.035191699862480164,0.9357227087020874,Guru Fundamental Report for NVDA
2023-06-18,NVDA,0.36913610994815826,0.38774052262306213,0.01860441267490387,0.5936550498008728,3 Tech Titans Leading the Charge Toward $10 Trillion Valuation
2023-06-18,NVDA,0.04017905332148075,0.0630478635430336,0.02286881022155285,0.9140833616256714,Want to Get Richer? 5 Top Stocks to Buy Now and Hold Forever
2023-06-17,NVDA,0.7645232202485204,0.7723642587661743,0.007841038517653942,0.21979476511478424,"This Is the Real Winner of the AI Arms Race, and It Is Way Cheaper Than Nvidia"
2023-06-17,NVDA,-0.09431500360369682,0.0537521131336689,0.14806711673736572,0.7981806993484497,These 2 Popular AI Stocks Have Been On Fire -- Here's Why I'm Not Buying Either
2023-06-17,NVDA,0.006755061447620392,0.029966920614242554,0.023211859166622162,0.9468212127685547,3 Questions Every Investor Should Ask Before Buying AI Stocks
2023-06-16,NVDA,0.4674276765435934,0.4790832996368408,0.011655623093247414,0.5092610716819763,"Micron Building Goodwill In Asia, Near $2 Billion Investment"
2023-06-16,NVDA,0.41810037195682526,0.6233014464378357,0.20520107448101044,0.1714974194765091,Wall St Week Ahead-Investor skepticism turns to optimism as U.S. stock rally rolls on
2023-06-16,NVDA,0.03375149145722389,0.04672112688422203,0.012969635426998138,0.9403092861175537,Validea Detailed Fundamental Analysis - NVDA
2023-06-16,NVDA,0.89745107665658,0.9352893233299255,0.037838246673345566,0.026872506365180016,"Adobe (ADBE) Q2 Earnings & Revenues Beat Estimates, Rise Y/Y"
2023-06-16,NVDA,0.8581487908959389,0.9085023403167725,0.05035354942083359,0.04114409536123276,US STOCKS-Wall Street set for weekly gains on hopes rates are near peak
2023-06-15,NVDA,0.9043042361736298,0.9184558391571045,0.014151602983474731,0.06739252060651779,Microsoft notches record high valuation of nearly $2.6 trillion
2023-06-15,NVDA,0.1137265544384718,0.12290692329406738,0.009180368855595589,0.8679127097129822,Future Mobility ETFs: Under the Hood
2023-06-15,NVDA,0.02489727921783924,0.04814675822854042,0.02324947901070118,0.9286037683486938,How to Retire Rich: Semiconductor Stocks Edition
2023-06-15,NVDA,0.09035940282046795,0.1027238667011261,0.01236446388065815,0.8849117159843445,ETF Investing Strategies for 2H 2023
2023-06-15,NVDA,0.6273027341812849,0.6361356973648071,0.008832963183522224,0.3550313413143158,Progress (PRGS) Helps Developers With Latest R2 2023 Release
2023-06-14,NVDA,0.17880587931722403,0.18860486149787903,0.009798982180655003,0.8015961050987244,EXCLUSIVE-Amazon's cloud unit is considering AMD's new AI chips
2023-06-14,NVDA,0.856833697296679,0.8645612001419067,0.007727502845227718,0.12771128118038177,Cathie Wood Thinks This AI Semiconductor Stock Is a Better Buy Than Nvidia
2023-06-14,NVDA,0.0960489371791482,0.10621697455644608,0.010168037377297878,0.8836150169372559,"If You Love Microsoft Stock, You’ll Love This ETF"
2023-06-14,NVDA,-0.23736697435379028,0.3658958077430725,0.6032627820968628,0.030841384083032608,US STOCKS-US stocks end mixed after Fed signals more rate hikes to come
2023-06-14,NVDA,0.24663330521434546,0.258126825094223,0.011493519879877567,0.7303796410560608,3 (Almost) Trillion-Dollar Tech Giants That Still Have Room to Run
2023-06-13,NVDA,0.17880587931722403,0.18860486149787903,0.009798982180655003,0.8015961050987244,EXCLUSIVE-Amazon's cloud unit is considering AMD's new AI chips
2023-06-13,NVDA,0.01055920496582985,0.03387816250324249,0.023318957537412643,0.9428028464317322,"The Zacks Analyst Blog Highlights Johnson & Johnson, Oracle, HSBC, NVIDIA and The Cigna Group"
2023-06-13,NVDA,0.03924625739455223,0.05980921909213066,0.02056296169757843,0.919627845287323,3 Strong-Buy-Rated AI Stocks to Watch
2023-06-13,NVDA,-0.22944707423448563,0.07048734277486801,0.29993441700935364,0.6295782327651978,Why C3.ai Stock Popped Today
2023-06-13,NVDA,0.1561446562409401,0.16374318301677704,0.007598526775836945,0.8286582827568054,AMD says Meta is using its cloud chip as it rolls out AI strategy update
2023-06-12,NVDA,0.8611699286848307,0.8850677013397217,0.023897772654891014,0.09103459864854813,3 Stocks to Rally if the Fed is Done Raising Rates
2023-06-12,NVDA,0.06787497829645872,0.07900014519691467,0.011125166900455952,0.909874677658081,Intel in talks to be anchor investor in Arm IPO - source
2023-06-12,NVDA,0.6167443431913853,0.6334642767906189,0.016719933599233627,0.3498157560825348,Nvidia: 5 Reasons the Tech Giant's Ascent is Far From Finished
2023-06-12,NVDA,0.9368970291689038,0.9523676037788391,0.015470574609935284,0.032161895185709,Tesla's Surge Boosts EV ETFs
2023-06-12,NVDA,0.08597137592732906,0.09880346059799194,0.01283208467066288,0.8883644938468933,5 Stocks to Buy With Explosive 500% Potential
2023-06-11,NVDA,-0.006106134504079819,0.029085565358400345,0.035191699862480164,0.9357227087020874,Guru Fundamental Report for NVDA
2023-06-11,NVDA,-0.5648214183747768,0.046311620622873306,0.6111330389976501,0.34255537390708923,4 Metaverse Stocks That Could Skyrocket in the Next 12 Months
2023-06-11,NVDA,0.14050551876425743,0.15750309824943542,0.016997579485177994,0.8254992961883545,Best AI Stock to Buy: Nvidia vs. C3.ai
2023-06-11,NVDA,0.3836737759411335,0.40313655138015747,0.01946277543902397,0.5774006843566895,"Up 35% to 169%, Is It Time to Buy These 3 AI Stocks?"
2023-06-11,NVDA,-0.110012486577034,0.06172585487365723,0.17173834145069122,0.7665358185768127,Caution! The Stock Market Is Waving 5 Big Red Flags Right Now. 
2023-06-10,NVDA,-0.19308685511350632,0.07163981348276138,0.2647266685962677,0.6636335253715515,3 Undervalued Reddit Stocks Not Getting the Love They Deserve
2023-06-10,NVDA,0.8709884905256331,0.8779510259628296,0.006962535437196493,0.11508641391992569,This Company Stands to Benefit From Nvidia's AI Boom the Most
2023-06-10,NVDA,-0.006106134504079819,0.029085565358400345,0.035191699862480164,0.9357227087020874,Guru Fundamental Report for NVDA
2023-06-10,NVDA,0.05745658837258816,0.07721655070781708,0.01975996233522892,0.9030234813690186,Investing Tip: Ideas Are Everywhere
2023-06-09,NVDA,0.8393476642668247,0.8787678480148315,0.03942018374800682,0.08181195706129074,"US STOCKS-S&P, Nasdaq hit fresh 2023 highs as Tesla rallies"
2023-06-09,NVDA,0.8051879778504372,0.8501721024513245,0.0449841246008873,0.10484384000301361,"US STOCKS-S&P 500, Nasdaq hit fresh 2023 highs as Tesla rallies"
2023-06-09,NVDA,0.7229907885193825,0.8444740772247314,0.12148328870534897,0.03404257073998451,US STOCKS-U.S. stocks pare gains despite Tesla rally
2023-06-09,NVDA,-0.6689321771264076,0.11985477060079575,0.7887869477272034,0.09135832637548447,Breaking Down The Big 7 Tech Players' Outsized Roles
2023-06-09,NVDA,0.012877672910690308,0.03539041802287102,0.02251274511218071,0.9420968294143677,Nvidia Had Numerous Updates This Week -- Here Is What Investors Should Know
2023-06-08,NVDA,0.1568535277619958,0.16630035638809204,0.009446828626096249,0.8242528438568115,The 3 Most Promising Quantum Computing Stocks to Buy in June 2023
2023-06-08,NVDA,0.4270235002040863,0.6950477361679077,0.2680242359638214,0.03692806512117386,US STOCKS-Wall Street ends up amid record low volatility ahead of eventful week
2023-06-08,NVDA,-0.013038063421845436,0.021265780553221703,0.03430384397506714,0.9444303512573242,July 28th Options Now Available For NVIDIA
2023-06-08,NVDA,0.9298149682581425,0.9414681196212769,0.011653151363134384,0.04687870293855667,AI Chips Could Help Intel Stock (NASDAQ:INTC) Regain Its Footing
2023-06-08,NVDA,-0.07152189686894417,0.036206912249326706,0.10772880911827087,0.8560642600059509,NVDA Stock Surge: Is Nvidia Really the Microsoft of the AI Era?
2023-06-07,NVDA,0.3807879239320755,0.5127329230308533,0.13194499909877777,0.35532209277153015,3 Overbought Stocks to Snap Up on Correction
2023-06-07,NVDA,0.03557701036334038,0.0578567199409008,0.022279709577560425,0.9198636412620544,Looking Ahead to the Q2 Earnings Season
2023-06-07,NVDA,-0.7110399305820465,0.06913956999778748,0.780179500579834,0.15068091452121735,7 Growth Stocks That Could Skyrocket in the Next 12 Months
2023-06-07,NVDA,0.025816863402724266,0.04773829132318497,0.0219214279204607,0.9303402304649353,Best Stocks to Buy Now: My 10 Top Semiconductor Stocks & Semiconductor Stock Analysis
2023-06-07,NVDA,-0.22699249163269997,0.03534063324332237,0.26233312487602234,0.7023261785507202,Will ChatGPT Disrupt Wall Street Algos?
2023-06-06,NVDA,-0.6121962182223797,0.037620652467012405,0.6498168706893921,0.3125625252723694,Small-Caps: 3 Reasons the Worst is Over
2023-06-06,NVDA,0.10540114156901836,0.11639328300952911,0.01099214144051075,0.8726145625114441,"Got $2,500? This Dirt Cheap Growth Stock Could Be Worth Buying Hand Over Fist"
2023-06-06,NVDA,0.8987819468602538,0.9079060554504395,0.009124108590185642,0.08296985924243927,Garmin (GRMN) Expands Smartwatch Offerings With fenix 7 Pro
2023-06-06,NVDA,0.9187569785863161,0.9395151734352112,0.020758194848895073,0.03972660377621651,1 AI ETF Poised to Outperform the Market Over the Next 5 Years
2023-06-06,NVDA,-0.1328297220170498,0.05746437981724739,0.19029410183429718,0.7522415518760681,Tech Stocks’ Astronomical Prices – Is Now the Time to Sell?
2023-06-05,NVDA,-0.008964858949184418,0.020107222720980644,0.029072081670165062,0.9508206844329834,"Ex-Dividend Reminder: American Assets Trust, NVIDIA and Bentley Systems"
2023-06-05,NVDA,0.13994837924838066,0.16590817272663116,0.025959793478250504,0.8081320524215698,The 7 Best Stocks to Buy for This “Non-Recession Recession”
2023-06-05,NVDA,0.02369003463536501,0.038980964571237564,0.015290929935872555,0.945728063583374,Time to Buy Broadcom (AVGO) or Dell Technologies (DELL) Stock After Earnings
2023-06-05,NVDA,0.03642456606030464,0.056056179106235504,0.019631613045930862,0.924312174320221,Intel to sell $1.5 bln stake in Mobileye
2023-06-05,NVDA,-0.9357155095785856,0.02056192047894001,0.9562774300575256,0.023160696029663086,US STOCKS-S&P 500 ends lower as traders eye potential pause in rate hikes
2023-06-04,NVDA,0.06330670416355133,0.11297778785228729,0.04967108368873596,0.8373511433601379,AI Is Taking the World by Storm: 2 Popular AI Growth Stocks Billionaires Keep Buying Hand Over Fist
2023-06-04,NVDA,0.08413472585380077,0.09746093302965164,0.013326207175850868,0.8892128467559814,3 Stocks to Buy for the AI Revolution
2023-06-04,NVDA,-0.8432219047099352,0.02938842587172985,0.872610330581665,0.09800121933221817,Wall St Week Ahead-Surging US megacap stocks leave some wondering when to cash out
2023-06-04,NVDA,0.09675607364624739,0.10958767682313919,0.012831603176891804,0.8775807023048401,The 3 Best Millionaire-Maker Stocks to Buy for June 2023
2023-06-04,NVDA,-0.006106117740273476,0.029085570946335793,0.03519168868660927,0.9357227087020874,Guru Fundamental Report for NVDA
2023-06-03,NVDA,0.9193439623340964,0.9282602667808533,0.00891630444675684,0.06282348185777664,Could AI Boost Growth at Medtronic?
2023-06-03,NVDA,0.026763029396533966,0.06754457205533981,0.04078154265880585,0.8916739225387573,What’s Next for Nvidia Stock After Touching the Trillion-Dollar Mark?
2023-06-03,NVDA,0.04874115437269211,0.06688810139894485,0.018146947026252747,0.9149649143218994,Rule Breaker Investor Habit No. 6: Aim for 60% Accuracy
2023-06-03,NVDA,-0.006106117740273476,0.029085570946335793,0.03519168868660927,0.9357227087020874,Guru Fundamental Report for NVDA
2023-06-03,NVDA,0.20451944693922997,0.22504377365112305,0.02052432671189308,0.7544319033622742,The 3 Most Aggressive Growth Stocks to Buy in June
2023-06-02,NVDA,0.11680789664387703,0.14785659313201904,0.031048696488142014,0.8210946917533875,CrowdStrike: Another Tech Stock to Buy on the Dip
2023-06-02,NVDA,0.03623287379741669,0.08204539120197296,0.045812517404556274,0.8721420764923096,Salesforce: Time to Snap it Up as the Market Buys the Dip?
2023-06-02,NVDA,-0.8432219047099352,0.02938842587172985,0.872610330581665,0.09800121933221817,Wall St Week Ahead-Surging US megacap stocks leave some wondering when to cash out
2023-06-02,NVDA,-0.31329256296157837,0.04166403412818909,0.35495659708976746,0.6033793687820435,Will Intel Stock Emerge as the Dark Horse in AI? Should Nvidia Investors Worry?
2023-06-02,NVDA,-0.8033370599150658,0.0802868977189064,0.8836239576339722,0.03608909249305725,"US STOCKS-Wall Street ends up on jobs data, debt default averted"
2023-06-01,NVDA,0.39295536279678345,0.5528585314750671,0.1599031686782837,0.2872382402420044,MORNING BID ASIA-Finishing the week with a flurry
2023-06-01,NVDA,0.7902701124548912,0.8689016699790955,0.07863155752420425,0.05246675759553909,"US STOCKS-Wall Street rises on hopes of Fed pausing hikes, debt ceiling deal cheer"
2023-06-01,NVDA,0.24233023449778557,0.2982591688632965,0.05592893436551094,0.6458118557929993,Cathie Wood Says Software Is the Next Big AI Buying Opportunity -- And These 4 Stocks Could Skyrocket
2023-06-01,NVDA,0.02694922871887684,0.046032458543777466,0.019083229824900627,0.934884250164032,7 Long-Term Stocks to Buy and Hold Until 2033
2023-06-01,NVDA,-0.6841729581356049,0.11995574831962585,0.8041287064552307,0.07591556757688522,SoftBank shares jump 5% amid AI chip frenzy
2023-05-31,NVDA,-0.9420609194785357,0.014614133164286613,0.9566750526428223,0.028710879385471344,US STOCKS-Wall St falls as labor data spurs rate hike jitters before debt ceiling vote
2023-05-31,NVDA,-0.0005402378737926483,0.02594037353992462,0.02648061141371727,0.947579026222229,Technology Sector Update for 05/31/2023: NVDA
2023-05-31,NVDA,0.0016762875020503998,0.02499164454638958,0.02331535704433918,0.9516929388046265,"Technology Sector Update for 05/31/2023: AMZN, NVDA, HPE"
2023-05-31,NVDA,0.0007157772779464722,0.027326371520757675,0.026610594242811203,0.9460629820823669,"Top Stock Reports for FEMSA, NextEra Energy & Sanofi"
2023-05-31,NVDA,0.032643936574459076,0.06422651559114456,0.031582579016685486,0.9041909575462341,"A.I. ETF Sold Out Of Monster Energy, Three Ways To Look At It"
2023-05-30,NVDA,0.0003869868814945221,0.035972367972135544,0.03558538109064102,0.9284422993659973,MORNING BID ASIA-All eyes on China's PMIs
2023-05-30,NVDA,-0.005157697945833206,0.03137795254588127,0.03653565049171448,0.9320864081382751,Quant Ratings Updated on 107 Stocks
2023-05-30,NVDA,0.013069599866867065,0.041532669216394424,0.02846306934952736,0.9300042986869812,Best Stocks to Buy Now: Is UiPath Stock a Buy After Earnings?
2023-05-30,NVDA,0.28577157855033875,0.6293753981590271,0.34360381960868835,0.02702072635293007,"US STOCKS-Shares close mixed, Nvidia's 3% rise offsets debt ceiling jitters"
2023-05-30,NVDA,0.022190257906913757,0.03740634769201279,0.01521608978509903,0.947377622127533,"Nvidia, AI boom & Chip ETFs"
2023-05-29,NVDA,0.14034358970820904,0.1524815410375595,0.012137951329350471,0.835380494594574,3 Tech Stocks That Will Reign Supreme in the New World
2023-05-29,NVDA,0.8665993483737111,0.8778773546218872,0.011278006248176098,0.11084459722042084,Nvidia to build Israeli supercomputer as AI demand soars
2023-05-29,NVDA,-0.024853035807609558,0.03733016550540924,0.0621832013130188,0.9004865884780884,SOXQ ETF: Front-Row Exposure to Semiconductor Stocks and AI
2023-05-29,NVDA,-0.9372762218117714,0.019900642335414886,0.9571768641471863,0.0229225754737854,Japan's Nikkei slips from 3-decade high on lingering US debt ceiling concerns
2023-05-29,NVDA,0.017506878823041916,0.04306798055768013,0.025561101734638214,0.9313709139823914,3 Safe Stocks to Buy (and Never Sell)
2023-05-28,NVDA,0.13813700526952744,0.20885612070560455,0.07071911543607712,0.7204247713088989,"Rally Alert: Nvidia’s Stock Defies Gravity, But Can It Keep Rising?"
2023-05-28,NVDA,-0.663439467549324,0.1532338708639145,0.8166733384132385,0.030092855915427208,"Japan's Nikkei hits highest since July 1990 on weak yen, US optimism"
2023-05-28,NVDA,0.07051224820315838,0.08820001780986786,0.01768776960670948,0.8941121697425842,From Gaming Guru to AI Game-Changer: How Nvidia Reinvented Itself
2023-05-28,NVDA,0.1636640727519989,0.17290949821472168,0.009245425462722778,0.8178451061248779,"1 Semiconductor Stock Set to Join Apple, Microsoft, Amazon, and Alphabet in the $1 Trillion Club"
2023-05-28,NVDA,0.10567135829478502,0.11814889311790466,0.01247753482311964,0.8693735599517822,2 Top Growth Stocks to Buy Right Now and Hold for the Long-Term
2023-05-27,NVDA,-0.23222711123526096,0.027672206982970238,0.2598993182182312,0.7124284505844116,Is It Too Late to Buy Nvidia Stock?
2023-05-27,NVDA,0.04553890600800514,0.05984176695346832,0.01430286094546318,0.9258553981781006,Take a Look Into How Apple-Broadcom Deal Puts ETFs in Focus
2023-05-27,NVDA,0.13756802026182413,0.1509396880865097,0.013371667824685574,0.835688591003418,3 Growth Stocks to Buy to Recession-Proof Your Portfolio
2023-05-27,NVDA,0.054539743810892105,0.06730370223522186,0.012763958424329758,0.9199323058128357,3 High-Growth Stocks to Buy Before They Join the Trillion-Dollar Club
2023-05-27,NVDA,0.037182556465268135,0.051318515092134476,0.01413595862686634,0.9345455765724182,Could These 3 Stocks Be Worth $1 Trillion by 2030?
2023-05-26,NVDA,0.01182188093662262,0.03736164793372154,0.025539766997098923,0.937098503112793,"Noteworthy Friday Option Activity: NFLX, RILY, NVDA"
2023-05-26,NVDA,0.8868143633008003,0.9189021587371826,0.032087795436382294,0.0490100122988224,"GLOBAL MARKETS-Wall Street rallies, European shares see biggest gain in 2 months"
2023-05-26,NVDA,0.0359351746737957,0.050008464604616165,0.014073289930820465,0.9359182119369507,Looking for the Next Nvidia (NVDA)
2023-05-26,NVDA,0.014638649299740791,0.04437274858355522,0.02973409928381443,0.9258931875228882,Time to Buy These Artificial Intelligence-Focused Stocks Before Earnings?
2023-05-26,NVDA,0.8891779258847237,0.9002794623374939,0.011101536452770233,0.08861890435218811,Q1 Earnings: Can Artificial Intelligence (AI) Sustain Momentum?
2023-05-25,NVDA,-0.9383652787655592,0.022167803719639778,0.960533082485199,0.01729905977845192,"Nasdaq Gains, Major Indices Still Negative for the Week"
2023-05-25,NVDA,0.022655881941318512,0.05071473494172096,0.02805885300040245,0.921226441860199,"Thursday Sector Leaders: Technology & Communications, Industrial"
2023-05-25,NVDA,-0.27860429883003235,0.32648399472236633,0.6050882935523987,0.06842774897813797,GLOBAL MARKETS-Nvidia fuels Wall Street gains; gold falls to two-month low
2023-05-25,NVDA,0.16935951635241508,0.19456499814987183,0.02520548179745674,0.7802295088768005,"MORNING BID ASIA-Happy Friday, it's AI boom time"
2023-05-25,NVDA,0.03373079374432564,0.05257372185587883,0.018842928111553192,0.9285833239555359,"Unusual Call Option Trade in NVIDIA (NVDA) Worth $5,705.48K"
2023-05-24,NVDA,0.11181853152811527,0.13147100806236267,0.0196524765342474,0.8488765358924866,"Compared to Estimates, Nvidia (NVDA) Q1 Earnings: A Look at Key Metrics"
2023-05-24,NVDA,0.3016490340232849,0.34746429324150085,0.04581525921821594,0.6067204475402832,Record-Setting AI Demand Drives Nvidia's Stock to a New All-Time High. Is it a Buy?
2023-05-24,NVDA,0.010044354945421219,0.03938904032111168,0.02934468537569046,0.9312662482261658,Nvidia (NVDA) Q1 2024 Earnings Call Transcript
2023-05-24,NVDA,-0.8898826315999031,0.0367465540766716,0.9266291856765747,0.0366242416203022,Nvidia Stock Soars 25% as AI-Powered Guidance Demolishes Estimates
2023-05-24,NVDA,-0.12192313373088837,0.17554940283298492,0.2974725365638733,0.526978075504303,Nvidia Stock Rockets 25% After Earnings -- NVDA Stock Earnings Update
2023-05-23,NVDA,0.06663276813924313,0.09644737094640732,0.029814602807164192,0.8737379908561707,Bulls vs. Bears - Who Will Emerge Victorious?
2023-05-23,NVDA,0.2229312788695097,0.2310488373041153,0.008117558434605598,0.7608335614204407,"Introducing CHAT, the World’s First Generative AI ETF"
2023-05-23,NVDA,0.039022691547870636,0.07862760871648788,0.03960491716861725,0.8817675113677979,Video Game ETFs in Focus on Upbeat Earnings
2023-05-23,NVDA,0.9383686790242791,0.9504876732826233,0.012118994258344173,0.03739335387945175,GitLab (GTLB) Boosts AI-Powered Capabilities With GitLab 16
2023-05-23,NVDA,-0.0008615497499704361,0.0297123771160841,0.030573926866054535,0.939713716506958,7 Stocks That Could Be the Next $2 Trillion-Dollar Companies
2023-05-22,NVDA,-0.19006845355033875,0.12551185488700867,0.3155803084373474,0.5589078664779663,Will The Breakout in VanEck Semiconductor ETF Continue?
2023-05-22,NVDA,-0.6325753927230835,0.14916855096817017,0.7817439436912537,0.06908749788999557,Wall St set to open flat amid debt limit talks; Micron slides
2023-05-22,NVDA,0.7353625632822514,0.7735840678215027,0.03822150453925133,0.1881943941116333,Small-Cap Russell 2000 Leads Monday Trading; ZM Beats
2023-05-22,NVDA,0.0189888346940279,0.038622912019491196,0.019634077325463295,0.941743016242981,Is It Time to Sell Nvidia Stock? NVDA Stock Analysis and Earnings Preview
2023-05-22,NVDA,0.07058225199580193,0.08253039419651031,0.01194814220070839,0.9055215120315552,Trillion Is the New Billion: 3 Stocks Poised to Join the Trillion Dollar Company Club
2023-05-21,NVDA,0.34336618427187204,0.35434040427207947,0.010974220000207424,0.6346853375434875,TipRanks ‘Perfect 10’ List: 2 Stocks That Will Benefit Most From ChatGPT’s Meteoric Growth (Besides Microsoft)
2023-05-21,NVDA,0.38152388483285904,0.4793611764907837,0.09783729165792465,0.42280152440071106,Better Buy: Apple vs. Nvidia
2023-05-21,NVDA,-0.20399977453052998,0.029610900208353996,0.23361067473888397,0.7367784380912781,Is It Too Late to Buy AMD Stock?
2023-05-21,NVDA,0.05888107791543007,0.07199732214212418,0.013116244226694107,0.9148864150047302,3 Companies That Could Be Worth $1 Trillion by 2027
2023-05-21,NVDA,0.08397057186812162,0.09510481357574463,0.011134241707623005,0.8937609791755676,3 Breakout Growth Stocks You Can Buy and Hold for the Next Decade
2023-05-19,NVDA,-0.006106119602918625,0.02908558025956154,0.035191699862480164,0.9357227087020874,Guru Fundamental Report for NVDA
2023-05-19,NVDA,0.14290441945195198,0.15967458486557007,0.016770165413618088,0.8235551714897156,NVIDIA Q1 Preview: Can Momentum Continue?
2023-05-19,NVDA,-0.5844061523675919,0.06708185374736786,0.6514880061149597,0.28143012523651123,Nvidia (NVDA) Dips More Than Broader Markets: What You Should Know
2023-05-19,NVDA,-0.0714607983827591,0.02342355251312256,0.09488435089588165,0.8816920518875122,S&P 500 Analyst Moves: NVDA
2023-05-19,NVDA,0.10159493051469326,0.11950825899839401,0.017913328483700752,0.8625784516334534,"Noteworthy Friday Option Activity: BKNG, NVDA, CBRE"
2023-05-18,NVDA,0.2901713326573372,0.3900018334388733,0.0998305007815361,0.51016765832901,Is a Beat Likely for NVIDIA Corporation (NVDA) in Q1 Earnings?
2023-05-18,NVDA,0.058332362212240696,0.07236805558204651,0.014035693369805813,0.9135962724685669,Meta announces AI training and inference chip project
2023-05-18,NVDA,0.8862008899450302,0.9230962991714478,0.03689540922641754,0.04000826179981232,"US STOCKS-Nasdaq jumps as growth stocks back in play, debt ceiling deal optimism prevails"
2023-05-18,NVDA,0.07563694287091494,0.09061306715011597,0.01497612427920103,0.8944107890129089,3 Reasons to Buy Nvidia Stock Before It Skyrockets
2023-05-18,NVDA,0.8709030300378799,0.9092718362808228,0.03836880624294281,0.05235937237739563,Why Nvidia Stock Rallied on Thursday
2023-05-17,NVDA,-0.23222675174474716,0.027672208845615387,0.25989896059036255,0.7124288082122803,Is It Too Late to Buy Nvidia Stock?
2023-05-17,NVDA,0.023073265329003334,0.04155959188938141,0.018486326560378075,0.9399541020393372,Advisors Rotating Into These 2 Equal Weight Sector ETFs
2023-05-17,NVDA,0.18235977180302143,0.1913636475801468,0.009003875777125359,0.7996324300765991,3 Reasons C3.ai Stock Could Be Your Golden Ticket to the AI Revolution
2023-05-17,NVDA,0.0427657887339592,0.057411469519138336,0.014645680785179138,0.9279428720474243,"SMH, TSM, NVDA, ASML: ETF Inflow Alert"
2023-05-17,NVDA,0.0395418144762516,0.052265942096710205,0.012724127620458603,0.9350099563598633,"Zacks.com featured highlights include J.B. Hunt Transport Services, Archer-Daniels-Midland, NVIDIA, Tractor Supply and AmerisourceBergen"
2023-05-16,NVDA,0.027733903378248215,0.054941948503255844,0.02720804512500763,0.9178499579429626,Could NVDA Exceed Q1 Expectations? Here’s What Rosenblatt Analyst Says
2023-05-16,NVDA,0.33166278898715973,0.34610554575920105,0.01444275677204132,0.6394517421722412,Best AI Stock to Buy Now: BBAI vs. SOUN vs. NRDY
2023-05-16,NVDA,0.09667359106242657,0.11603836715221405,0.019364776089787483,0.8645969033241272,3 AI Stocks That Famed Investor Cathie Wood Is Betting On
2023-05-16,NVDA,-0.0003831349313259125,0.03414571285247803,0.03452884778380394,0.931325376033783,"Tuesday Sector Leaders: Healthcare, Technology & Communications"
2023-05-16,NVDA,0.019728142768144608,0.04067007079720497,0.020941928029060364,0.9383879899978638,2 Artificial Intelligence Stocks For Your May 2023 Watchlist
2023-05-15,NVDA,0.9047464244067669,0.9379039406776428,0.03315751627087593,0.028938528150320053,"PC Market on the Mend, Benefits Abound for Tech ETFs"
2023-05-15,NVDA,0.03337395749986172,0.05000581592321396,0.01663185842335224,0.9333623647689819,Cracking the Code: 5 Segments to Determine Future Market Direction
2023-05-15,NVDA,0.04933160915970802,0.09367988258600235,0.04434827342629433,0.8619717955589294,BOTZ: This AI ETF is Surging. Should You Buy?
2023-05-15,NVDA,0.014398595318198204,0.034062981605529785,0.01966438628733158,0.9462726712226868,"After Hours Most Active for May 15, 2023 : GOOGL, MTCH, BEKE, PAGS, ARMK, BABA, CTLT, UBER, AMZN, NVDA, TCOM, AAPL"
2023-05-15,NVDA,-0.006106119602918625,0.02908558025956154,0.035191699862480164,0.9357227087020874,Guru Fundamental Report for NVDA
2023-05-14,NVDA,0.465742290019989,0.4736017882823944,0.007859498262405396,0.5185387134552002,Nvidia's AI Chips Will Help Power These 5 Industries for Years to Come
2023-05-13,NVDA,0.006586182862520218,0.04031471908092499,0.03372853621840477,0.9259567260742188,Cathie Wood Loves These AI Stocks. Should You?
2023-05-12,NVDA,-0.006106119602918625,0.02908558025956154,0.035191699862480164,0.9357227087020874,Guru Fundamental Report for NVDA
2023-05-12,NVDA,0.012136004865169525,0.04417857527732849,0.032042570412158966,0.923778772354126,Sea Limited (SE) to Report Q1 Earnings: What's in Store?
2023-05-12,NVDA,0.17690431606024504,0.18570326268672943,0.008798946626484394,0.8054978251457214,IRBO: This Diversified AI ETF Gives Investors Many Shots on Goal
2023-05-12,NVDA,0.6775514958426356,0.6863409876823425,0.008789491839706898,0.30486950278282166,Nvidia Stock: Capitalizing on a Revolutionary Technology Shift
2023-05-12,NVDA,0.804589263163507,0.816867470741272,0.012278207577764988,0.17085428535938263,Investors Look to Invesco’s Equal-Weight Tech ETF After Strong Earnings
2023-05-11,NVDA,0.27215881645679474,0.406051903963089,0.13389308750629425,0.46005499362945557,The Trade Desk (TTD) Q1 Earnings and Revenues Top Estimates
2023-05-11,NVDA,0.06917392835021019,0.10106031596660614,0.03188638761639595,0.8670532703399658,"COLUMN-U.S. mega tech is expensive, but may be unavoidable: McGeever"
2023-05-11,NVDA,0.10726932343095541,0.12222906947135925,0.014959746040403843,0.8628112077713013,SOXX vs. SMH: Which is the Better Semiconductor ETF?
2023-05-11,NVDA,0.007842030376195908,0.032625120133161545,0.024783089756965637,0.9425917863845825,What Nvidia Stock Investors Should Know About Recent Updates
2023-05-11,NVDA,-0.811002966016531,0.04458088055253029,0.8555838465690613,0.09983525425195694,"One Stop Systems, Inc. (OSS) Reports Break-Even Earnings for Q1"
2023-05-10,NVDA,0.014903265982866287,0.03747960180044174,0.022576335817575455,0.9399440884590149,NVDA Stock Price Prediction: Where Will Nvidia Be in 5 Years?
2023-05-10,NVDA,0.0561787998303771,0.06823254376649857,0.012053743936121464,0.9197137355804443,Truist Securities Maintains NVIDIA (NVDA) Buy Recommendation
2023-05-10,NVDA,0.9069164767861366,0.9419516921043396,0.03503521531820297,0.02301315777003765,Amtech Systems (ASYS) Beats Q2 Earnings and Revenue Estimates
2023-05-10,NVDA,-0.11058330535888672,0.03450247645378113,0.14508578181266785,0.8204116821289062,Unusual Options Activity and Flow in Nvidia (NVDA)
2023-05-10,NVDA,0.106284836307168,0.1259283572435379,0.019643520936369896,0.8544281125068665,"3 AI Stocks That Could Turn $1,000 into $10,000 in a Year"
2023-05-09,NVDA,0.2981523824855685,0.31022268533706665,0.012070302851498127,0.6777070164680481,"Notable ETF Outflow Detected - SPY, NVDA, GOOGL, BRK.B"
2023-05-09,NVDA,0.01561940461397171,0.048715803772211075,0.033096399158239365,0.9181877970695496,PREVIEW-SoftBank investors focus on Arm IPO at Q4 earnings
2023-05-09,NVDA,-0.5844062119722366,0.06708185374736786,0.6514880657196045,0.28143003582954407,Nvidia (NVDA) Dips More Than Broader Markets: What You Should Know
2023-05-09,NVDA,-0.006106091663241386,0.029085559770464897,0.035191651433706284,0.935722827911377,Guru Fundamental Report for NVDA
2023-05-09,NVDA,-0.041497766971588135,0.04025972634553909,0.08175749331712723,0.8779827356338501,3 AI Stocks That Are Poised to Explode in 2023
2023-05-08,NVDA,0.015538990497589111,0.0354621559381485,0.019923165440559387,0.9446146488189697,See Which Of The Latest 13F Filers Holds NVIDIA
2023-05-08,NVDA,0.30761995911598206,0.3939875066280365,0.08636754751205444,0.5196449160575867,AMD Stock Was Up Another 5.8% on Monday. Why Are Investors So Bullish?
2023-05-08,NVDA,0.22497700154781342,0.4221748411655426,0.1971978396177292,0.380627304315567,3 Stocks Set to Soar After the May 2023 Fed Decision
2023-05-08,NVDA,0.0859775710850954,0.09643147885799408,0.010453907772898674,0.8931146860122681,Qualcomm to acquire Israeli auto-chip maker Autotalks
2023-05-08,NVDA,0.16687090881168842,0.17908920347690582,0.0122182946652174,0.8086925148963928,2 Low-Risk Growth Stocks to Load Up On in May
2023-05-07,NVDA,0.08335809223353863,0.0978061705827713,0.014448078349232674,0.88774573802948,2 Reasons to Buy Nvidia Stock Before It Skyrockets
2023-05-07,NVDA,-0.4928150400519371,0.04248712211847305,0.5353021621704102,0.422210693359375,These 3 Stocks Might Be Getting a Little Too Expensive
2023-05-07,NVDA,0.7477714773267508,0.7564118504524231,0.00864037312567234,0.2349477857351303,3 Gaming and Esports Stocks With Huge Return Potential for Long-Term Investors
2023-05-07,NVDA,0.03876339830458164,0.06244874373078346,0.02368534542620182,0.913865864276886,Is Medtronic Stock a Buy Now?
2023-05-05,NVDA,0.07065895199775696,0.09551854431629181,0.02485959231853485,0.8796218633651733,3 Tech Titans Battling for AI Dominance
2023-05-05,NVDA,0.046039899811148643,0.059766050428152084,0.01372615061700344,0.9265077710151672,"Unusual Put Option Trade in NVIDIA (NVDA) Worth $4,157.43K"
2023-05-05,NVDA,0.11888808384537697,0.14689765870571136,0.028009574860334396,0.8250927329063416,Missed Out on ChatGPT Mania? My 2 Best AI Stocks to Buy and Hold
2023-05-05,NVDA,0.041064027696847916,0.055480293929576874,0.014416266232728958,0.9301034808158875,"Unusual Put Option Trade in NVIDIA (NVDA) Worth $1,622.40K"
2023-05-05,NVDA,-0.22710052132606506,0.04029998183250427,0.26740050315856934,0.692299485206604,Nvidia Stock: This Canary in the Coal Mine Is Singing a Warning
2023-05-04,NVDA,0.027774052694439888,0.04758916050195694,0.01981510780751705,0.9325957298278809,"Noteworthy Thursday Option Activity: SEDG, NVDA, META"
2023-05-04,NVDA,0.8505762964487076,0.9030796885490417,0.05250339210033417,0.044416919350624084,3 Hyper-Growth Stocks Rising Above Their Counterparts
2023-05-04,NVDA,-0.44485506787896156,0.03184860572218895,0.4767036736011505,0.4914477467536926,Did Microsoft and Its AI Ambitions Just Throw AMD Stock Investors a Huge Lifeline?
2023-05-04,NVDA,0.06774506811052561,0.08042918890714645,0.012684120796620846,0.9068867564201355,3 AI Stocks to Buy for Long-Term Portfolio Growth
2023-05-04,NVDA,-0.21842218562960625,0.0509994812309742,0.26942166686058044,0.6795788407325745,"Dollar Destruction Hysteria: Why the Panic is Wrong, Again"
2023-05-03,NVDA,0.8457463327795267,0.8536288142204285,0.007882481440901756,0.13848868012428284,2 No-Brainer Stocks to Benefit From the $14 Trillion AI Revolution
2023-05-03,NVDA,-0.05988996848464012,0.05305074527859688,0.112940713763237,0.834008514881134,Is AMD Trying to Mimic Nvidia's Success in Artificial Intelligence?
2023-05-03,NVDA,0.715693436563015,0.8359043002128601,0.12021086364984512,0.04388485848903656,FOCUS-China's AI industry barely slowed by US chip export rules
2023-05-03,NVDA,-0.9069691970944405,0.03404688090085983,0.9410160779953003,0.024936988949775696,Nvidia short sellers lose $5 bln as shares rise more than 90% in 2023
2023-05-03,NVDA,0.08204351924359798,0.10444054007530212,0.02239702083170414,0.8731624484062195,7 Stocks That AI Predicts Will Make You Rich
2023-05-02,NVDA,0.1049455925822258,0.1266767680644989,0.021731175482273102,0.8515921235084534,Bear of the Day: Taiwan Semiconductor (TSM)
2023-05-02,NVDA,0.687779251486063,0.7179173827171326,0.030138131231069565,0.25194451212882996,3 Impressive “Strong Buy” Tech Stocks to Watch
2023-05-02,NVDA,-0.9537695534527302,0.011691581457853317,0.9654611349105835,0.022847259417176247,AMD forecasts second-quarter revenue below expectations
2023-05-02,NVDA,0.14711831882596016,0.18322911858558655,0.03611079975962639,0.780660092830658,Bull of the Day: Alphabet (GOOGL)
2023-05-02,NVDA,0.047900617122650146,0.0962902382016182,0.04838962107896805,0.855320155620575,Why China's BYD May Be About To Overtake Tesla In The EV Market
2023-05-01,NVDA,0.0657696332782507,0.07901263236999512,0.013242999091744423,0.9077443480491638,"Nasdaq 100 Movers: LCID, MCHP"
2023-05-01,NVDA,0.9282750003039837,0.9470440149307251,0.01876901462674141,0.03418697044253349,Why Nvidia Stock Jumped Up 4% on Monday
2023-05-01,NVDA,0.08508092910051346,0.1465616524219513,0.061480723321437836,0.7919576168060303,"Nvidia, the Market Leader, is Breaking Out on Volume"
2023-05-01,NVDA,0.3340386599302292,0.4873955547809601,0.1533568948507309,0.3592475950717926,ON Semi jumps after results while Nvidia hits 13 month high
2023-05-01,NVDA,-0.006106091663241386,0.029085559770464897,0.035191651433706284,0.935722827911377,Guru Fundamental Report for NVDA
2023-04-30,NVDA,-0.07353154197335243,0.03252895548939705,0.10606049746274948,0.8614105582237244,AI Winners Aren't Who You Think
2023-04-30,NVDA,0.9316384959965944,0.9455152750015259,0.01387677900493145,0.04060789570212364,These 3 Chip Stocks Could Outperform Nvidia Over the Next 5 Years
2023-04-30,NVDA,0.002164345234632492,0.04253827780485153,0.04037393257021904,0.9170878529548645,2 AI Stocks To Watch In May 2023
2023-04-30,NVDA,-0.8014897182583809,0.040314190089702606,0.8418039083480835,0.11788193881511688,Wall St Week Ahead-Recession worries simmer beneath US stock market rally
2023-04-30,NVDA,0.10446937195956707,0.11947211623191833,0.015002744272351265,0.8655251264572144,7 Virtual Reality Stocks to Buy for Immersive Gains
2023-04-29,NVDA,0.04403502028435469,0.05931440368294716,0.015279383398592472,0.9254061579704285,3 Stocks to Buy Before They Become the Next Trillion-Dollar Companies
2023-04-29,NVDA,0.16897241584956646,0.1984228789806366,0.029450463131070137,0.7721266746520996,-SoftBank's Arm registers for blockbuster U.S. IPO
2023-04-29,NVDA,0.842273261398077,0.8555722832679749,0.013299021869897842,0.13112863898277283,2 Great Tech Stocks With Strong Cash Flows
2023-04-29,NVDA,0.11350027937442064,0.12381965667009354,0.010319377295672894,0.8658609390258789,2 Stocks to Invest in Virtual Reality
2023-04-28,NVDA,0.5266414135694504,0.6779613494873047,0.1513199359178543,0.17071880400180817,Microsoft signs 10-yr deal with Spain's Nware after UK blocks Activision bid
2023-04-28,NVDA,-0.8014897182583809,0.040314190089702606,0.8418039083480835,0.11788193881511688,Wall St Week Ahead-Recession worries simmer beneath US stock market rally
2023-04-28,NVDA,0.6998417750000954,0.778170645236969,0.07832887023687363,0.14350052177906036,Intel climbs as Wall St cheers early signs of recovery
2023-04-28,NVDA,0.4536043284460902,0.4646524488925934,0.011048120446503162,0.5242994427680969,The 3 Most Promising Gaming Stocks for the Metaverse Era
2023-04-28,NVDA,0.06865680404007435,0.0823613703250885,0.013704566285014153,0.903934121131897,Why Nvidia's AI Technology Is Essential for the Autonomous Vehicle Industry
2023-04-27,NVDA,0.04339451715350151,0.0629270076751709,0.019532490521669388,0.917540431022644,Tax Efficiency & Trading Tips with ETFs
2023-04-27,NVDA,0.9151543658226728,0.9411870241165161,0.02603265829384327,0.03278026729822159,US STOCKS-Wall St set to open higher as earnings offset economy worries
2023-04-27,NVDA,0.6510786404833198,0.6627081036567688,0.01162946317344904,0.32566240429878235,3 Tech Stocks With Huge Return Potential for Long-Term Investors
2023-04-27,NVDA,0.3416809346526861,0.35351407527923584,0.01183314062654972,0.6346527934074402,Tech is Back. 3 ETFs to Invest in the Sector
2023-04-27,NVDA,0.029130926355719566,0.04640870913863182,0.017277782782912254,0.9363135099411011,3 Semiconductor Stocks For Your Late-April 2023 Watchlist
2023-04-26,NVDA,0.02938324213027954,0.05179786682128906,0.02241462469100952,0.9257875084877014,"Notable Wednesday Option Activity: MDB, UPS, NVDA"
2023-04-26,NVDA,0.04033483564853668,0.05471222847700119,0.014377392828464508,0.9309103488922119,"Unusual Put Option Trade in NVIDIA (NVDA) Worth $1,979.99K"
2023-04-26,NVDA,-0.41356809064745903,0.03255467489361763,0.44612276554107666,0.5213226079940796,"Cloud, not consoles, blocks Microsoft's Activision view in UK"
2023-04-26,NVDA,0.02964829094707966,0.05417938902974129,0.02453109808266163,0.9212895035743713,Industrial AI: How Is Artificial Intelligence Transforming the Manufacturing Industry?
2023-04-26,NVDA,-0.016367319971323013,0.039255231618881226,0.05562255159020424,0.9051221609115601,Growth vs Value Investing: What Are the Differences?
2023-04-25,NVDA,0.11050176899880171,0.1224755197763443,0.011973750777542591,0.8655507564544678,Nvidia releases software tools to help chatbots watch their language
2023-04-25,NVDA,0.004414571449160576,0.02658989280462265,0.022175321355462074,0.9512348175048828,"Technology Sector Update for 04/25/2023: NVDA, CTSH, IBM"
2023-04-25,NVDA,0.11506312154233456,0.13473059237003326,0.019667470827698708,0.8456019163131714,Tuesday's ETF with Unusual Volume: ESPO
2023-04-25,NVDA,0.13610400911420584,0.14780133962631226,0.011697330512106419,0.8405013084411621,Medtronic Is Partnering With Nvidia to Create Potentially Game-Changing Tech. Is the Stock a Buy?
2023-04-25,NVDA,0.9287775903940201,0.9381018280982971,0.009324237704277039,0.05257396027445793,Select Technology Equities Could Benefit From Improving Sentiment
2023-04-24,NVDA,-0.6344521045684814,0.022236943244934082,0.6566890478134155,0.3210740089416504,Do Big Tech's Custom Chips Pose a Threat to Nvidia Shareholders?
2023-04-24,NVDA,0.026055946946144104,0.05311098322272301,0.027055036276578903,0.9198339581489563,7 Blockchain Stocks to Buy for Investors Scared of Cryptos
2023-04-24,NVDA,-0.19011149555444717,0.05708756297826767,0.24719905853271484,0.6957134008407593,Nvidia (NVDA) Stock Sinks As Market Gains: What You Should Know
2023-04-24,NVDA,-0.7474881876260042,0.024388445541262627,0.7718766331672668,0.20373491942882538,The 3 Most Innovative Companies That Are Disrupting Their Industries
2023-04-24,NVDA,0.03272867947816849,0.06283044815063477,0.030101768672466278,0.9070677757263184,Investors Discuss News From Bank of America and Johnson & Johnson
2023-04-23,NVDA,0.8543609194457531,0.8845107555389404,0.030149836093187332,0.08533935993909836,Wall St Week Ahead-Tech earnings to test markets' 'most crowded' trade
2023-04-23,NVDA,-0.5251227952539921,0.025522615760564804,0.5506454110145569,0.4238319993019104,3 AI Stocks That Could Go Parabolic
2023-04-23,NVDA,0.03452324494719505,0.05039731040596962,0.015874065458774567,0.9337286353111267,These 3 Hot Tech Names Could Be Trillion-Dollar Stocks by 2030
2023-04-23,NVDA,-0.5080276504158974,0.05511745065450668,0.563145101070404,0.38173747062683105,The Single Biggest Reason Why Nvidia Stock Could Keep Skyrocketing
2023-04-22,NVDA,0.024923022836446762,0.06024922430515289,0.03532620146870613,0.9044245481491089,2 Sizzling-Hot Stocks to Buy Right Now
2023-04-22,NVDA,0.1519068293273449,0.18378302454948425,0.03187619522213936,0.7843407988548279,This Is Why Nvidia Faces Big Challenges in Artificial Intelligence
2023-04-21,NVDA,0.001109842211008072,0.0314939059317112,0.030384063720703125,0.9381219744682312,Where Will Nvidia Be in 10 Years?
2023-04-21,NVDA,-0.19654297456145287,0.02554585412144661,0.22208882868289948,0.7523652911186218,Tesla Stock: Why the Market Has Got It All Wrong
2023-04-21,NVDA,0.1216939426958561,0.13447879254817963,0.012784849852323532,0.8527363538742065,The 3 Best Stocks and Cryptos for Long-Term Growth
2023-04-21,NVDA,0.11801552679389715,0.1312054991722107,0.013189972378313541,0.8556045293807983,3 Best Performing Stocks of Q1 2023 You Can Still Buy for Profits
2023-04-21,NVDA,0.8543609194457531,0.8845107555389404,0.030149836093187332,0.08533935993909836,Wall St Week Ahead-Tech earnings to test markets' 'most crowded' trade
2023-04-20,NVDA,0.9105409011244774,0.9348292350769043,0.02428833395242691,0.04088239371776581,Why Taiwan Semiconductor Manufacturing Stock Rallied Thursday Morning
2023-04-20,NVDA,0.5855857618153095,0.6091914772987366,0.023605715483427048,0.36720284819602966,ANALYSIS-Elon Musk pins hopes on full self-driving as Tesla's next profit driver
2023-04-20,NVDA,0.0005862563848495483,0.02550644986331463,0.02492019347846508,0.9495733380317688,Nvidia (NASDAQ:NVDA): The Stock for Cautious Crypto Investors
2023-04-20,NVDA,0.019131097942590714,0.03948361799120903,0.020352520048618317,0.9401638507843018,Most Interesting New ETFs of Q1 2023
2023-04-20,NVDA,0.0907953530550003,0.1030697375535965,0.012274384498596191,0.8846558928489685,3 ETFs to Buy for the AI Revolution
2023-04-19,NVDA,0.16702875681221485,0.17635034024715424,0.009321583434939384,0.814328134059906,Nvidia Is a Top Stock to Bet On in Quantum Computing
2023-04-19,NVDA,0.8169255191460252,0.8300502300262451,0.013124710880219936,0.15682506561279297,Silicon Selections: 3 “Strong Buy” Semiconductor Stocks to Watch
2023-04-19,NVDA,0.0981282889842987,0.47855228185653687,0.38042399287223816,0.14102378487586975,"TMF, FTGS: Big ETF Inflows"
2023-04-19,NVDA,0.15112638100981712,0.18290011584758759,0.03177373483777046,0.7853261232376099,Better Buy: Amazon vs. Nvidia
2023-04-19,NVDA,0.13440249394625425,0.14389029145240784,0.009487797506153584,0.8466218709945679,"Investigating IBOT, the New Robotics ETF"
2023-04-18,NVDA,0.8916129106655717,0.9049676060676575,0.013354695402085781,0.0816776305437088,Better AI Stock: Nvidia vs. C3.ai
2023-04-18,NVDA,0.7617772445082664,0.8498175740242004,0.08804032951593399,0.062142059206962585,"US STOCKS-S&P 500 ekes out gain as tech supports, J&J, Goldman disappoint"
2023-04-18,NVDA,0.26497296430170536,0.2734086811542511,0.008435716852545738,0.718155562877655,The 7 Most Innovative Stocks to Invest in Today
2023-04-18,NVDA,0.01695275492966175,0.04245166480541229,0.02549890987575054,0.9320494532585144,Wait Until Nvidia Stock Hits $220… Then Buy!
2023-04-18,NVDA,-0.3773171305656433,0.16717714071273804,0.5444942712783813,0.2883285582065582,"US STOCKS-Wall St treads water as J&J, Goldman disappoint, tech supports"
2023-04-17,NVDA,0.04974154941737652,0.06920187175273895,0.019460322335362434,0.9113378524780273,3 Stocks to Buy That Could Be the Next Gaming Phenomenon
2023-04-17,NVDA,0.05852991808205843,0.07130124419927597,0.01277132611721754,0.9159274697303772,Looking for Growth? Start With These 3 Chip Stocks
2023-04-17,NVDA,0.17034979537129402,0.1860770285129547,0.01572723314166069,0.7981957793235779,Nvidia (NVDA) Outpaces Stock Market Gains: What You Should Know
2023-04-17,NVDA,0.42114332690835,0.46560099720954895,0.04445767030119896,0.48994138836860657,Another Rare Bullish Indicator Flashed Last Week
2023-04-17,NVDA,0.841418375261128,0.8489331603050232,0.007514785043895245,0.14355210959911346,"Nvidia Stock Is An Excellent AI Growth Play, Says Piper Sandler"
2023-04-16,NVDA,0.04528704844415188,0.06544081121683121,0.02015376277267933,0.9144054055213928,AI Revolution: 2 AI Stocks Billionaires Are Buying Hand Over Fist
2023-04-16,NVDA,0.1268359711393714,0.13715887069702148,0.01032289955765009,0.8525182008743286,"Up 19% in 2023, Is It Safe to Invest in the Nasdaq Right Now?"
2023-04-16,NVDA,-0.10413790494203568,0.051239363849163055,0.15537726879119873,0.7933834195137024,Nvidia's Afterthought of a Dividend Is a Huge Outlier
2023-04-16,NVDA,0.08622433245182037,0.09906303137540817,0.012838698923587799,0.8880982995033264,2 Top Growth Stocks to Buy Right Now and Hold for the Long Term
2023-04-15,NVDA,0.7133982796221972,0.7304712533950806,0.017072973772883415,0.2524557411670685,Best Artificial Intelligence (AI) Stock to Buy: Tesla vs. Palantir vs. Nvidia vs. Microsoft
2023-04-15,NVDA,0.08679802529513836,0.10100265592336655,0.014204630628228188,0.884792685508728,1 Small Cap Chip Stock to Bet on Quantum Computing
2023-04-14,NVDA,-0.0027628093957901,0.02879492938518524,0.03155773878097534,0.939647376537323,Investors Heavily Search NVIDIA Corporation (NVDA): Here is What You Need to Know
2023-04-14,NVDA,0.23119333758950233,0.2526935636997223,0.021500226110219955,0.7258061766624451,3 Thrilling Robotics Stocks for Aggressive Investors to Buy
2023-04-14,NVDA,0.0432714968919754,0.06265290081501007,0.019381403923034668,0.9179656505584717,"Unusual Call Option Trade in NVIDIA (NVDA) Worth $11,495.90K"
2023-04-14,NVDA,0.037481704726815224,0.05699614807963371,0.01951444335281849,0.9234893918037415,"Unusual Call Option Trade in NVIDIA (NVDA) Worth $2,397.72K"
2023-04-14,NVDA,0.02179700694978237,0.04193849116563797,0.0201414842158556,0.9379199743270874,Should You Invest in Artificial Intelligence Stocks Right Now?
2023-04-13,NVDA,0.6254858374595642,0.6503649950027466,0.024879157543182373,0.32475587725639343,"Amazon cranks up AI competition against Microsoft, Google with new cloud tools"
2023-04-13,NVDA,0.08213100954890251,0.1307300627231598,0.04859905317425728,0.8206709027290344,"Goodbye, Inflation. Hello, Rally"
2023-04-13,NVDA,0.5065040979534388,0.5154582858085632,0.008954187855124474,0.47558751702308655,Avid Technology (AVID) Launches Pro Tools to Elevate Audio
2023-04-13,NVDA,-0.01663973368704319,0.025953015312552452,0.04259274899959564,0.9314542412757874,"Top Stock Reports for Microsoft, Berkshire Hathaway & NVIDIA"
2023-04-13,NVDA,0.042232886888086796,0.05600334703922272,0.013770460151135921,0.93022620677948,Unusual Put Option Trade in NVIDIA (NVDA) Worth $799.92K
2023-04-12,NVDA,-0.01859988644719124,0.036992382258176804,0.05559226870536804,0.9074152708053589,Is Meta Dominating the AI Landscape Over Nvidia and Microsoft?
2023-04-12,NVDA,0.07518763840198517,0.1406642198562622,0.06547658145427704,0.7938591241836548,AMD Stock: Bear vs. Bull
2023-04-12,NVDA,0.9180231485515833,0.9434046745300293,0.025381525978446007,0.03121373802423477,"As Inflation Deteriorates, Stocks Should Rally Big Into Summer"
2023-04-12,NVDA,0.0411690529435873,0.055068239569664,0.013899186626076698,0.9310325384140015,"Unusual Put Option Trade in NVIDIA (NVDA) Worth $1,015.03K"
2023-04-12,NVDA,0.5039532380178571,0.5145443677902222,0.010591129772365093,0.47486451268196106,Why AMD Stock Is a Better Buy Than NVDA Despite the AI Gap
2023-04-11,NVDA,0.7283375300467014,0.7368274331092834,0.008489903062582016,0.25468263030052185,Oracle (ORCL)-Owned Cerner Enviza Signs AI Contract With FDA
2023-04-11,NVDA,-0.004158109426498413,0.0482541024684906,0.052412211894989014,0.8993337154388428,Nvidia (NVDA) Stock Moves -1.49%: What You Should Know
2023-04-11,NVDA,0.03802920877933502,0.05928003415465355,0.021250825375318527,0.9194691777229309,"Unusual Call Option Trade in NVIDIA (NVDA) Worth $2,251.15K"
2023-04-11,NVDA,-0.6392419189214706,0.15839578211307526,0.7976377010345459,0.04396655037999153,Oracle Dips But The Trend Is Strong
2023-04-11,NVDA,0.033111123368144035,0.05500832945108414,0.0218972060829401,0.9230944514274597,Why Nvidia Stock Is a Must-Buy for AI Investors
2023-04-10,NVDA,0.6477520558983088,0.6701630353927612,0.022410979494452477,0.30742591619491577,Here's Why Nvidia Shares Jumped 20% in March
2023-04-10,NVDA,0.04177361819893122,0.05727967619895935,0.015506058000028133,0.9272143244743347,Top AI Stocks To Invest In Right Now? 3 To Watch
2023-04-10,NVDA,0.0016246624290943146,0.04180460795760155,0.04017994552850723,0.9180154204368591,Divergence: the Rare Market Phenomenon To Hoist Your Portfolio
2023-04-10,NVDA,0.07238331995904446,0.09802960604429245,0.025646286085247993,0.8763241171836853,The 3 Most Surprising AI Stocks to Watch in 2023
2023-04-10,NVDA,-0.006106134504079819,0.029085565358400345,0.035191699862480164,0.9357227087020874,Guru Fundamental Report for NVDA
2023-04-09,NVDA,0.01044776663184166,0.03880679979920387,0.028359033167362213,0.9328341484069824,"Tech Stocks AI, NVDA, BABA Dominate Unusual Options Activity"
2023-04-09,NVDA,0.3570033023133874,0.36758241057395935,0.010579108260571957,0.6218384504318237,Prediction: 2 Growth Stocks Will Join Apple and Microsoft in the $2 Trillion Club by 2033
2023-04-08,NVDA,0.1026636902242899,0.11945873498916626,0.016795044764876366,0.863746166229248,A Bull Market Is Coming: 2 Reasons to Buy Nvidia Stock Before It Skyrockets
2023-04-08,NVDA,0.019131556153297424,0.04325128346681595,0.024119727313518524,0.9326289892196655,"If I Had to Allocate $1,000 Between 3 AI Stocks, Here's How I'd Do It"
2023-04-07,NVDA,0.031277451664209366,0.05876614898443222,0.027488697320222855,0.9137451648712158,Is AMD Stock a Buy Now?
2023-04-07,NVDA,0.015538964420557022,0.035462141036987305,0.019923176616430283,0.9446146488189697,See Which Of The Latest 13F Filers Holds NVIDIA
2023-04-07,NVDA,-0.006106134504079819,0.029085565358400345,0.035191699862480164,0.9357227087020874,Guru Fundamental Report for NVDA
2023-04-07,NVDA,0.09885336179286242,0.11113116890192032,0.012277807109057903,0.8765910267829895,Meta's Bet on Generative AI Is Really a Stepping Stone to the Metaverse
2023-04-07,NVDA,0.7769649373367429,0.7869358658790588,0.00997092854231596,0.2030932605266571,Nvidia Stock Is an Undeniable Momentum Pick
2023-04-06,NVDA,0.10443652234971523,0.12179756909608841,0.017361046746373177,0.8608413338661194,Alphabet Says Google's Latest AI Chip is 1.7 Times Faster Than Nvidia. There's a Catch.
2023-04-06,NVDA,0.03899572789669037,0.05640297383069992,0.017407245934009552,0.9261897206306458,The 3 Best Metaverse Stocks to Buy for April 2023
2023-04-06,NVDA,0.47576550394296646,0.5139403343200684,0.0381748303771019,0.44788485765457153,Nvidia Leads AI Race: Latest Benchmark Results Confirm Dominance
2023-04-06,NVDA,-0.20743579417467117,0.0385323241353035,0.24596811830997467,0.7154995203018188,Is Google Challenging Nvidia?
2023-04-06,NVDA,-0.03548715449869633,0.02228597365319729,0.057773128151893616,0.9199408888816833,"Stock Market News for Apr 6, 2023"
2023-04-05,NVDA,-0.01415032148361206,0.06514310836791992,0.07929342985153198,0.8555634617805481,Wednesday's ETF with Unusual Volume: FTC
2023-04-05,NVDA,0.9151426907628775,0.9272982478141785,0.012155557051301003,0.06054618954658508,"Qualcomm, Nvidia spar for top spot in AI chip efficiency tests"
2023-04-05,NVDA,-0.7851406410336494,0.09445392340421677,0.8795945644378662,0.025951480492949486,iShares Core S&P 500 ETF Experiences Big Outflow
2023-04-05,NVDA,-0.9542101994156837,0.010912023484706879,0.9651222229003906,0.02396566793322563,"US STOCKS-S&P, Nasdaq fall as recession worries mount on weak economic data"
2023-04-05,NVDA,0.11070292349904776,0.1194947212934494,0.008791797794401646,0.8717135190963745,Invest with (or Against) Jim Cramer with These New ETFs
2023-04-04,NVDA,0.005397157743573189,0.03249109163880348,0.027093933895230293,0.9404149651527405,"Noteworthy Tuesday Option Activity: BKNG, NVDA, VLO"
2023-04-04,NVDA,0.9273526594042778,0.9528051614761353,0.025452502071857452,0.02174227498471737,"Despite Generative AI Tailwinds, We Think Nvidia Stock Is Overvalued"
2023-04-04,NVDA,0.8324632276780903,0.8402725458145142,0.007809318136423826,0.15191811323165894,"Google says its AI supercomputer is faster, greener than Nvidia"
2023-04-04,NVDA,-0.9562135068699718,0.00921562034636736,0.9654291272163391,0.025355320423841476,US STOCKS-Wall Street ends down as weak economic data fuels recession fears
2023-04-04,NVDA,-0.4260687083005905,0.04200838506221771,0.4680770933628082,0.48991456627845764,How Nvidia Stock Can Keep Crushing the Market in 2023 and Beyond
2023-04-03,NVDA,0.09145276993513107,0.11439503729343414,0.02294226735830307,0.862662672996521,Is Intel Stock a Buy After New Data Center CPU Chips?
2023-04-03,NVDA,-0.6220820099115372,0.08949576318264008,0.7115777730941772,0.1989264041185379,"In the News: Merger Monday, WYNNing Macau Numbers, & Surprise Oil Cuts"
2023-04-03,NVDA,0.07280892133712769,0.2330230325460434,0.1602141112089157,0.6067628264427185,"Positive Seasonality, Tech Outperformance: Bull Market Underway?"
2023-04-03,NVDA,-0.8882007151842117,0.048599645495414734,0.9368003606796265,0.014600002206861973,US STOCKS-Wall Street mixed following inflation fears; Tesla tumbles
2023-04-03,NVDA,0.04449951183050871,0.05745195597410202,0.012952444143593311,0.9295955300331116,Unusual Put Option Trade in NVIDIA (NVDA) Worth $833.14K
2023-04-02,NVDA,0.1690735574811697,0.17956146597862244,0.010487908497452736,0.809950590133667,3 Growth Stocks That Are Leading the Innovation Race
2023-04-02,NVDA,0.18855618871748447,0.20193494856357574,0.01337875984609127,0.784686267375946,The 7 Best Robotics Stocks to Buy for Long-Term Growth
2023-04-02,NVDA,0.17670929431915283,0.18589138984680176,0.009182095527648926,0.8049264550209045,The 7 Best Tech ETFs to Buy for Diversified Exposure
2023-04-02,NVDA,-0.028871644288301468,0.047071825712919235,0.0759434700012207,0.876984715461731,3 AI Stocks You Can't Afford to Miss
2023-04-02,NVDA,0.04784025065600872,0.06744541227817535,0.019605161622166634,0.9129493832588196,3 Tech Stocks I Love Right Now
2023-04-01,NVDA,-0.6947348061949015,0.027999645099043846,0.7227344512939453,0.24926592409610748,Nvidia Stock: Is Trouble on the Horizon?
2023-04-01,NVDA,0.05357839912176132,0.0861859917640686,0.03260759264230728,0.8812064528465271,5 Best Stocks to Buy in April
2023-04-01,NVDA,0.014286838471889496,0.09244988113641739,0.0781630426645279,0.8293870687484741,April Fool! We're Not Buying the Rally in These 3 Growth Stocks
2023-04-01,NVDA,0.01438819244503975,0.043689243495464325,0.029301051050424576,0.9270097017288208,Why You Should Buy Apple Stock
2023-04-01,NVDA,0.5533406808972359,0.6023677587509155,0.04902707785367966,0.3486051559448242,Better Buy: AMD vs. Nvidia
2023-03-31,NVDA,0.10655072517693043,0.11701488494873047,0.010464159771800041,0.872520923614502,"The Future of Data Center CPUs: AMD, Intel, Nvidia, and Surprising Contenders"
2023-03-31,NVDA,0.06112528406083584,0.08678314834833145,0.025657864287495613,0.8875590562820435,The 3 Best Tech Stocks to Buy for Exposure to Artificial Intelligence
2023-03-31,NVDA,-0.007664639502763748,0.024187657982110977,0.031852297484874725,0.9439600706100464,Interesting NVDA Put And Call Options For October 20th
2023-03-31,NVDA,0.560696080327034,0.7474187016487122,0.18672262132167816,0.06585870683193207,US STOCKS-S&P 500 set for upbeat end to quarter amid softer Fed policy hopes
2023-03-31,NVDA,-0.9334934884682298,0.010956532321870327,0.9444500207901001,0.044593390077352524,Will Layoffs by Big Tech Players Hurt Ethical AI Development?
2023-03-30,NVDA,0.3701622188091278,0.398794025182724,0.02863180637359619,0.5725741386413574,Is NVIDIA (NVDA) Stock Outpacing Its Computer and Technology Peers This Year?
2023-03-30,NVDA,0.21578219532966614,0.27556684613227844,0.059784650802612305,0.6646484732627869,7 Top Momentum Stocks to Ride the Bullish Trend
2023-03-30,NVDA,0.2690669381991029,0.2818889617919922,0.012822023592889309,0.7052890658378601,"The Company Behind This $10,000 Artificial Intelligence Chip Just Flashed a Buy Signal"
2023-03-30,NVDA,0.01622462458908558,0.0379195362329483,0.021694911643862724,0.9403855800628662,NVDA May 12th Options Begin Trading
2023-03-30,NVDA,0.04135270323604345,0.055446282029151917,0.014093578793108463,0.9304601550102234,"Unusual Put Option Trade in NVIDIA (NVDA) Worth $1,807.06K"
2023-03-29,NVDA,0.6685655284672976,0.6822949647903442,0.013729436323046684,0.3039756119251251,Is Nuveen ESG Large-Cap Growth ETF (NULG) a Strong ETF Right Now?
2023-03-29,NVDA,0.09528580959886312,0.1073431596159935,0.012057350017130375,0.8805994391441345,The 3 Best Stocks to Buy if We Enter a New Bull Market Soon
2023-03-29,NVDA,-0.00013670697808265686,0.026283182203769684,0.02641988918185234,0.9472969174385071,Pre-Markets in Green Ahead of Final Trading Days of March
2023-03-29,NVDA,-0.0008523836731910706,0.033041831105947495,0.033894214779138565,0.9330639839172363,Speculation as Sport Between Econ Data
2023-03-29,NVDA,0.19559267722070217,0.21024611592292786,0.014653438702225685,0.7751004099845886,"Nvidia Stock Is an AI Winner, but How Much Higher Can It Go?"
2023-03-28,NVDA,0.20709474198520184,0.21660244464874268,0.00950770266354084,0.7738898992538452,The 3 Best Growth Stocks to Buy in the Artificial Intelligence Sector
2023-03-28,NVDA,0.06294356845319271,0.07577251642942429,0.012828947976231575,0.9113985300064087,AI computing startup Cerebras releases open source ChatGPT-like models
2023-03-28,NVDA,0.7166903708130121,0.7332953810691833,0.016605010256171227,0.2500995993614197,"Will the Big Shifts at Medtronic Boost Revenue, Rating?"
2023-03-28,NVDA,-0.006106134504079819,0.029085565358400345,0.035191699862480164,0.9357227087020874,Guru Fundamental Report for NVDA
2023-03-28,NVDA,0.11391467601060867,0.13241490721702576,0.018500231206417084,0.8490849137306213,The 3 Most Promising Robotics Stocks to Watch in 2023
2023-03-27,NVDA,0.06107443571090698,0.08064646273851395,0.019572027027606964,0.8997815251350403,"Noteworthy Monday Option Activity: NVDA, DEN, META"
2023-03-27,NVDA,0.5149499773979187,0.7175306677818298,0.20258069038391113,0.07988861203193665,2 Semiconductor Stocks Beating Near-Term Uncertainty in Industry
2023-03-27,NVDA,-0.03257803991436958,0.023843970149755478,0.05642201006412506,0.919734001159668,Should Investors Chase Nvidia or AMD Stock at Current Levels?
2023-03-27,NVDA,0.010811194777488708,0.05390385910868645,0.04309266433119774,0.9030035138130188,Price & Volume: The Anatomy of a True Market Leader
2023-03-27,NVDA,-0.02254227176308632,0.033056944608688354,0.05559921637177467,0.9113438129425049,"What Is Nvidia Picasso, and Why Should You Pay Close Attention to It?"
2023-03-26,NVDA,0.14987833332270384,0.16047976911067963,0.010601435787975788,0.8289188146591187,3 Top Tech Stocks That Could Help Make You Rich by Retirement
2023-03-26,NVDA,0.7548083290457726,0.8623864650726318,0.10757813602685928,0.030035467818379402,Wall St Week Ahead-Strength in megacap stocks masks broader U.S. market woes
2023-03-26,NVDA,0.25219186767935753,0.2692053020000458,0.017013434320688248,0.7137811779975891,AI Software Revenue Is Racing Toward $14 Trillion: 2 Growth Stocks to Buy Now and Hold
2023-03-26,NVDA,-0.0370587594807148,0.04077425226569176,0.07783301174640656,0.881392776966095,TikTok Ban – Chinese Stocks in the Crosshairs?
2023-03-26,NVDA,-0.9342881869524717,0.0170260239392519,0.9513142108917236,0.03165970742702484,"1 Stock Absolutely Crushing the Nasdaq in 2023, and 1 That's Underperforming"
2023-03-25,NVDA,0.007801087573170662,0.031826313585042953,0.02402522601187229,0.9441484808921814,What AMD and Nvidia Investors Should Know About Recent Updates
2023-03-25,NVDA,0.499030401930213,0.517117440700531,0.01808703877031803,0.4647955596446991,Nvidia's Stock Is Up Over 80% This Year. Is It a Buy?
2023-03-24,NVDA,0.040091656148433685,0.0544789656996727,0.014387309551239014,0.9311337471008301,"Unusual Put Option Trade in NVIDIA (NVDA) Worth $1,014.38K"
2023-03-24,NVDA,-0.8444498907774687,0.026135729625821114,0.8705856204032898,0.10327866673469543,Nvidia Stock (NASDAQ:NVDA): Going All-in on AI Hardware
2023-03-24,NVDA,0.005862470716238022,0.04130472242832184,0.035442251712083817,0.923253059387207,VettaFi Voices On: Where the Fed Goes Next on Rate Hikes
2023-03-24,NVDA,0.012075826525688171,0.10652848333120346,0.09445265680551529,0.7990188598632812,Friday's ETF with Unusual Volume: FTXL
2023-03-24,NVDA,-0.9461511569097638,0.009751061908900738,0.9559022188186646,0.034346725791692734,Wall Street Loses Momentum Towards End of Week
2023-03-23,NVDA,0.668452650308609,0.8045974373817444,0.13614478707313538,0.05925779789686203,US STOCKS-Wall St ends higher as Yellen vows actions to safeguard deposits
2023-03-23,NVDA,0.0573222367092967,0.07177717983722687,0.014454943127930164,0.9137678146362305,Unusual Call Option Trade in NVIDIA (NVDA) Worth $852.28K
2023-03-23,NVDA,0.15108870156109333,0.16171970963478088,0.010631008073687553,0.8276492953300476,2 Semiconductor Stocks to Buy with Reasonable Valuations
2023-03-23,NVDA,-0.5285855382680893,0.20857645571231842,0.7371619939804077,0.05426155775785446,US STOCKS-Futures climb as rate-hike pause hopes rise
2023-03-23,NVDA,0.03026249073445797,0.04963010922074318,0.01936761848628521,0.9310022592544556,Top Stocks To Buy For 2023? 3 Tech Stocks To Know
2023-03-22,NVDA,-0.0009547322988510132,0.18786682188510895,0.18882155418395996,0.6233115792274475,"Investors, Take Note: Nvidia's Rush of New AI Deals Could Be a Game Changer"
2023-03-22,NVDA,0.6739414883777499,0.6835326552391052,0.009591166861355305,0.30687618255615234,7 Established Stocks That Are Poised for Growth in 2023
2023-03-22,NVDA,-0.018188077956438065,0.03323035687208176,0.05141843482851982,0.9153512120246887,What Should Investors Expect For the 2023 Q1 Earnings Season?
2023-03-22,NVDA,0.018007244914770126,0.04403987526893616,0.02603263035416603,0.9299274682998657,"S&P 500 Movers: HST, LUMN"
2023-03-22,NVDA,0.29260107409209013,0.30442681908607483,0.0118257449939847,0.683747410774231,"7 Hot Stocks To Turn $1,000 Into $10,000 By 2030"
2023-03-21,NVDA,0.04476466868072748,0.05979493260383606,0.015030263923108578,0.9251747727394104,Nvidia Revolutionizes the Cloud -- What Nvidia Investors Should Know
2023-03-21,NVDA,-0.023880735039711,0.045303650200366974,0.06918438524007797,0.8855119347572327,ETF Winners & Losers from the Banking Crisis
2023-03-21,NVDA,0.6423502340912819,0.7098526954650879,0.067502461373806,0.2226448953151703,Why Amazon Stock Rallied on Tuesday
2023-03-21,NVDA,0.05915829632431269,0.07338450103998184,0.014226204715669155,0.91238933801651,NVIDIA Corporation (NVDA) is Attracting Investor Attention: Here is What You Should Know
2023-03-21,NVDA,0.021801328286528587,0.0388411246240139,0.017039796337485313,0.9441191554069519,Exane BNP Paribas Upgrades NVIDIA (NVDA)
2023-03-20,NVDA,0.4470366556197405,0.4702143371105194,0.023177681490778923,0.5066080093383789,"4 Stocks, From Semiconductors Giants to Cybersecurity Monsters, With Huge Upside Potential"
2023-03-20,NVDA,0.6266956981271505,0.649822473526001,0.02312677539885044,0.3270507752895355,Best AI Stock: C3.ai vs. Nvidia vs. Microsoft vs. Google
2023-03-20,NVDA,0.063768669962883,0.08246709406375885,0.018698424100875854,0.8988344669342041,"Microsoft's EU remedies target only cloud streaming rivals, sources says"
2023-03-20,NVDA,0.0563616082072258,0.07398459315299988,0.01762298494577408,0.9083924293518066,"Noteworthy Monday Option Activity: BKNG, NVDA, META"
2023-03-20,NVDA,0.008491117507219315,0.04265083745121956,0.034159719944000244,0.9231894612312317,Checking In on Tech and Retail
2023-03-19,NVDA,0.35509058739989996,0.36391502618789673,0.008824438787996769,0.6272605061531067,The 3 Best Artificial Intelligence ETFs to Buy for Long-Term Growth
2023-03-19,NVDA,0.008794963359832764,0.03146204724907875,0.022667083889245987,0.9458708763122559,Morgan Stanley Upgrades NVIDIA (NVDA)
2023-03-19,NVDA,0.01595110259950161,0.03681910037994385,0.020867997780442238,0.9423128962516785,Place Nvidia Stock at the Top of Your Watchlist
2023-03-19,NVDA,0.10305259563028812,0.11564222723245621,0.012589631602168083,0.8717681169509888,12-Stock Portfolio -- 25 Growth Stocks to Buy Now
2023-03-18,NVDA,0.5388677893206477,0.5483080744743347,0.009440285153687,0.44225162267684937,Exciting Developments in the AI Space
2023-03-18,NVDA,0.030274154618382454,0.0470719151198864,0.016797760501503944,0.9361303448677063,Where to Invest in Artificial Intelligence Stocks Today
2023-03-17,NVDA,-0.014308854937553406,0.11007354408502579,0.1243823990225792,0.765544056892395,Friday's ETF with Unusual Volume: QUAL
2023-03-17,NVDA,-0.026412969455122948,0.027293650433421135,0.05370661988854408,0.9189996719360352,Reckoning for Bank Stocks on St. Patrick's Day
2023-03-17,NVDA,-0.05390350893139839,0.024367425590753555,0.07827093452215195,0.8973615765571594,Pre-Markets in Red on Banking Sector Concerns
2023-03-17,NVDA,0.03690509498119354,0.05425834655761719,0.017353251576423645,0.9283884763717651,"Nasdaq 100 Movers: ENPH, WBD"
2023-03-17,NVDA,0.04599252622574568,0.059360697865486145,0.013368171639740467,0.9272710680961609,Unusual Put Option Trade in NVIDIA (NVDA) Worth $824.96K
2023-03-16,NVDA,0.07248812913894653,0.10216952860355377,0.02968139946460724,0.8681490421295166,3 Breakout Stocks to Buy Before They Skyrocket
2023-03-16,NVDA,0.5892192758619785,0.6221645474433899,0.03294527158141136,0.34489017724990845,"Why AMD, Intel, and Nvidia Stock All Rallied on Thursday"
2023-03-16,NVDA,0.02294199727475643,0.04365867003798485,0.020716672763228416,0.9356247186660767,"If You Invested $10,000 in Nvidia Stock in 2013, This Is How Much You Would Have Today"
2023-03-16,NVDA,0.045605868101119995,0.06215851008892059,0.016552641987800598,0.9212889075279236,Unusual Call Option Trade in NVIDIA (NVDA) Worth $749.05K
2023-03-16,NVDA,0.10116470605134964,0.11425180733203888,0.01308710128068924,0.8726610541343689,3 AI Stocks That Are Revolutionizing the Auto Industry
2023-03-15,NVDA,0.1582970842719078,0.1677524894475937,0.009455405175685883,0.8227920532226562,Meta Platforms Is Dominating Amazon in This Revolutionary Technology
2023-03-15,NVDA,0.6708449255675077,0.6779897809028625,0.007144855335354805,0.3148653209209442,3 Stocks That Can Benefit Greatly From This AI Battle
2023-03-15,NVDA,0.8456461280584335,0.8724174499511719,0.026771321892738342,0.10081125050783157,3 Chip Stocks Set to Buck the Trend
2023-03-15,NVDA,0.8210475780069828,0.8633653521537781,0.04231777414679527,0.09431689232587814,Microsoft signs Japanese licensing agreement amid Activision deal
2023-03-15,NVDA,0.9107434004545212,0.9226254820823669,0.011882081627845764,0.06549245119094849,Microsoft's New AI Machines and OpenAI's New ChatGPT-4 Are Big Wins for Nvidia Stock Investors
2023-03-14,NVDA,0.06536189466714859,0.08264029026031494,0.01727839559316635,0.9000813364982605,The 10 Best Stocks to Buy in March 2023
2023-03-14,NVDA,-0.08432036638259888,0.10124106705188751,0.1855614334344864,0.7131975293159485,Why Nvidia Stock Popped Tuesday Morning
2023-03-14,NVDA,0.879418914206326,0.8938966989517212,0.014477784745395184,0.09162553399801254,Microsoft inks licensing deal with cloud gaming provider Boosteroid
2023-03-14,NVDA,-0.006106149405241013,0.029085557907819748,0.03519170731306076,0.9357227087020874,Guru Fundamental Report for NVDA
2023-03-14,NVDA,-0.3383379280567169,0.26953527331352234,0.6078732013702393,0.12259155511856079,"Qualcomm spars with EU antitrust regulators over Huawei, ZTE rebates"
2023-03-13,NVDA,-0.07789415121078491,0.035831376910209656,0.11372552812099457,0.8504430651664734,1 Massive Reason to Avoid Nvidia Stock Right Now
2023-03-13,NVDA,0.015619585290551186,0.03558257222175598,0.019962986931204796,0.9444543719291687,"The Zacks Analyst Blog Highlights NVIDIA, McDonald's, Intuit, AT&T and Regeneron Pharmaceuticals"
2023-03-13,NVDA,-0.07285577058792114,0.030991658568382263,0.1038474291563034,0.8651609420776367,3 Tech Titans Making Noise Within AI
2023-03-13,NVDA,0.4825381087139249,0.49575528502464294,0.01321717631071806,0.49102750420570374,"Beat the Market Like Zacks: United Airlines, NVIDIA, WANdisco in Focus"
2023-03-13,NVDA,-0.006106149405241013,0.029085557907819748,0.03519170731306076,0.9357227087020874,Guru Fundamental Report for NVDA
2023-03-10,NVDA,0.012183552607893944,0.033693619072437286,0.021510066464543343,0.9447962641716003,"What AMD, Intel, and Nvidia Stock Investors Should Know About Recent Updates"
2023-03-10,NVDA,0.07712296023964882,0.09117142856121063,0.014048468321561813,0.8947800993919373,"Notable Friday Option Activity: NVDA, OZK, GXO"
2023-03-10,NVDA,0.015231022611260414,0.04153099283576012,0.026299970224499702,0.9321690797805786,"Top Analyst Reports for NVIDIA, McDonald's & Intuit"
2023-03-10,NVDA,0.020902780815958977,0.04590441286563873,0.025001632049679756,0.9290939569473267,NVIDIA Corporation (NVDA) Is a Trending Stock: Facts to Know Before Betting on It
2023-03-10,NVDA,-0.006106149405241013,0.029085557907819748,0.03519170731306076,0.9357227087020874,Guru Fundamental Report for NVDA
2023-03-09,NVDA,0.21861559990793467,0.228648841381073,0.010033241473138332,0.7613179683685303,Forget the AI Hype: Nvidia's Road to $1 Trillion Is This
2023-03-09,NVDA,0.013683721423149109,0.03844583407044411,0.024762112647294998,0.9367921352386475,Buy Nvidia (NVDA) & Broadcom (AVGO) Stock for More Upside?
2023-03-09,NVDA,0.3564138924703002,0.36793676018714905,0.01152286771684885,0.6205403208732605,Groq adapts Meta's chatbot for its own chips in race against Nvidia
2023-03-09,NVDA,-0.00955154001712799,0.03246431425213814,0.04201585426926613,0.9255198240280151,ETFs to Buy if You Love (or Hate) Jim Cramer
2023-03-09,NVDA,-0.013300692662596703,0.021274836733937263,0.034575529396533966,0.9441496133804321,April 28th Options Now Available For NVIDIA
2023-03-08,NVDA,0.3008671524003148,0.30968523025512695,0.008818077854812145,0.6814967393875122,3 High-Growth Stocks in the Artificial Intelligence Industry
2023-03-08,NVDA,0.29563271440565586,0.3125416040420532,0.016908889636397362,0.6705495119094849,Will Tech Sector Earnings Growth Resume in Q1?
2023-03-08,NVDA,0.09432724118232727,0.1344652622938156,0.04013802111148834,0.8253966569900513,Are FANGMAN and the Big Cap Growth Stocks Back?
2023-03-08,NVDA,0.07525198347866535,0.09154284000396729,0.016290856525301933,0.8921663165092468,3 AI Stocks That Are Revolutionizing Manufacturing
2023-03-08,NVDA,0.028409838676452637,0.41527441143989563,0.386864572763443,0.19786101579666138,US STOCKS-S&P 500 inches higher with focus on jobs data
2023-03-07,NVDA,0.0804770402610302,0.09963496029376984,0.01915792003273964,0.8812071084976196,Nvidia Stock (NASDAQ:NVDA): Riding High on AI; Should You Buy?
2023-03-07,NVDA,0.10931375250220299,0.13996273279190063,0.030648980289697647,0.8293882608413696,Tuesday's ETF with Unusual Volume: EFIV
2023-03-07,NVDA,0.011269312351942062,0.04123460873961449,0.029965296387672424,0.9288001656532288,7 Cathie Wood Stocks for Your March Buy List
2023-03-07,NVDA,-0.948358753696084,0.018010934814810753,0.9663696885108948,0.01561934407800436,"Nvidia, AMD grapple with latest U.S. curbs on sales to China's Inspur"
2023-03-07,NVDA,-0.024207783862948418,0.023236067965626717,0.047443851828575134,0.9293200969696045,U.S. reviewing China's Inspur Group entity listing
2023-03-06,NVDA,0.46081799175590277,0.4724656939506531,0.011647702194750309,0.515886664390564,"SoftBank's Arm aims to raise at least $8 billion in U.S. IPO, sources say"
2023-03-06,NVDA,0.0017193909734487534,0.031824540346860886,0.030105149373412132,0.9380702376365662,Validea Guru Fundamental Report for NVDA - 3/6/2023
2023-03-06,NVDA,0.06909394636750221,0.12009087949991226,0.05099693313241005,0.8289121985435486,Why Did Nvidia Stock Climb 19% in February?
2023-03-06,NVDA,0.039553869515657425,0.056953564286231995,0.01739969477057457,0.9256467819213867,3 Things About Nvidia That Smart Investors Know
2023-03-06,NVDA,-0.9273508638143539,0.012605443596839905,0.9399563074111938,0.04743827506899834,EXCLUSIVE-Nvidia's plans for sales to Huawei imperiled if U.S. tightens Huawei curbs-draft
2023-03-05,NVDA,0.46081799175590277,0.4724656939506531,0.011647702194750309,0.515886664390564,"SoftBank's Arm aims to raise at least $8 billion in U.S. IPO, sources say"
2023-03-05,NVDA,0.0179755799472332,0.05249552056193352,0.03451994061470032,0.9129845499992371,3 Semiconductor Stocks To Watch In March 2023
2023-03-05,NVDA,0.013312529772520065,0.041490331292152405,0.02817780151963234,0.9303318858146667,3 Growth Stocks That Are Screaming Buys in March
2023-03-05,NVDA,0.04985515587031841,0.0740257278084755,0.02417057193815708,0.901803731918335,2 No-Brainer Stocks to Buy With $300 Right Now
2023-03-05,NVDA,-0.4928152821958065,0.042487118393182755,0.5353024005889893,0.4222104847431183,These 3 Stocks Might Be Getting a Little Too Expensive
2023-03-04,NVDA,0.002695145085453987,0.03221913054585457,0.02952398546040058,0.9382569193840027,Validea Guru Fundamental Report for NVDA - 3/4/2023
2023-03-04,NVDA,0.013528147712349892,0.039557743817567825,0.026029596105217934,0.9344125986099243,"If You Invested $1,000 in Nvidia in 1999, Here's the Shocking Amount You Would Have Now"
2023-03-03,NVDA,-0.002066897228360176,0.023172618821263313,0.02523951604962349,0.9515879154205322,"Ex-Dividend Reminder: NVIDIA, Southwest Airlines and Walker & Dunlop"
2023-03-03,NVDA,-0.026049403473734856,0.02698117308318615,0.053030576556921005,0.919988214969635,"In One Sentence, Nvidia's CEO Explained the Real Reason ChatGPT Matters"
2023-03-03,NVDA,-0.9273508638143539,0.012605443596839905,0.9399563074111938,0.04743827506899834,EXCLUSIVE-Nvidia's plans for sales to Huawei imperiled if U.S. tightens Huawei curbs-draft
2023-03-03,NVDA,0.4984702691435814,0.5515348315238953,0.05306456238031387,0.3954005837440491,Better Buy: Nvidia vs. AMD
2023-03-03,NVDA,0.0008023716509342194,0.02376975119113922,0.022967379540205002,0.9532628059387207,"Stocks & ETFs for AI, Travel & Green Hydrogen"
2023-03-02,NVDA,0.9140864666551352,0.942707359790802,0.028620893135666847,0.028671709820628166,Broadcom forecasts second-quarter revenue above estimates on AI boost
2023-03-02,NVDA,-0.03971572406589985,0.020973151549696922,0.06068887561559677,0.9183380007743835,"Company News for Mar 2, 2023"
2023-03-02,NVDA,0.6253134440630674,0.6451753973960876,0.01986195333302021,0.3349626362323761,"Notable ETF Inflow Detected - SPYG, NVDA, TSLA, GOOGL"
2023-03-02,NVDA,0.8882428016513586,0.90352463722229,0.015281835570931435,0.08119363337755203,"EXCLUSIVE-Microsoft set to win EU nod on Activision with licensing offer, sources say"
2023-03-02,NVDA,-0.7981572635471821,0.03187889978289604,0.8300361633300781,0.13808497786521912,Why Qualcomm Stock Lagged the Market on Thursday
2023-03-01,NVDA,0.017939215525984764,0.03394890949130058,0.01600969396531582,0.9500414133071899,"Pre-Market Most Active for Mar 1, 2023 : NIO, FHN, TQQQ, VCSH, SQQQ, IQ, TSLA, NVDA, AMC, XOM, NOK, XPEV"
2023-03-01,NVDA,-0.659763902425766,0.04789212346076965,0.7076560258865356,0.24445182085037231,Weekly Recap: Investors Shift Gears as the Year’s Worst Week Unfolds
2023-03-01,NVDA,0.027888204902410507,0.07560983300209045,0.04772162809967995,0.8766685128211975,Ambarella: An AI Play In The Making
2023-03-01,NVDA,0.1030917102470994,0.11575343459844589,0.012661724351346493,0.8715847730636597,How Artificial Intelligence is Revolutionizing the EV Industry: Top 3 Stocks to Buy
2023-03-01,NVDA,0.8918091766536236,0.9029858708381653,0.011176694184541702,0.08583743125200272,Better AI Stock: Nvidia vs. Meta Platforms
2023-02-28,NVDA,0.7957501336932182,0.8117046356201172,0.015954501926898956,0.17234082520008087,3 Hyper-Growth Stocks With Incredible Upside Potential
2023-02-28,NVDA,-0.27978309988975525,0.07060033082962036,0.3503834307193756,0.5790162086486816,The Bear Market Is Over for Nvidia
2023-02-28,NVDA,0.5210819905623794,0.5308278799057007,0.009745889343321323,0.45942622423171997,Nvidia Has a Tremendous Growth Opportunity That No One Is Talking About
2023-02-28,NVDA,0.317927373573184,0.33736929297447205,0.019441919401288033,0.6431888341903687,Nvidia files mixed shelf offering of up to $10 bln
2023-02-28,NVDA,0.06139131262898445,0.08019834756851196,0.01880703493952751,0.9009946584701538,Unusual Call Option Trade in NVIDIA (NVDA) Worth $770.77K
2023-02-27,NVDA,-0.2068137638270855,0.038211721926927567,0.24502548575401306,0.7167628407478333,"Nvidia Reported Its Earnings, but This Next Event Might Be a Game Changer"
2023-02-27,NVDA,0.0017520133405923843,0.02933986485004425,0.027587851509451866,0.9430722594261169,The Future of AI Stocks: 7 Companies to Keep Your Eye On
2023-02-27,NVDA,0.02564808540046215,0.05170920118689537,0.02606111578643322,0.9222297072410583,The Top 3 Growth Stocks to Play the Metaverse Trend
2023-02-27,NVDA,0.5320435278117657,0.5567185282707214,0.024675000458955765,0.4186064898967743,1 Tech Stock Leading the Market Recovery
2023-02-27,NVDA,0.11086860857903957,0.12947149574756622,0.01860288716852665,0.8519256114959717,Best Crypto Stock to Buy Now: Coinbase Stock vs. Nvidia Stock
2023-02-26,NVDA,0.9065872244536877,0.9176400303840637,0.011052805930376053,0.07130716741085052,7 Growth Stocks Poised to Benefit from the Metaverse Trend
2023-02-26,NVDA,0.022429315373301506,0.04316866397857666,0.020739348605275154,0.9360920190811157,Better Healthcare AI Stock: Nvidia or GE Healthcare?
2023-02-26,NVDA,0.7881682058796287,0.7969536781311035,0.008785472251474857,0.1942608505487442,Never Mind ChatGPT and BardAI; Nvidia Is the Real Winner in the Ongoing AI Revolution
2023-02-25,NVDA,0.0007821489125490189,0.031214473769068718,0.0304323248565197,0.9383531808853149,Validea Guru Fundamental Report for NVDA - 2/25/2023
2023-02-25,NVDA,0.7885110154747963,0.8787501454353333,0.09023912996053696,0.031010674312710762,AI Hype Boosts Nvidia's Stock Price After Lackluster Earnings
2023-02-24,NVDA,-0.9634198760613799,0.008903958834707737,0.9723238348960876,0.018772218376398087,"US STOCKS-Wall St closes sharply down, biggest weekly drop of 2023"
2023-02-24,NVDA,-0.01883579045534134,0.045485720038414,0.06432151049375534,0.8901928067207336,"Fed Minutes, Inflation Data Highlighted President's Day Week"
2023-02-24,NVDA,-0.3282375633716583,0.03817370533943176,0.3664112687110901,0.5954149961471558,Buyers Can't Get Enough of These 3 S&P 500 Stocks in 2023
2023-02-24,NVDA,0.8027519136667252,0.8784832954406738,0.07573138177394867,0.04578537121415138,"Nikkei climbs most in a month on chip stocks, BOJ outlook"
2023-02-24,NVDA,0.607379674911499,0.7747132182121277,0.16733354330062866,0.057953253388404846,Wall St Week Ahead-U.S. economic resilience could add luster to semiconductor shares
2023-02-23,NVDA,0.7981076203286648,0.8395845890045166,0.04147696867585182,0.11893846094608307,Why AMD and Taiwan Semiconductor Stocks Followed Nvidia Higher Today
2023-02-23,NVDA,-0.6603123545646667,0.15550988912582397,0.8158222436904907,0.028667904436588287,"US STOCKS-Wall St ends topsy-turvy day higher, S&P snaps losing streak"
2023-02-23,NVDA,-0.9049010314047337,0.034173186868429184,0.9390742182731628,0.02675255946815014,"Nikkei rebounds from one-month low on chip stocks, BOJ outlook"
2023-02-23,NVDA,0.8771563591435552,0.8883795142173767,0.011223155073821545,0.10039734095335007,Nvidia Stock (NASDAQ:NVDA): An AI Winner Emerges
2023-02-23,NVDA,0.9107787329703569,0.9400928020477295,0.02931406907737255,0.03059321641921997,"GLOBAL MARKETS-Stocks, crude oil advances despite higher interest rate expectations"
2023-02-22,NVDA,-0.00872877798974514,0.025389818474650383,0.03411859646439552,0.9404915571212769,"After-Hours Earnings Report for February 22, 2023 : NVDA, PXD, EBAY, GMAB, ANSS, EXR, SUI, ICLR, CTRA, LCID, MOS, ETSY"
2023-02-22,NVDA,0.037343552336096764,0.05477546900510788,0.017431916669011116,0.9277926087379456,EXPLAINER-How Microsoft is addressing antitrust concerns over Activision deal
2023-02-22,NVDA,0.008441409096121788,0.038691259920597076,0.03024985082447529,0.9310588836669922,Nvidia (NVDA) Q4 2023 Earnings Call Transcript
2023-02-22,NVDA,0.15892475843429565,0.17470361292362213,0.015778854489326477,0.8095175623893738,Nvidia Earnings Pop the Stock Over 8% -- Is Nvidia Stock a Buy Now?
2023-02-22,NVDA,0.11538061313331127,0.13453398644924164,0.019153373315930367,0.8463126420974731,Nvidia Earnings Pop the Stock Over 75 -- Is Nvidia Stock a Buy Now?
2023-02-21,NVDA,0.03075524792075157,0.0777989998459816,0.047043751925230026,0.8751572370529175,"Microsoft's president to push Activision deal at EU hearing; Google, Nvidia also present"
2023-02-21,NVDA,0.13881302811205387,0.15247701108455658,0.013663982972502708,0.8338589668273926,Nvidia (NVDA) Earnings: Finding a Potential Options Trade
2023-02-21,NVDA,0.6893300665542483,0.7034144401550293,0.014084373600780964,0.2825012505054474,Microsoft's Strategic Alliances With Nvidia and Nintendo: A Winning Move?
2023-02-21,NVDA,0.013781391084194183,0.04642930254340172,0.032647911459207535,0.9209227561950684,7 High-Growth Tech Stocks to Keep Your Eyes On
2023-02-21,NVDA,0.055192952044308186,0.06951779127120972,0.014324839226901531,0.9161573648452759,3 ETFs to Buy for a Tech Stock Rebound
2023-02-20,NVDA,0.0049901604652404785,0.1430419385433197,0.13805177807807922,0.7189062833786011,These 2 Outstanding Tech Stocks are Heating Up
2023-02-20,NVDA,0.011068873107433319,0.03516506031155586,0.024096187204122543,0.9407387375831604,AI Hype or Real Opportunity: What Nvidia Investors Need to Know
2023-02-20,NVDA,0.028769386932253838,0.047893743962049484,0.019124357029795647,0.9329818487167358,"If You Invested $10,000 in Nvidia in 2013, This Is How Much You Would Have Today"
2023-02-20,NVDA,0.8752696374431252,0.8886728882789612,0.013403250835835934,0.09792383760213852,Better AI Stock: Nvidia vs. Alphabet
2023-02-20,NVDA,0.06607117410749197,0.07587336003780365,0.00980218593031168,0.9143244624137878,Should You Invest in the Invesco Dynamic Semiconductors ETF (PSI)?
2023-02-19,NVDA,-0.023177657276391983,0.02488333359360695,0.04806099086999893,0.9270556569099426,Validea Daily Guru Fundamental Report for NVDA - 2/19/2023
2023-02-19,NVDA,0.4733021408319473,0.7217258214950562,0.24842368066310883,0.029850531369447708,"GLOBAL MARKETS-Asia shares creep higher, wary on Fed and BOJ outlooks"
2023-02-19,NVDA,-0.9033484607934952,0.03359214961528778,0.936940610408783,0.02946728654205799,"GLOBAL MARKETS-Asia shares muted by unease over Fed, BOJ policy"
2023-02-19,NVDA,-0.004444591701030731,0.03362834453582764,0.03807293623685837,0.9282987713813782,"Weekly Preview: Earnings to Watch This Week 2-19-23 (BABA, LCID, NKLA, NVDA)"
2023-02-19,NVDA,-0.8548664934933186,0.05812878534197807,0.9129952788352966,0.028875943273305893,"GLOBAL MARKETS-Asia shares hesitant ahead of updates on Fed, BOJ policies"
2023-02-18,NVDA,-0.005979083478450775,0.027182456105947495,0.03316153958439827,0.9396560192108154,"Beth Kindig on AI, Semiconductors, and Tech Cycles"
2023-02-17,NVDA,-0.8947877548635006,0.019514713436365128,0.9143024682998657,0.06618282943964005,Wall Street drops as investors fret about interest rates
2023-02-17,NVDA,-0.05304161459207535,0.02011416107416153,0.07315577566623688,0.9067301154136658,AI Stocks: The ACTUAL Winners and Losers from the AI Revolution
2023-02-17,NVDA,0.11189232766628265,0.12703561782836914,0.015143290162086487,0.8578211069107056,2 No-Brainer Tech Stocks to Buy and Hold Forever
2023-02-17,NVDA,0.0012092478573322296,0.0310674998909235,0.02985825203359127,0.9390742778778076,Interview With David Rolfe of Wedgewood Partners
2023-02-17,NVDA,0.07145859766751528,0.08428820967674255,0.012829612009227276,0.9028822183609009,"As Interest in AI Surges, Check Out This ETF"
2023-02-16,NVDA,-0.9127257149666548,0.028269143775105476,0.9409948587417603,0.030735883861780167,US STOCKS-Wall St eyes lower open as producer prices rebound
2023-02-16,NVDA,0.15381655283272266,0.18269874155521393,0.028882188722491264,0.7884190082550049,NVDA vs. AMBA: Which AI-Related Stock is Better?
2023-02-16,NVDA,-0.274916835129261,0.050743572413921356,0.3256604075431824,0.6235960125923157,NVIDIA Q4 Preview: Rebound Quarter Inbound?
2023-02-16,NVDA,0.07977130822837353,0.09226179867982864,0.012490490451455116,0.8952476978302002,7 Stocks to Buy for the Future of Autonomous Vehicles
2023-02-16,NVDA,0.049404704943299294,0.06742438673973083,0.01801968179643154,0.9145559668540955,"Notable Thursday Option Activity: BBWI, NVDA, META"
2023-02-15,NVDA,-0.19011037796735764,0.057087622582912445,0.24719800055027008,0.6957143545150757,Nvidia (NVDA) Stock Sinks As Market Gains: What You Should Know
2023-02-15,NVDA,0.9203651817515492,0.9351938962936401,0.014828714542090893,0.04997743293642998,"Roblox Gains Traction With Metaverse, Shares Pop"
2023-02-15,NVDA,0.09771115519106388,0.11953527480363846,0.021824119612574577,0.8586406111717224,Nvidia Can Benefit Dramatically From This Big Tech AI Battle -- but Is It All Hype?
2023-02-15,NVDA,0.9350646678358316,0.9516995549201965,0.01663488708436489,0.03166555240750313,Cadence Design Gaps 7% Higher On Stellar Full-Year Guidance
2023-02-15,NVDA,-0.011384092271327972,0.03544292598962784,0.04682701826095581,0.9177300333976746,The Large Cap Rally Is Largely About These 3 Stocks
2023-02-14,NVDA,-0.05944278836250305,0.41634446382522583,0.4757872521877289,0.10786823183298111,Wall St steady as gains in growth stocks counter rate jitters
2023-02-14,NVDA,0.315743375569582,0.3333670198917389,0.017623644322156906,0.6490093469619751,Why Nvidia Is Rising Today
2023-02-14,NVDA,0.11344749666750431,0.13056248426437378,0.01711498759686947,0.8523225784301758,Nvidia’s (NASDAQ:NVDA) Shovels Drive the AI Gold Rush
2023-02-14,NVDA,-0.0012401342391967773,0.03698021173477173,0.038220345973968506,0.9247994422912598,"Tuesday Sector Leaders: Materials, Technology & Communications"
2023-02-14,NVDA,-0.7910775691270828,0.06361298263072968,0.8546905517578125,0.08169646561145782,AI Stocks & ETFs Surge Amid ChatGPT Frenzy
2023-02-13,NVDA,0.7285476848483086,0.8483104109764099,0.11976272612810135,0.03192697837948799,US STOCKS-Wall Street ends higher as investors eye inflation data
2023-02-13,NVDA,0.06535493861883879,0.07913802564144135,0.013783087022602558,0.9070788621902466,2 Top ETFs to Buy for AI Exposure
2023-02-13,NVDA,0.26846054196357727,0.6193751096725464,0.3509145677089691,0.029710374772548676,US STOCKS-Wall Street ends sharply higher as investors eye inflation data
2023-02-13,NVDA,0.22463207319378853,0.24026335775852203,0.015631284564733505,0.7441053986549377,Best Growth Stock to Buy: Tesla Stock vs. Nvidia Stock
2023-02-13,NVDA,0.01723414659500122,0.34914618730545044,0.3319120407104492,0.31894177198410034,Wall Street rallies as investors eye inflation data
2023-02-12,NVDA,-0.34590818732976913,0.0712987557053566,0.41720694303512573,0.5114943385124207,ChatGPT frenzy sweeps China as firms scramble for home-grown options
2023-02-12,NVDA,0.8017694540321827,0.8134730458259583,0.011703591793775558,0.17482328414916992,EXCLUSIVE-S.Korea aims to join AI race as startup Rebellions launches new chip
2023-02-12,NVDA,0.09852339327335358,0.1179075613617897,0.019384168088436127,0.862708330154419,A Bull Market Is Coming: 5 Killer Growth Stocks I Just Bought
2023-02-11,NVDA,-0.9346597455441952,0.013511214405298233,0.9481709599494934,0.038317807018756866,EXCLUSIVE-SoftBank's Arm China lays off workers as outlook grim -sources
2023-02-11,NVDA,0.8895317912101746,0.9162437915802002,0.026712000370025635,0.05704421177506447,Better Data Center Stock: Intel vs. Nvidia
2023-02-11,NVDA,-0.005053827539086342,0.028488555923104286,0.03354238346219063,0.9379690289497375,Nvidia Stock Update -- Here Is What Investors Should Know
2023-02-11,NVDA,0.12738356553018093,0.13786639273166656,0.010482827201485634,0.8516507148742676,"Up 14% in 2023, Is It Safe to Invest in the Nasdaq Right Now?"
2023-02-10,NVDA,-0.930585166439414,0.016345420852303505,0.9469305872917175,0.03672400489449501,SoftBank's Arm China lays off workers as outlook grim -sources
2023-02-10,NVDA,0.1621222123503685,0.2844172716140747,0.12229505926370621,0.5932877063751221,"Wall St Week Ahead-Last year's laggards lead U.S. stocks' 2023 rebound, for now"
2023-02-10,NVDA,0.7919933497905731,0.8010829091072083,0.009089559316635132,0.18982750177383423,Here Is Why New AI Tools Like OpenAI's ChatGPT Are Great News for Nvidia and Other Chip Stocks
2023-02-10,NVDA,0.0027892328798770905,0.04174494370818138,0.03895571082830429,0.919299304485321,Don't Go Into the Next Bull Market Without These 3 Stocks
2023-02-10,NVDA,0.0004972312599420547,0.03095005638897419,0.030452825129032135,0.9385971426963806,ARM Plans to Go Public -- What Investors Should Know After Nvidia's Failed Acquisition
2023-02-09,NVDA,0.7586920373141766,0.7830564975738525,0.02436446025967598,0.19257904589176178,Is Nvidia Stock Still a Buy After Increasing 90% Since October?
2023-02-09,NVDA,0.0395538154989481,0.05695352330803871,0.017399707809090614,0.9256467819213867,3 Things About Nvidia That Smart Investors Know
2023-02-09,NVDA,0.13239941466599703,0.14309324324131012,0.010693828575313091,0.8462129235267639,Is It Worth Investing in Nvidia (NVDA) Based on Wall Street's Bullish Views?
2023-02-09,NVDA,0.042107101529836655,0.059244655072689056,0.0171375535428524,0.9236177802085876,The 3 Best Metaverse Stocks to Buy for February 2023
2023-02-09,NVDA,0.4019729131832719,0.41631850600242615,0.014345592819154263,0.5693358182907104,These 3 Tech Stocks Are Building the Future
2023-02-08,NVDA,0.9184758253395557,0.9371991157531738,0.018723290413618088,0.04407760500907898,Why Nvidia Stock Jumped 34% in January
2023-02-08,NVDA,0.011989248916506767,0.036197736859321594,0.024208487942814827,0.9395937919616699,"Noteworthy Wednesday Option Activity: NVDA, BTU, NFLX"
2023-02-08,NVDA,-0.12744609266519547,0.05289077013731003,0.1803368628025055,0.7667723894119263,Cloudflare Earnings Preview: Time to Sell the Rally?
2023-02-08,NVDA,0.04664584994316101,0.061448436230421066,0.014802586287260056,0.9237489700317383,Investing in ChatGPT's AI Revolution: Where to Begin
2023-02-08,NVDA,0.09932805970311165,0.11074662953615189,0.011418569833040237,0.8778347969055176,Big Tech Data Center Spending: What It Means for Semiconductor Investors
2023-02-07,NVDA,0.15065230429172516,0.20995262265205383,0.059300318360328674,0.7307470440864563,3 Stocks to Buy Following the Recent Fed Rate Hike
2023-02-07,NVDA,0.036488343961536884,0.05016971379518509,0.013681369833648205,0.9361489415168762,"Zacks Investment Ideas feature highlights: C3.ai, Veritone, Bigbear AI Holdings, Nvidia and Advanced Micro Devices"
2023-02-06,NVDA,-0.045877452939748764,0.057816650718450546,0.10369410365819931,0.838489294052124,Nvidia (NVDA) Stock Moves -0.05%: What You Should Know
2023-02-06,NVDA,0.08288219012320042,0.09534905105829239,0.012466860935091972,0.8921840786933899,The 3 Best Quantum Computing Stocks to Buy for February 2023
2023-02-06,NVDA,0.40897733997553587,0.4170350134372711,0.008057673461735249,0.5749073028564453,5 Stocks That Can Benefit From Popular AI Like ChatGPT
2023-02-06,NVDA,0.595465918071568,0.6105092763900757,0.015043358318507671,0.37444737553596497,Is iShares Semiconductor ETF (SOXX) a Strong ETF Right Now?
2023-02-06,NVDA,0.2873686980456114,0.2985028326511383,0.011134134605526924,0.6903630495071411,3 AI Stocks That Will Be Big Winners in 2023
2023-02-05,NVDA,0.08641847968101501,0.21811068058013916,0.13169220089912415,0.6501971483230591,The 3 Most Undervalued Semiconductor Stocks to Buy in February 2023
2023-02-04,NVDA,0.12560985703021288,0.1368183046579361,0.011208447627723217,0.8519732356071472,Popular AI Like ChatGPT Could Be Just the Beginning for Data Center Stocks Like Nvidia
2023-02-03,NVDA,0.025858521461486816,0.04143228381872177,0.015573762357234955,0.9429939389228821,May 19th Options Now Available For NVIDIA
2023-02-03,NVDA,0.11993063148111105,0.13030514121055603,0.01037450972944498,0.859320342540741,It’s the Perfect Time to Buy Amazon Stock
2023-02-03,NVDA,0.6202470706775784,0.6314680576324463,0.01122098695486784,0.357310950756073,AI Software Maker EPAM Boasts Biggest Tech-Sector Rally
2023-02-03,NVDA,0.13787586148828268,0.1515117585659027,0.01363589707762003,0.8348523378372192,2 Dividend-Paying Tech Stocks to Buy in February
2023-02-03,NVDA,0.4151404798030853,0.6754581928253174,0.26031771302223206,0.06422404944896698,Nvidia Rallies As Investors Bullish On Chipmaker's AI Business
2023-02-02,NVDA,0.10746486112475395,0.11914075165987015,0.011675890535116196,0.8691834211349487,The 7 Best Vanguard ETFs for 2023 [Build a Low-Cost Portfolio]
2023-02-02,NVDA,0.23164271283894777,0.2455635368824005,0.01392082404345274,0.7405155897140503,The 7 Most Promising Breakthrough-Technology Stocks to Buy in February
2023-02-02,NVDA,0.272443063557148,0.35806694626808167,0.08562388271093369,0.556309163570404,Why Cloudflare Stock Was Soaring on Thursday
2023-02-02,NVDA,-0.008658066391944885,0.02829819917678833,0.036956265568733215,0.9347454905509949,Interesting NVDA Put And Call Options For March 24th
2023-02-02,NVDA,0.015987759456038475,0.038784779608249664,0.02279702015221119,0.9384181499481201,Should Investors Buy Nvidia Stock Before It Reports Earnings?
2023-02-01,NVDA,0.011560609564185143,0.04100732132792473,0.029446711763739586,0.9295459985733032,"Notable Wednesday Option Activity: META, NVDA, MCD"
2023-02-01,NVDA,0.7781215384602547,0.7887116074562073,0.010590068995952606,0.2006983608007431,Samsung's newest Galaxy S smartphones a test of brand power in weak market
2023-02-01,NVDA,0.5266552385874093,0.5340142250061035,0.007358986418694258,0.45862680673599243,Allegro Microsystems Is A Well-Positioned Semiconductor Stock
2023-02-01,NVDA,-0.002069292590022087,0.026758428663015366,0.028827721253037453,0.9444139003753662,Interesting NVDA Put And Call Options For July 21st
2023-02-01,NVDA,0.12046259082853794,0.13549843430519104,0.015035843476653099,0.8494657278060913,AMD Results Are No Reason To Buy Semiconductors... Yet
2023-01-31,NVDA,-0.9413627600297332,0.013528921641409397,0.9548916816711426,0.03157936781644821,Will Lower Ad Revenues Hurt Meta Platforms' (META) Q4 Earnings?
2023-01-31,NVDA,0.17034977488219738,0.18607699871063232,0.015727223828434944,0.7981957793235779,Nvidia (NVDA) Outpaces Stock Market Gains: What You Should Know
2023-01-31,NVDA,0.03083896078169346,0.047055426985025406,0.016216466203331947,0.9367280602455139,Tesla & Supercharged Electric Vehicle ETFs in Focus
2023-01-31,NVDA,0.023643512278795242,0.04758541285991669,0.023941900581121445,0.9284726977348328,AI Stocks To Buy Right Now? 2 To Watch
2023-01-31,NVDA,-0.04267039708793163,0.02873327024281025,0.07140366733074188,0.899863064289093,Is Intel a Value Stock or a Value Trap for 2023?
2023-01-30,NVDA,0.9073366625234485,0.9199617505073547,0.012625087983906269,0.06741315126419067,These 2 Tech Stocks are Still Strong Buys on Wall Street
2023-01-30,NVDA,-0.25547297671437263,0.023546885699033737,0.27901986241340637,0.6974331736564636,"Monday Sector Laggards: Energy, Technology & Communications"
2023-01-30,NVDA,0.16665395628660917,0.18085631728172302,0.01420236099511385,0.8049412965774536,"Beat the Market the Zacks Way: NVIDIA, Bilibili, Novo Nordisk in Focus"
2023-01-30,NVDA,-0.0006270557641983032,0.045805200934410095,0.0464322566986084,0.9077625274658203,3 Surprising Stocks You Never Knew Warren Buffett Owns
2023-01-30,NVDA,-0.23749633133411407,0.06614123284816742,0.3036375641822815,0.6302212476730347,Is Seagate Technology Signaling the End of its Normalization?
2023-01-29,NVDA,0.08051173109561205,0.09214270114898682,0.011630970053374767,0.8962263464927673,Nasdaq Bear Market: 1 Surefire Growth Stock to Buy Before It Starts Soaring
2023-01-27,NVDA,0.06945291254669428,0.0826127678155899,0.013159855268895626,0.9042273759841919,5 High-Growth Stocks to Buy Now That Could be the Next Trillion-Dollar Companies
2023-01-27,NVDA,-0.4754931516945362,0.055366914719343185,0.5308600664138794,0.4137730002403259,Here's Why Intel Stock Plunged Today
2023-01-27,NVDA,0.42101393546909094,0.4290720224380493,0.008058086968958378,0.5628699064254761,Why Nvidia Can Continue to Grow in This Important Market
2023-01-27,NVDA,0.899564316496253,0.9289640784263611,0.02939976193010807,0.041636157780885696,Amtech (ASYS) Surges 9.7%: Is This an Indication of Further Gains?
2023-01-27,NVDA,-0.739647276699543,0.046595387160778046,0.786242663860321,0.1671619713306427,US STOCKS-Wall St set for subdued open as Intel warning hits chip stocks
2023-01-26,NVDA,0.044755565002560616,0.057172369211912155,0.01241680420935154,0.9304108023643494,"Zacks Investment Ideas feature highlights: Microsoft, Nvidia, Alphabet, Mobileye and Intuitive Surgical"
2023-01-26,NVDA,-0.9557127458974719,0.01060276199132204,0.966315507888794,0.02308168262243271,Intel (INTC) Q4 Earnings and Revenues Lag Estimates
2023-01-26,NVDA,0.014590483158826828,0.0709693655371666,0.05637888237833977,0.8726518154144287,Why Bitcoin & Crypto ETFs are Surging
2023-01-26,NVDA,-0.008694775402545929,0.023163314908742905,0.031858090311288834,0.9449785947799683,March 10th Options Now Available For NVIDIA
2023-01-26,NVDA,0.056455183774232864,0.06736117601394653,0.010905992239713669,0.9217329025268555,Should You Invest in the VanEck Semiconductor ETF (SMH)?
2023-01-25,NVDA,0.038284072652459145,0.06726576387882233,0.028981691226363182,0.9037525653839111,Semiconductor ETFs in Focus Ahead of Q4 Earnings
2023-01-25,NVDA,0.013330994173884392,0.03714648261666298,0.023815488442778587,0.9390380382537842,What Stocks To Buy Today? 3 AI Stocks To Know
2023-01-25,NVDA,-0.7193561680614948,0.01972372457385063,0.7390798926353455,0.24119634926319122,Nvidia's AI Goldmine: ChatGPT's Impact on the Company
2023-01-25,NVDA,0.25099871307611465,0.2686648666858673,0.017666153609752655,0.7136690020561218,"Qualcomm Gets a Boost from Analysts, but is it Time to Buy?"
2023-01-25,NVDA,0.09907596185803413,0.11308476328849792,0.014008801430463791,0.8729064464569092,The Coming AI Revolution: 5 Companies at the Forefront
2023-01-24,NVDA,0.10455723851919174,0.15823571383953094,0.0536784753203392,0.7880858182907104,Nvidia (NVDA) Gains As Market Dips: What You Should Know
2023-01-24,NVDA,0.10575168579816818,0.12207350879907608,0.016321823000907898,0.8616046905517578,2 No-Brainer Growth Stocks to Buy in 2023
2023-01-24,NVDA,0.023571273311972618,0.04053020849823952,0.0169589351862669,0.9425109028816223,"The Zacks Analyst Blog Highlights Apple, Alphabet, NVIDIA, Microsoft and Meta Platforms"
2023-01-24,NVDA,0.031174706295132637,0.047558221966028214,0.016383515670895576,0.9360582828521729,"The Zacks Analyst Blog Highlights Apple, Microsoft, Meta Platforms, Alphabet and NVIDIA"
2023-01-24,NVDA,0.11241396889090538,0.13457965850830078,0.0221656896173954,0.8432546854019165,Is Nvidia (NVDA) a Buy as Wall Street Analysts Look Optimistic?
2023-01-23,NVDA,-0.5000613033771515,0.03969660401344299,0.5397579073905945,0.42054542899131775,"Why Qualcomm, Skyworks, and Nvidia Stocks Popped Today"
2023-01-23,NVDA,-0.10403382405638695,0.04060159996151924,0.1446354240179062,0.8147629499435425,3 Quantum Computing Stocks to Buy Now OR You’ll Be Kicking Yourself Later
2023-01-23,NVDA,0.09966044686734676,0.12064097076654434,0.02098052389919758,0.858378529548645,Wall Street Loves These 2 Nasdaq Stocks
2023-01-23,NVDA,0.05127561837434769,0.07577823847532272,0.024502620100975037,0.8997191786766052,MATANA Is Back: Which Stocks to Buy Now
2023-01-23,NVDA,0.14651488047093153,0.15700317919254303,0.0104882987216115,0.8325085043907166,3 Tech Stocks That Will Make You Rich in 10 Years
2023-01-22,NVDA,0.029959993436932564,0.05412641912698746,0.024166425690054893,0.9217071533203125,"Got $1,000? Buy These Hot Growth Stocks Before They Take Off"
2023-01-22,NVDA,0.12122454680502415,0.13289086520671844,0.011666318401694298,0.8554427623748779,10 Top AI Stocks to Buy Now for the Next 10 Years
2023-01-22,NVDA,-0.7830414772033691,0.09321075677871704,0.8762522339820862,0.030536960810422897,Wall St Week Ahead-Tech stock rebound faces doubters with earnings season ahead
2023-01-22,NVDA,0.09645896218717098,0.1110721156001091,0.014613153412938118,0.8743147850036621,3 Bear Market Tech Stocks That Growth Investors Should Avoid
2023-01-22,NVDA,0.18996182922273874,0.19888298213481903,0.008921152912080288,0.7921958565711975,Can Nvidia Harness the Power of ChatGPT in Healthcare?
2023-01-20,NVDA,-0.0027628093957901,0.02879492938518524,0.03155773878097534,0.939647376537323,Investors Heavily Search NVIDIA Corporation (NVDA): Here is What You Need to Know
2023-01-20,NVDA,-0.7830414772033691,0.09321075677871704,0.8762522339820862,0.030536960810422897,Wall St Week Ahead-Tech stock rebound faces doubters with earnings season ahead
2023-01-20,NVDA,0.19880251120775938,0.21270640194416046,0.013903890736401081,0.7733896374702454,Could These New Data Center Products be a Turning Point for Intel Stock?
2023-01-20,NVDA,0.07416921760886908,0.083673395216465,0.00950417760759592,0.9068224430084229,Should You Invest in the Fidelity MSCI Information Technology Index ETF (FTEC)?
2023-01-20,NVDA,0.0958113307133317,0.10698411613702774,0.011172785423696041,0.881843090057373,3 Reasons Advanced Micro Devices Stock Is a Buy for 2023
2023-01-19,NVDA,0.07240424305200577,0.1049540787935257,0.03254983574151993,0.8624961376190186,The Top 7 “Millionaire-Maker” Long-Term Stocks for 2023
2023-01-19,NVDA,0.37742045521736145,0.6694923043251038,0.2920718491077423,0.038435909897089005,SPDR S&P 500 ETF Trust Experiences Big Inflow
2023-01-19,NVDA,0.004057161509990692,0.029811659827828407,0.025754498317837715,0.944433867931366,Where Will Nvidia Stock Be In 1 Year?
2023-01-19,NVDA,0.056410059332847595,0.06693972647190094,0.010529667139053345,0.9225306510925293,Should You Invest in the iShares Semiconductor ETF (SOXX)?
2023-01-19,NVDA,0.7837777128443122,0.7939778566360474,0.010200143791735172,0.19582192599773407,U.S. startup Outrider raises $73 mln to scale up autonomous yard trucks
2023-01-18,NVDA,-0.584406241774559,0.06708182394504547,0.6514880657196045,0.28143012523651123,Nvidia (NVDA) Dips More Than Broader Markets: What You Should Know
2023-01-18,NVDA,0.07082780078053474,0.09446749091148376,0.02363969013094902,0.8818928599357605,Is the Intel and Nvidia Team Up a Game Changer for Intel Stock?
2023-01-18,NVDA,0.008136408403515816,0.03645651787519455,0.028320109471678734,0.935223400592804,How to Invest in ChatGPT? You Can’t. Here Are 3 AI Stock Alternatives.
2023-01-17,NVDA,0.9140001516789198,0.9325706362724304,0.018570484593510628,0.04885892942547798,Better Gaming Stock: AMD vs. Nvidia
2023-01-17,NVDA,0.7776119187474251,0.8550248146057129,0.07741289585828781,0.06756234169006348,"Why Semiconductor Stocks Taiwan Semiconductor, Nvidia, and Skyworks Solutions Rallied Today"
2023-01-17,NVDA,0.09369316510856152,0.10835734009742737,0.014664174988865852,0.8769785165786743,7 Metaverse Stocks That Will Make You Mega-Rich in 10 Years
2023-01-17,NVDA,0.48807032592594624,0.5102211833000183,0.022150857374072075,0.46762794256210327,Better Buy: Nvidia vs. Taiwan Semiconductor Stock
2023-01-17,NVDA,0.029849424958229065,0.137749582529068,0.10790015757083893,0.7543502449989319,3 Reasons to Be Bullish on Nvidia Stock in 2023 and Beyond
2023-01-16,NVDA,0.1525052972137928,0.1654375195503235,0.012932222336530685,0.8216302394866943,3 AI Stocks That Will Make You Amazingly Rich in 10 Years
2023-01-16,NVDA,-0.046269968152046204,0.06916774809360504,0.11543771624565125,0.8153945803642273,3 Troubled Tech Stocks to Buy For The Long Haul
2023-01-16,NVDA,0.23125940095633268,0.24015922844409943,0.008899827487766743,0.7509409189224243,2 Tech ETFs to Help You Capture the Sector's Rebound
2023-01-16,NVDA,0.5616884743794799,0.5687801241874695,0.007091649807989597,0.4241281747817993,Oracle (ORCL) Aids SymphonyAI to Deliver IT Solutions on Cloud
2023-01-16,NVDA,0.021617328748106956,0.0525553859770298,0.030938057228922844,0.9165065884590149,Is TSMC Stock a Buy Now?
2023-01-15,NVDA,0.08367139007896185,0.09511704742908478,0.011445657350122929,0.8934373259544373,Even Nvidia Is Using AI to Improve Its Products -- What Shareholders Need to Know
2023-01-14,NVDA,0.7644015094265342,0.7773180603981018,0.01291655097156763,0.20976537466049194,AMD vs. Nvidia vs. Intel: Which Stock Could Get the Biggest Boost From New Data Center Chips?
2023-01-13,NVDA,0.019836153835058212,0.03863895684480667,0.01880280300974846,0.942558228969574,3 Semiconductor Stocks For Your January 2023 Watchlist
2023-01-13,NVDA,-0.15595536679029465,0.03791017085313797,0.19386553764343262,0.7682242393493652,5 Cheap Growth Stocks That Are Too Good to Ignore
2023-01-13,NVDA,0.015538964420557022,0.035462141036987305,0.019923176616430283,0.9446146488189697,See Which Of The Latest 13F Filers Holds NVIDIA
2023-01-13,NVDA,0.026501016691327095,0.04267856478691101,0.016177548095583916,0.9411439299583435,The 3 Types of Artificial Intelligence and Top Companies Leading the AI Revolution
2023-01-12,NVDA,0.8047421956434846,0.8161343932151794,0.011392197571694851,0.1724734753370285,New Data Center Chips Could Mean Massive Growth for 1 Tiny Semiconductor Company
2023-01-12,NVDA,-0.005058791488409042,0.030726425349712372,0.035785216838121414,0.9334883093833923,3 Nvidia Stock Predictions for 2023
2023-01-12,NVDA,0.16164105385541916,0.24111753702163696,0.0794764831662178,0.6794059872627258,Will Nvidia Stock Recover in 2023?
2023-01-11,NVDA,0.00039421766996383667,0.03541862964630127,0.03502441197633743,0.9295569062232971,Buy Taiwan Semiconductor (TSM) Stock Before Key Q4 Earnings?
2023-01-11,NVDA,0.0489137414842844,0.06630715727806091,0.017393415793776512,0.9162994623184204,"ESGU, UNH, GOOG, NVDA: ETF Inflow Alert"
2023-01-11,NVDA,0.8357787132263184,0.8471461534500122,0.011367440223693848,0.14148634672164917,Nvidia Just Made a Smart Move That Could Supercharge Its Gaming Business
2023-01-11,NVDA,0.14380594436079264,0.15233944356441498,0.008533499203622341,0.8391270637512207,Invest In a Booming Market: 2 Cloud Stocks to Buy Hand Over Fist in 2023
2023-01-10,NVDA,0.031277451664209366,0.05876614898443222,0.027488697320222855,0.9137451648712158,Is AMD Stock a Buy Now?
2023-01-10,NVDA,0.06199696846306324,0.08438865095376968,0.022391682490706444,0.8932196497917175,Germany's BioNTech buys British AI startup InstaDeep
2023-01-10,NVDA,0.030477900058031082,0.04979657381772995,0.019318673759698868,0.9308847188949585,3 Top Artificial Intelligence Stocks to Buy Right Now
2023-01-10,NVDA,0.06578787602484226,0.0760439932346344,0.010256117209792137,0.9136998653411865,Should You Invest in the Vanguard Information Technology ETF (VGT)?
2023-01-10,NVDA,-0.005856264382600784,0.03523470088839531,0.041090965270996094,0.9236743450164795,What Is ChatGPT and Why Is Microsoft Interested in Buying It?
2023-01-09,NVDA,-0.005196515470743179,0.026326511055231094,0.031523026525974274,0.9421504735946655,"S&P 500 Movers: REGN, TSLA"
2023-01-09,NVDA,-0.2863500192761421,0.10533457249403,0.3916845917701721,0.5029808282852173,"Why AMD, Intel, and Nvidia Stocks Popped Monday"
2023-01-09,NVDA,-0.03043905273079872,0.03996371850371361,0.07040277123451233,0.8896335363388062,Here is What to Know Beyond Why NVIDIA Corporation (NVDA) is a Trending Stock
2023-01-09,NVDA,0.0044081807136535645,0.13320301473140717,0.1287948340177536,0.7380021810531616,Applied Materials Gained 7% in the Second Half of 2022. Is the Worst Over?
2023-01-09,NVDA,0.1013442687690258,0.11450161039829254,0.013157341629266739,0.8723410964012146,Hedge Funds Favor These 5 Big Tech Stocks
2023-01-08,NVDA,0.024391649290919304,0.045663218945264816,0.021271569654345512,0.9330652356147766,2 Top Stocks in Warren Buffett's Secret Portfolio to Buy Now and Hold Forever
2023-01-06,NVDA,0.004678033292293549,0.030338821932673454,0.025660788640379906,0.9440003633499146,"Here's What the Nasdaq Might Do in 2023, and the Stocks to Buy Right Now"
2023-01-06,NVDA,0.003307633101940155,0.09003541618585587,0.08672778308391571,0.8232368230819702,Tech Sell-Off: 2 Growth Stocks to Buy in 2023
2023-01-06,NVDA,0.5641523748636246,0.7336904406547546,0.16953806579113007,0.0967714712023735,Implied Volatility Surging for NVIDIA (NVDA) Stock Options
2023-01-06,NVDA,0.05659642722457647,0.07127102464437485,0.014674597419798374,0.9140543937683105,4 Artificial Intelligence Stocks to Buy in 2023
2023-01-06,NVDA,0.27460115496069193,0.28587210178375244,0.011270946823060513,0.7028569579124451,Nvidia Announces Cool New Auto and Consumer Tech -- What Investors Need to Know
2023-01-05,NVDA,0.08819137420505285,0.10173629969358444,0.01354492548853159,0.8847187757492065,Got game? Automakers show off in-car entertainment options at CES
2023-01-05,NVDA,0.022528955712914467,0.04254614934325218,0.020017193630337715,0.9374366998672485,Key EPS Themes for January
2023-01-05,NVDA,-0.03224428370594978,0.030222728848457336,0.06246701255440712,0.9073103070259094,3 Top Chip Stocks Paying Dividends
2023-01-05,NVDA,0.5765139907598495,0.7374182939529419,0.16090430319309235,0.10167745500802994,7 Seriously Undervalued Large-Cap Stocks to Buy Now
2023-01-05,NVDA,0.037738773971796036,0.06507865339517593,0.027339879423379898,0.9075813889503479,Is Tesla Stock a Buy Now?
2023-01-04,NVDA,0.43629882484674454,0.44588127732276917,0.009582452476024628,0.544536292552948,"NVIDIA (NVDA), Foxconn Team up for Autonomous Vehicle Platform"
2023-01-04,NVDA,0.016074154525995255,0.03526605665683746,0.01919190213084221,0.94554203748703,NVDA June 2025 Options Begin Trading
2023-01-04,NVDA,0.02379537932574749,0.04605632647871971,0.02226094715297222,0.9316827654838562,"If You Invested $1,000 in Nvidia's IPO, This Is How Much You Would Have Today"
2023-01-04,NVDA,-0.007892947643995285,0.031729668378829956,0.03962261602282524,0.9286476373672485,What the Latest Updates Mean for Intel and Nvidia Investors
2023-01-04,NVDA,0.1339783538132906,0.1500038057565689,0.016025451943278313,0.8339707255363464,Is Nvidia's New GPU a Turning Point for NVDA Stock?
2023-01-03,NVDA,0.26146587124094367,0.2691439092159271,0.007678037974983454,0.7231780290603638,"Nvidia, Foxconn to build autonomous vehicle platforms"
2023-01-03,NVDA,0.7011846834793687,0.7079062461853027,0.006721562705934048,0.28537222743034363,Foxconn Partners With Nvidia To Build Autonomous Vehicle Platforms
2023-01-03,NVDA,0.1532541993074119,0.16070479154586792,0.007450592238456011,0.8318446278572083,Foxconn to use Nvidia chips to build self-driving vehicle platforms
2023-01-03,NVDA,0.11350047495216131,0.12381985038518906,0.010319375433027744,0.8658607602119446,2 Stocks to Invest in Virtual Reality
2023-01-03,NVDA,-0.3291562497615814,0.3168008625507355,0.6459571123123169,0.03724204748868942,Invesco QQQ Experiences Big Inflow
2023-01-02,NVDA,0.9318881630897522,0.9496098160743713,0.01772165298461914,0.032668452709913254,Better Semiconductor Stock: TSMC vs. Intel
2023-01-02,NVDA,-0.9321825280785561,0.011004172265529633,0.9431867003440857,0.04580913111567497,What's Behind Intel Stock's 44% Drop Since 2018?
2023-01-02,NVDA,0.06998947262763977,0.08690360188484192,0.01691412925720215,0.8961822390556335,The 10 Best Stocks to Buy in January 2023
2023-01-02,NVDA,0.004083156585693359,0.035189658403396606,0.031106501817703247,0.9337038397789001,These 10 Mega-Cap Stocks Flopped in 2022
2023-01-02,NVDA,0.6454114094376564,0.7358851432800293,0.0904737338423729,0.1736411452293396,3 Reasons Nvidia Stock Could Surge in 2023
2023-01-01,NVDA,0.16069437190890312,0.18429744243621826,0.02360307052731514,0.7920995354652405,Can Nvidia Help Walmart and Target Solve Their Theft Problem?
2022-12-31,NVDA,0.2834882363677025,0.3178037405014038,0.034315504133701324,0.6478807330131531,The 7 Best Edge Computing Stocks to Buy for the Coming Boom
2022-12-31,NVDA,0.08065390214323997,0.10650607943534851,0.025852177292108536,0.867641806602478,3 Top Gaming Stocks to Buy in January
2022-12-31,NVDA,-0.03216636925935745,0.03493976593017578,0.06710613518953323,0.8979541063308716,Will 2023 Be the Year Nvidia's Software Business Really Takes Off?
2022-12-31,NVDA,0.9170458726584911,0.9286579489707947,0.011612076312303543,0.059730030596256256,"Despite a Tough Year, Cathie Wood Is Still Up Big on These 3 Stocks"
2022-12-30,NVDA,-0.8303999528288841,0.0746035948395729,0.905003547668457,0.02039296366274357,US STOCKS-Wall St set to end challenging year with steep drop
2022-12-30,NVDA,0.10455723851919174,0.15823571383953094,0.0536784753203392,0.7880858182907104,Nvidia (NVDA) Gains As Market Dips: What You Should Know
2022-12-30,NVDA,-0.9599867034703493,0.008073432371020317,0.9680601358413696,0.023866519331932068,US STOCKS-Wall St ends 2022 with biggest annual drop since 2008
2022-12-30,NVDA,0.015078699216246605,0.03567507490515709,0.020596375688910484,0.9437285661697388,What Tech Investors Can Expect to See at CES 2023
2022-12-30,NVDA,0.059020817279815674,0.07606423646211624,0.017043419182300568,0.9068922996520996,The Biggest Reason Nvidia Stock Is a Screaming Buy for 2023
2022-12-29,NVDA,0.23590409383177757,0.24628767371177673,0.01038357987999916,0.7433286905288696,TSMC starts volume production of most advanced chips in Taiwan
2022-12-29,NVDA,0.8761850334703922,0.897348940372467,0.021163906902074814,0.08148708194494247,Top Analysts Cheer for These 5 Tech Stocks Heading Into 2023
2022-12-29,NVDA,0.02542993426322937,0.35789158940315247,0.3324616551399231,0.3096468448638916,3 Seriously Undervalued Semiconductor Stocks to Buy Now
2022-12-28,NVDA,0.05915829632431269,0.07338450103998184,0.014226204715669155,0.91238933801651,NVIDIA Corporation (NVDA) is Attracting Investor Attention: Here is What You Should Know
2022-12-28,NVDA,-0.8013852257281542,0.01837974600493908,0.8197649717330933,0.16185526549816132,"Down 48% in 2022, Is Nvidia Stock a Buy for 2023?"
2022-12-28,NVDA,0.013170043006539345,0.037643130868673325,0.02447308786213398,0.9378837943077087,This Is How Nvidia Makes Billions in Sales Each Quarter
2022-12-28,NVDA,0.08591781090945005,0.09979736804962158,0.013879557140171528,0.8863230347633362,5 Unstoppable Metaverse Stocks to Buy in 2023
2022-12-28,NVDA,-0.9321746341884136,0.0085480697453022,0.9407227039337158,0.050729211419820786,Down 52%; Should Investors Buy Nvidia (NASDAQ:NVDA) Stock?
2022-12-27,NVDA,0.03509580157697201,0.0558774508535862,0.02078164927661419,0.9233409762382507,5 Ultra-Popular Stocks I'd Sell Right Now
2022-12-27,NVDA,-0.3118522074073553,0.02375105954706669,0.335603266954422,0.6406456828117371,"Tuesday Sector Laggards: Technology & Communications, Healthcare"
2022-12-27,NVDA,0.0516209751367569,0.07582610100507736,0.024205125868320465,0.8999687433242798,Is Taiwan Semiconductor Manufacturing Stock a Buy?
2022-12-27,NVDA,-0.9546816609799862,0.011010441929101944,0.9656921029090881,0.023297429084777832,AMD Is Losing Ground to Intel in This Key Chip Market
2022-12-27,NVDA,-0.5212689787149429,0.1896018236875534,0.7108708024024963,0.09952739626169205,ANALYSIS-Dealmakers grapple with unprecedented U.S. challenge to mergers
2022-12-26,NVDA,-0.7055112216621637,0.016816725954413414,0.7223279476165771,0.2608553171157837,How Much Longer Will the Semiconductor Industry Downturn Last?
2022-12-26,NVDA,-0.07920115441083908,0.11327957361936569,0.19248072803020477,0.6942396759986877,These 2 Stocks Were Among the Biggest Losers of 2022 -- Could They Be Among the Biggest Winners in 2023?
2022-12-25,NVDA,0.06161484494805336,0.08645322173833847,0.02483837679028511,0.8887083530426025,2 Semiconductor Stocks To Watch This Upcoming Week
2022-12-25,NVDA,0.3815245032310486,0.479361891746521,0.09783738851547241,0.422800749540329,Better Buy: Apple vs. Nvidia
2022-12-23,NVDA,-0.19011149555444717,0.05708756297826767,0.24719905853271484,0.6957134008407593,Nvidia (NVDA) Stock Sinks As Market Gains: What You Should Know
2022-12-23,NVDA,-0.2326292172074318,0.021443001925945282,0.2540722191333771,0.7244848012924194,"Friday Sector Laggards: Healthcare, Technology & Communications"
2022-12-23,NVDA,-0.03711625561118126,0.02396257594227791,0.06107883155345917,0.9149585366249084,"Stock Market News for Dec 23, 2022"
2022-12-23,NVDA,-0.004895336925983429,0.041769202798604965,0.046664539724588394,0.9115662574768066,Did Micron Earnings Tank AMD and Nvidia Stock?
2022-12-23,NVDA,0.06970479898154736,0.08522483706474304,0.015520038083195686,0.8992551565170288,Nasdaq Bear Market: 1 Stunning Growth Stock to Buy Like There's No Tomorrow
2022-12-22,NVDA,-0.9431565394625068,0.014587820507586002,0.9577443599700928,0.027667788788676262,US STOCKS-Wall Street slides as economic data fans rate hike worries
2022-12-22,NVDA,-0.22432191111147404,0.022346651181578636,0.24666856229305267,0.7309848070144653,"Thursday Sector Laggards: Energy, Technology & Communications"
2022-12-22,NVDA,-0.49668673053383827,0.021749939769506454,0.5184366703033447,0.45981335639953613,"Why Did Nvidia, AMD, and Intel All Crash on Thursday?"
2022-12-22,NVDA,-0.936740655452013,0.016313355416059494,0.9530540108680725,0.030632659792900085,"US STOCKS-Nasdaq dives on Fed rate hike worries, rout in chipmakers"
2022-12-22,NVDA,-0.06147419288754463,0.03424379602074623,0.09571798890829086,0.8700382113456726,Is This the End for Intel Stock? Or a New Beginning?
2022-12-21,NVDA,0.11482711508870125,0.128454327583313,0.01362721249461174,0.8579184412956238,NVIDIA (NVDA) vs. Taiwan Semiconductor (TSM): Which is the Better Investment for 2023?
2022-12-21,NVDA,0.848427701741457,0.8740045428276062,0.025576841086149216,0.10041868686676025,Why Intel Stock Shot Higher on Wednesday
2022-12-21,NVDA,0.009412448853254318,0.030408918857574463,0.020996470004320145,0.9485946297645569,Intel splits graphic chips unit into two
2022-12-21,NVDA,0.647846631705761,0.6813520193099976,0.0335053876042366,0.28514257073402405,Better Buy for 2023: Apple vs. Nvidia
2022-12-21,NVDA,-0.7228804379701614,0.028942033648490906,0.7518224716186523,0.21923552453517914,Will Nvidia Stock Fly or Fall in 2023?
2022-12-20,NVDA,0.007451370358467102,0.03186407312750816,0.02441270276904106,0.9437232613563538,"The Zacks Analyst Blog Highlights Arista Networks, Cloudflare, Microsoft, Alphabet and NVIDIA"
2022-12-20,NVDA,0.12204648740589619,0.13080629706382751,0.008759809657931328,0.8604338765144348,Intel Has a $39 Billion Graphics Opportunity
2022-12-20,NVDA,0.027521010488271713,0.04355434328317642,0.01603333279490471,0.9404123425483704,Will Nvidia Be a Trillion-Dollar Stock by 2030?
2022-12-20,NVDA,0.0660712094977498,0.07587338984012604,0.009802180342376232,0.9143244624137878,Should You Invest in the Invesco Dynamic Semiconductors ETF (PSI)?
2022-12-19,NVDA,-0.010804936289787292,0.035850148648023605,0.0466550849378109,0.9174947738647461,Semiconductors: A Tale of Haves and Have-nots
2022-12-19,NVDA,-0.9057734897360206,0.01529130432754755,0.9210647940635681,0.06364379823207855,"Unusual Options Activity in Apple, Home Depot and 8 Other Stocks"
2022-12-19,NVDA,0.03590846806764603,0.05473950505256653,0.0188310369849205,0.9264295101165771,What's the Better Investment: A Diversified AMD or an AI Software-Focused Nvidia?
2022-12-19,NVDA,0.21420584991574287,0.22367656230926514,0.009470712393522263,0.7668527364730835,2 Top-Ranked Stocks to Buy From the Edge Computing Space in 2023
2022-12-18,NVDA,0.8360758721828461,0.8472819328308105,0.011206060647964478,0.14151202142238617,3 Cathie Wood Stocks That Could Deliver Bigger Gains Than the Market
2022-12-18,NVDA,-0.47834286093711853,0.2377597987651825,0.716102659702301,0.04613756015896797,AMD Thinks It Can Seriously Challenge Intel and Nvidia in 2023
2022-12-18,NVDA,0.08430940378457308,0.09786027669906616,0.013550872914493084,0.8885889053344727,2 Monster Metaverse Stocks to Buy for the Long Haul
2022-12-17,NVDA,0.042067721486091614,0.062142979353666306,0.020075257867574692,0.9177817702293396,Cheap Stocks To Buy Now? 2 Tech Stocks To Know
2022-12-17,NVDA,0.1121804527938366,0.12204690277576447,0.009866449981927872,0.8680866956710815,3 Stocks to Invest in Virtual Reality
2022-12-17,NVDA,-0.9493062784895301,0.00972649548202753,0.9590327739715576,0.031240778043866158,"Down 45%, This Trailblazing Semiconductor Stock Is a Must-Buy Before 2023"
2022-12-16,NVDA,0.05163297336548567,0.06506838649511337,0.013435413129627705,0.9214961528778076,3 Gaming Stocks to Buy Hand Over Fist Before 2022 Ends
2022-12-16,NVDA,-0.9259162675589323,0.018464135006070137,0.9443804025650024,0.03715543821454048,"U.S. Intensifies Crackdown on Chinese Firms, Blacklists Chipmaker YMTC"
2022-12-16,NVDA,-0.010076027363538742,0.03123614564538002,0.04131217300891876,0.9274517297744751,"Crypto, the Metaverse, or the Stock Market: Which Is the Best Buy for 2023?"
2022-12-16,NVDA,0.9332537520676851,0.9524506330490112,0.019196880981326103,0.028352562338113785,Nvidia (NVDA) Up 8.1% Since Last Earnings Report: Can It Continue?
2022-12-16,NVDA,0.11820511054247618,0.12901534140110016,0.010810230858623981,0.8601743578910828,Is Nvidia's Move Into Software a Good Idea?
2022-12-15,NVDA,0.7427779287099838,0.7838712930679321,0.0410933643579483,0.17503534257411957,"Notable ETF Inflow Detected - QQQ, NVDA, GOOG, TSLA"
2022-12-15,NVDA,-0.3375004976987839,0.06311802566051483,0.4006185233592987,0.5362635254859924,Why Nvidia Stock Got Thumped on Thursday
2022-12-15,NVDA,0.029103895649313927,0.04945655167102814,0.02035265602171421,0.9301908612251282,ETF Market Outlook & Investing Strategies for 2023
2022-12-15,NVDA,-0.9535910077393055,0.010090690106153488,0.963681697845459,0.02622762694954872,US STOCKS-Wall Street slumps as Fed heightens recession fears
2022-12-15,NVDA,-0.9519285308197141,0.009687448851764202,0.9616159796714783,0.028696559369564056,US STOCKS-Wall Street tumbles as Fed sparks recession fears
2022-12-14,NVDA,0.022080065682530403,0.03799827769398689,0.01591821201145649,0.9460834860801697,Brokers Suggest Investing in Nvidia (NVDA): Read This Before Placing a Bet
2022-12-14,NVDA,0.1314769685268402,0.1403389275074005,0.008861958980560303,0.8507991433143616,Meta Platforms (META) Launches Latest Family of Apps Features
2022-12-14,NVDA,0.09921199083328247,0.23931249976158142,0.14010050892829895,0.6205869913101196,Semiconductor Stock Showdown: Nvidia vs. TSMC
2022-12-13,NVDA,0.7238758886232972,0.7380900979042053,0.014214209280908108,0.24769560992717743,AMD Launches Its Best High-End Graphics Card in Years
2022-12-13,NVDA,0.23679392598569393,0.25984063744544983,0.023046711459755898,0.71711266040802,Very Rare: 2 Leaders Near Long Term Buy Zone
2022-12-13,NVDA,0.5920975282788277,0.635984480381012,0.043886952102184296,0.32012856006622314,"Why Nvidia, Shopify, and The Trade Desk Stocks All Rallied on Tuesday"
2022-12-13,NVDA,0.7483737766742706,0.8406124114990234,0.09223863482475281,0.06714902073144913,US STOCKS-Wall St surges as CPI data calms jitters over aggressive rate hikes
2022-12-13,NVDA,0.0687353452667594,0.08174788951873779,0.013012544251978397,0.9052395820617676,Our 3 Top Metaverse Stock Picks for 2023
2022-12-12,NVDA,0.09510069899260998,0.11793617904186249,0.02283548004925251,0.8592283129692078,3 Semiconductor Stocks To Check Out This Week
2022-12-12,NVDA,0.053154781460762024,0.09036586433649063,0.03721108287572861,0.8724231123924255,Why Nvidia Can Crush AMD Once Again In 2023
2022-12-12,NVDA,0.24614915903657675,0.25526440143585205,0.009115242399275303,0.7356203198432922,"Take the Zacks Approach to Beat the Market: NVIDIA, Boeing, Amgen in Focus"
2022-12-12,NVDA,0.06220068968832493,0.08303879201412201,0.02083810232579708,0.8961230516433716,2 Semiconductor Stocks to Buy Hand Over Fist in 2023 and 1 to Avoid Like the Plague
2022-12-09,NVDA,-0.05959959514439106,0.027406176552176476,0.08700577169656754,0.8855880498886108,4 Dividend Stocks to Hold Forever
2022-12-09,NVDA,0.7490939926356077,0.7595347166061401,0.010440723970532417,0.2300245612859726,3 Growth Stocks That Could Be Huge Winners in the Next Decade and Beyond
2022-12-09,NVDA,0.34256971068680286,0.3573756515979767,0.01480594091117382,0.6278184056282043,Buffett's Buys; 3 Stocks Catching His Attention in 2022
2022-12-09,NVDA,-0.9475959092378616,0.01105402410030365,0.9586499333381653,0.03029598295688629,US STOCKS-Wall St slips as inflation data ignites rate hike worries
2022-12-09,NVDA,0.8783990843221545,0.8923619389533997,0.013962854631245136,0.09367524832487106,Taiwan Semiconductor's Arizona Fab Could Mean Big Wins for 2 Other Chip Stocks
2022-12-08,NVDA,0.016377320513129234,0.04015474021434784,0.023777419701218605,0.9360678791999817,"Noteworthy Thursday Option Activity: GNRC, NVDA, NOW"
2022-12-08,NVDA,0.4051831727847457,0.4148077368736267,0.009624564088881016,0.5755677223205566,"Why Amazon, Nvidia, and Snowflake All Gained Ground Today"
2022-12-08,NVDA,-0.8813345953822136,0.03605855256319046,0.917393147945404,0.046548351645469666,"US STOCKS-S&P 500, Nasdaq snap losing streaks after jobless claims rise"
2022-12-08,NVDA,-0.8732392229139805,0.049792345613241196,0.9230315685272217,0.02717611938714981,US STOCKS-S&P 500 rebounds as investors take rate hike cues from jobless claims rise
2022-12-08,NVDA,0.09359876438975334,0.10461775958538055,0.011018995195627213,0.8843632340431213,2 Top Index Funds Growth Stock Investors Can Buy With Confidence Before 2023
2022-12-07,NVDA,-0.9191073328256607,0.03196088969707489,0.9510682225227356,0.016970952972769737,Invesco QQQ Experiences Big Outflow
2022-12-07,NVDA,0.5533406808972359,0.6023677587509155,0.04902707785367966,0.3486051559448242,Better Buy: AMD vs. Nvidia
2022-12-07,NVDA,0.22887964360415936,0.24706681072711945,0.01818716712296009,0.7347460389137268,This Hot Growth Stock Is Still a Buy After Enormous Gains
2022-12-07,NVDA,-0.9565754188224673,0.010392819531261921,0.9669682383537292,0.022639010101556778,US STOCKS-Futures fall on growing fears of recession
2022-12-07,NVDA,0.5954657895490527,0.6105091571807861,0.015043367631733418,0.3744475543498993,Is iShares Semiconductor ETF (SOXX) a Strong ETF Right Now?
2022-12-06,NVDA,0.12468770332634449,0.13478627800941467,0.010098574683070183,0.8551151752471924,3 Stocks to Buy Before 2023 That Can Set You Up for Life
2022-12-06,NVDA,0.7870006328448653,0.795237123966217,0.008236491121351719,0.196526437997818,TSMC expects $10 billion in annual revenue from Arizona fabs
2022-12-06,NVDA,-0.00943988561630249,0.03419794514775276,0.04363783076405525,0.9221642017364502,3 Reasons to Be Buying Nvidia Stock Hand Over Fist Right Now
2022-12-06,NVDA,0.04501604102551937,0.07313312590122223,0.028117084875702858,0.898749828338623,Air Products Stock Could Be a Hidden Gem Among All the Chip Manufacturing Hype
2022-12-06,NVDA,0.1189558869227767,0.13209857046604156,0.013142683543264866,0.8547587394714355,"Biden to visit Taiwan's TSMC chip plant in Arizona, hail supply chain fixes"
2022-12-05,NVDA,0.3066389560699463,0.4965493381023407,0.1899103820323944,0.3135403096675873,Two Outperforming Semiconductors You Haven't Heard Of
2022-12-05,NVDA,0.04231768473982811,0.09578453004360199,0.05346684530377388,0.8507486581802368,Are Options Traders Betting on a Big Move in NVIDIA (NVDA) Stock?
2022-12-05,NVDA,0.6662671063095331,0.6780782341957092,0.01181112788617611,0.3101106882095337,Is Invesco Dynamic Semiconductors ETF (PSI) a Strong ETF Right Now?
2022-12-04,NVDA,0.9286175705492496,0.9487003684043884,0.02008279785513878,0.031216807663440704,Why Nvidia Stock Surged 25% in November
2022-12-04,NVDA,0.1310843052342534,0.14539575576782227,0.014311450533568859,0.8402928113937378,2 Top Tech Stocks to Buy for the Long Haul
2022-12-04,NVDA,-0.009204216301441193,0.04047936201095581,0.049683578312397,0.9098371267318726,5 Top Stocks for December
2022-12-03,NVDA,0.018064986914396286,0.03929618000984192,0.021231193095445633,0.9394725561141968,1 Thing You Need to Know Before You Buy Chip Stocks
2022-12-02,NVDA,0.222943851724267,0.24209049344062805,0.019146641716361046,0.7387628555297852,"Up 50% Since October, Is Nvidia Stock a Buy?"
2022-12-02,NVDA,-0.9464204404503107,0.014408459886908531,0.9608289003372192,0.024762725457549095,Nasdaq leads Wall St lower after robust November jobs data
2022-12-02,NVDA,0.09923561662435532,0.11082695424556732,0.011591337621212006,0.8775817155838013,My 3 Highest-Conviction Growth Stocks to Buy Before 2022 Ends
2022-12-02,NVDA,-0.9395107571035624,0.0116047915071249,0.9511155486106873,0.037279751151800156,"Why Nvidia, Alphabet, and Other Tech Stocks Slumped Friday"
2022-12-02,NVDA,-0.9594506612047553,0.00858402345329523,0.9680346846580505,0.023381251841783524,US STOCKS-Wall St futures slide after robust November jobs report
2022-12-01,NVDA,0.19221043400466442,0.20173341035842896,0.009522976353764534,0.7887435555458069,Amazon's New Chips Coming for NVIDIA
2022-12-01,NVDA,-0.8676675036549568,0.05290596932172775,0.9205734729766846,0.026520591229200363,US STOCKS-Wall Street ends mixed; Salesforce selloff pressures Dow
2022-12-01,NVDA,0.04961054027080536,0.07150184363126755,0.02189130336046219,0.9066067934036255,How Artificial Intelligence Is Transforming Healthcare
2022-12-01,NVDA,0.9312431588768959,0.9408280253410339,0.009584866464138031,0.04958710819482803,Meta Platforms (META) Boosts Prospects With New VR Features
2022-12-01,NVDA,-0.1494765281677246,0.05286429822444916,0.20234082639217377,0.7447948455810547,Time for Cloud ETFs Following Amazon's Recent Hiring Move?
2022-11-30,NVDA,0.48812685906887054,0.7297499179840088,0.24162305891513824,0.02862704172730446,US STOCKS-Wall Street ends sharply higher after Powell comments
2022-11-30,NVDA,0.017936673015356064,0.04698716849088669,0.029050495475530624,0.9239623546600342,"Noteworthy Wednesday Option Activity: AA, NVDA, RKT"
2022-11-30,NVDA,-0.9179929327219725,0.010504739359021187,0.9284976720809937,0.06099759042263031,"Smart Investors Should Buy These 3 Stocks, Down Between 46% and 73%, Heading Into 2023"
2022-11-30,NVDA,0.5843059420585632,0.7645595073699951,0.18025356531143188,0.05518697574734688,US STOCKS-Wall Street rises after Powell eyes slower rate hikes
2022-11-30,NVDA,-0.9606747347861528,0.009466079995036125,0.970140814781189,0.02039312943816185,Report warns U.S. chip design market share to plunge without government support
2022-11-29,NVDA,-0.10113812983036041,0.05354131758213043,0.15467944741249084,0.7917792201042175,Time to Buy Beaten-Down Chip Stocks?
2022-11-29,NVDA,-0.9494183380156755,0.011653391644358635,0.9610717296600342,0.02727488987147808,US STOCKS-S&P 500 ends down as Apple dips and traders eye Powell speech
2022-11-29,NVDA,0.18972747400403023,0.2204631268978119,0.030735652893781662,0.7488012909889221,Tuesday's ETF with Unusual Volume: SUSL
2022-11-29,NVDA,0.685958057641983,0.7230492234230042,0.03709116578102112,0.23985964059829712,Nvidia Stock Looks Expensive but Might be Undervalued
2022-11-29,NVDA,0.3035067543387413,0.32711899280548096,0.023612238466739655,0.6492688059806824,"Noteworthy ETF Inflows: SMH, TSM, NVDA, QCOM"
2022-11-28,NVDA,-0.9452729402109981,0.014249307103455067,0.9595222473144531,0.02622847817838192,US STOCKS-Wall St futures slip on China COVID woes; Apple falls
2022-11-28,NVDA,-0.9554141722619534,0.01013517752289772,0.9655493497848511,0.024315431714057922,"US STOCKS-Wall Street drops, weighed down by Apple and China worries"
2022-11-28,NVDA,-0.014978207647800446,0.018514547497034073,0.03349275514483452,0.9479926824569702,"Ex-Dividend Reminder: NVIDIA, Vontier and Shutterstock"
2022-11-28,NVDA,-0.9346911944448948,0.01675337180495262,0.9514445662498474,0.03180199861526489,"US STOCKS-Apple, energy shares drag Wall St lower amid China COVID protests"
2022-11-28,NVDA,-0.1985207200050354,0.3732988238334656,0.571819543838501,0.05488162487745285,US STOCKS-Wall St losses limited as Amazon gains on upbeat Cyber Monday
2022-11-27,NVDA,0.00936984084546566,0.03858276829123497,0.02921292744576931,0.9322043061256409,Nvidia Stock Q&A With Wall Street Investors
2022-11-27,NVDA,0.10102830361574888,0.11629986017942429,0.015271556563675404,0.8684285283088684,The Smartest Stocks to Buy With $20 Right Now and Hold Forever
2022-11-27,NVDA,-0.9307383522391319,0.012554802000522614,0.9432931542396545,0.04415193572640419,Nvidia (NASDAQ:NVDA): This Chip Stock is Down but Not Out
2022-11-27,NVDA,0.930650825612247,0.9440815448760986,0.013430719263851643,0.0424877405166626,Better Semiconductor Stock: Mobileye vs. Nvidia
2022-11-26,NVDA,0.031084690243005753,0.050263840705156326,0.019179150462150574,0.9305569529533386,2 Quantum Computing Stocks To Watch Right Now
2022-11-25,NVDA,0.07681009639054537,0.09049861878156662,0.013688522391021252,0.8958128094673157,3 Tech Stocks You Can Count on in This Uncertain Market
2022-11-25,NVDA,-0.019784223288297653,0.025886230170726776,0.04567045345902443,0.9284433126449585,"Where to Invest $10,000 in a Bear Market"
2022-11-25,NVDA,-0.6206856332719326,0.021772388368844986,0.6424580216407776,0.33576956391334534,What's Going On With Nvidia Stock?
2022-11-25,NVDA,0.056455209851264954,0.06736120581626892,0.010905995965003967,0.9217327833175659,Should You Invest in the VanEck Semiconductor ETF (SMH)?
2022-11-24,NVDA,0.0681848069652915,0.08099320530891418,0.012808398343622684,0.9061983823776245,Here's Nvidia's Fastest-Growing Segment -- and It's Not Data Center or Gaming
2022-11-23,NVDA,0.7008584281429648,0.7136515378952026,0.012793109752237797,0.27355533838272095,Is Nuveen ESG LargeCap Growth ETF (NULG) a Strong ETF Right Now?
2022-11-23,NVDA,-0.003014585003256798,0.02447928488254547,0.02749386988580227,0.9480268359184265,Interesting NVDA Put And Call Options For January 2023
2022-11-23,NVDA,0.02283834107220173,0.05405755341053009,0.03121921233832836,0.9147231578826904,"Noteworthy Wednesday Option Activity: NVDA, ALB, MCD"
2022-11-23,NVDA,-0.22428664565086365,0.2872902452945709,0.5115768909454346,0.2011328637599945,A New Tailwind Emerges for Nvidia Stock -- Share Repurchases
2022-11-23,NVDA,0.011963322758674622,0.04641064628958702,0.0344473235309124,0.9191420674324036,Is Nvidia Stock a Buy Right Now?
2022-11-22,NVDA,-0.5151985324919224,0.029286976903676987,0.5444855093955994,0.4262275993824005,Is the Worst Over for Semiconductor Stocks & ETFs?
2022-11-22,NVDA,0.08434209041297436,0.09397473931312561,0.009632648900151253,0.8963926434516907,Meta Platforms (META) Developing Network Clocks for Metaverse
2022-11-22,NVDA,0.04197410121560097,0.05659540370106697,0.014621302485466003,0.9287832975387573,3 Under-the-Radar Gaming Stocks You Can Buy and Hold for the Next Decade
2022-11-21,NVDA,0.33272362872958183,0.34916022419929504,0.01643659546971321,0.6344031691551208,"Noteworthy ETF Inflows: QQQ, NVDA, PEP, META"
2022-11-21,NVDA,-0.030438922345638275,0.039963722229003906,0.07040264457464218,0.8896335959434509,Here is What to Know Beyond Why NVIDIA Corporation (NVDA) is a Trending Stock
2022-11-21,NVDA,0.14929620176553726,0.16312040388584137,0.013824202120304108,0.8230553269386292,"It's Not Just the U.S. Investing in Chips, and Investors Can Win Big Off the Trend"
2022-11-20,NVDA,0.6884509874507785,0.7005859613418579,0.012134973891079426,0.28727906942367554,Nvidia Scores a Huge Win -- Microsoft Will Be First Public Cloud to Adopt Its AI Stack
2022-11-18,NVDA,-0.04345673881471157,0.020582640543580055,0.06403937935829163,0.9153779745101929,"Company News for Nov 18, 2022"
2022-11-18,NVDA,0.04954860731959343,0.0694410502910614,0.019892442971467972,0.9106664657592773,Best Undervalued Stocks To Buy Right Now? 2 Semiconductor Stocks To Watch
2022-11-18,NVDA,0.5339954122900963,0.5623498558998108,0.028354443609714508,0.4092957079410553,10 Best Tech Stocks to Buy Now in November (High Conviction)
2022-11-18,NVDA,0.11463867872953415,0.1468358188867569,0.03219714015722275,0.8209670186042786,More Bullish News for Berkshire Hathaway's Semiconductor Stock
2022-11-17,NVDA,-0.9566994123160839,0.01003076508641243,0.9667301774024963,0.023238981142640114,US STOCKS-Futures slip as investors assess mixed economic data
2022-11-17,NVDA,0.004280854016542435,0.026230312883853912,0.021949458867311478,0.9518202543258667,Analyzing NVIDIA (NVDA) Stock After Q3 Earnings
2022-11-17,NVDA,0.0013929009437561035,0.07949665933847427,0.07810375839471817,0.842399537563324,Are Tech Stocks Recovering? Here's What 2 Tech Titans Have to Say
2022-11-17,NVDA,-0.5139837265014648,0.18085569143295288,0.6948394179344177,0.124304860830307,"Nvidia Misses Q3 Earnings, Shares Up: ETFs in Focus"
2022-11-17,NVDA,-0.8250874355435371,0.04467581957578659,0.8697632551193237,0.08556092530488968,"Nvidia Earnings Were Boring, and That Might Be a Good Thing"
2022-11-16,NVDA,-0.9425195390358567,0.0103305047377944,0.9528500437736511,0.03681936115026474,Why Nvidia Shares Fell Ahead of Earnings Today
2022-11-16,NVDA,0.00692269392311573,0.028121361508965492,0.021198667585849762,0.9506799578666687,"Technology Sector Update for 11/16/2022: LYT,MU,HOLI,MSFT,NVDA"
2022-11-16,NVDA,0.009049871936440468,0.03864261135458946,0.029592739418148994,0.9317646026611328,Nvidia (NVDA) Q3 2023 Earnings Call Transcript
2022-11-16,NVDA,0.0703006386756897,0.4589729309082031,0.3886722922325134,0.15235470235347748,"Nvidia Stock Little Changed on Earnings Miss, Revenue Beat"
2022-11-16,NVDA,0.1043153302744031,0.11817720532417297,0.013861875049769878,0.8679609298706055,7 Meme Stocks That Are Actually Worth Betting On
2022-11-15,NVDA,0.4907439351081848,0.6307243704795837,0.13998043537139893,0.22929517924785614,"Markets Cool but Stay in the Green, Led by Chinese Stocks"
2022-11-15,NVDA,0.035049356520175934,0.05298352986574173,0.017934173345565796,0.9290823340415955,"Notable Tuesday Option Activity: NVDA, AVAV, LPX"
2022-11-15,NVDA,0.05593458190560341,0.07778017222881317,0.021845590323209763,0.9003742933273315,NVIDIA and 4 Top Earnings Charts
2022-11-15,NVDA,0.007080944254994392,0.033399730920791626,0.026318786665797234,0.9402814507484436,Nvidia is under the microscope ahead of earnings; Here’s what to expect
2022-11-15,NVDA,0.7827223548665643,0.7981297373771667,0.015407382510602474,0.18646278977394104,Why Nvidia Stock Is Climbing Higher Today
2022-11-14,NVDA,-0.9663145947270095,0.007437665481120348,0.9737522602081299,0.01881011202931404,Evaluating NVIDIA (NVDA) Stock Down 50% Before Q3 Earnings
2022-11-14,NVDA,0.057298239320516586,0.07766874134540558,0.020370502024888992,0.9019607305526733,The Best Stocks to Buy With $500 Right Now
2022-11-14,NVDA,-0.05732309818267822,0.3082432448863983,0.36556634306907654,0.32619038224220276,Big Retail Earnings Week Ahead
2022-11-14,NVDA,-0.044180888682603836,0.03686296567320824,0.08104385435581207,0.8820931315422058,"Quiet Ahead of Retail Q3, Sales & Housing Data"
2022-11-14,NVDA,0.03403587266802788,0.0465828999876976,0.012547027319669724,0.9408701062202454,"Walmart, Target, Nvidia, Cisco Systems and Applied Materials are part of Zacks Earnings Preview"
2022-11-13,NVDA,-0.018918395042419434,0.02790311723947525,0.046821512281894684,0.925275444984436,USA Chip Regulations and What They Mean for Semiconductor Investors
2022-11-12,NVDA,0.13874997571110725,0.15683676302433014,0.018086787313222885,0.8250764012336731,7 Game-Changing Tech Stocks to Buy to Retire a Millionaire
2022-11-11,NVDA,0.09957868605852127,0.15304484963417053,0.05346616357564926,0.7934890389442444,"Why Nvidia, AMD, Intel, and Other Semiconductor Stocks Jumped on Thursday"
2022-11-11,NVDA,-0.6807742193341255,0.05863761156797409,0.7394118309020996,0.20195059478282928,Previewing Retail Sector Earnings as Inventory Issues Linger
2022-11-11,NVDA,0.05757198669016361,0.06991799920797348,0.012346012517809868,0.9177359938621521,"IWF, NVDA, V, MA: ETF Inflow Alert"
2022-11-11,NVDA,0.03703783638775349,0.05844955891370773,0.021411722525954247,0.9201386570930481,Want to Get Richer? 3 Top Stocks to Buy Now and Hold Forever.
2022-11-11,NVDA,0.02344360388815403,0.044871751219034195,0.021428147330880165,0.9337000846862793,"The Zacks Analyst Blog Highlights Apple, Snap, Autodesk and NVIDIA"
2022-11-10,NVDA,0.004549449309706688,0.03399426117539406,0.02944481186568737,0.9365609884262085,3 Semiconductor Stocks To Watch In The Stock Market Right Now
2022-11-10,NVDA,0.4331488013267517,0.701690137386322,0.2685413360595703,0.029768580570816994,US STOCKS-Wall Street ends sharply higher on sign of cooling inflation
2022-11-10,NVDA,0.05422443151473999,0.06878570467233658,0.014561273157596588,0.916653037071228,7 No-Brainer Metaverse Stocks to Buy for 2023 and Beyond
2022-11-10,NVDA,0.2171031730249524,0.22575432062149048,0.008651147596538067,0.765594482421875,"AMD launches data center CPU 'Genoa', taps Google, Microsoft as customers"
2022-11-10,NVDA,0.7862318903207779,0.8623933792114258,0.07616148889064789,0.06144518405199051,US STOCKS-Wall Street soars on sign of cooling inflation
2022-11-09,NVDA,0.4478836413472891,0.46155500411987305,0.013671362772583961,0.5247735977172852,AMD Unveils Sub-$1000 High-End Graphics Cards
2022-11-09,NVDA,-0.8292708080261946,0.027365298941731453,0.856636106967926,0.11599859595298767,Why Nvidia Stock Plunged Today
2022-11-09,NVDA,-0.9499240918084979,0.01079597044736147,0.9607200622558594,0.028483903035521507,Analysts Estimate Nvidia (NVDA) to Report a Decline in Earnings: What to Look Out for
2022-11-08,NVDA,0.9105769013985991,0.9223574995994568,0.01178059820085764,0.06586190313100815,Nvidia Designs New Chip For China To Override U.S Ban
2022-11-08,NVDA,0.6780264526605606,0.8085904121398926,0.13056395947933197,0.06084561347961426,US STOCKS-Wall Street rises as investors eye midterm U.S. elections
2022-11-08,NVDA,0.0641554445028305,0.09025030583143234,0.026094861328601837,0.8836548328399658,"Notable Tuesday Option Activity: NVDA, LMT, ALB"
2022-11-08,NVDA,0.8914527259767056,0.9204902648925781,0.029037538915872574,0.05047214776277542,US STOCKS-Wall St climbs over 1% as midterm election begins; Amgen hits record high
2022-11-08,NVDA,-0.08432065695524216,0.10124137252569199,0.18556202948093414,0.7131966352462769,Why Nvidia Stock Popped Tuesday Morning
2022-11-07,NVDA,0.8790508238598704,0.8878002762794495,0.008749452419579029,0.10345030575990677,EXCLUSIVE-Nvidia offers new advanced chip for China that meets U.S. export controls
2022-11-07,NVDA,0.17034979537129402,0.1860770285129547,0.01572723314166069,0.7981957793235779,Nvidia (NVDA) Outpaces Stock Market Gains: What You Should Know
2022-11-07,NVDA,-0.9561372082680464,0.008405657485127449,0.9645428657531738,0.02705151028931141,3 Stocks Down 50% or More That Are Screaming Bear-Market Buys
2022-11-06,NVDA,-0.956962644122541,0.013173283077776432,0.9701359272003174,0.016690805554389954,PREVIEW-SoftBank faces tech stock weakness at Q2 earnings
2022-11-06,NVDA,-0.30311256274580956,0.031898293644189835,0.3350108563899994,0.6330908536911011,Is Meta Platforms Spending Too Much on Data Centers?
2022-11-05,NVDA,0.07942754495888948,0.09451874345541,0.01509119849652052,0.8903900980949402,Is Intel a Buying Opportunity Now?
2022-11-05,NVDA,0.06755238678306341,0.08277931064367294,0.015226923860609531,0.9019937515258789,Should AMD Investors Be Excited About This?
2022-11-03,NVDA,-0.019553441554307938,0.03551888093352318,0.055072322487831116,0.9094088077545166,What Are Retail Investors Buying And Selling This Week Amidst Q3 Earnings Season?
2022-11-03,NVDA,0.1282052481546998,0.1418425291776657,0.013637281022965908,0.8445202112197876,"AI chip startup SiMa.ai launches auto business with former Bosch, Mercedes executive"
2022-11-03,NVDA,0.036363912746310234,0.06220138072967529,0.02583746798336506,0.9119611382484436,Is Intel Stock a Buy Now?
2022-11-02,NVDA,-0.1463243067264557,0.39448925852775574,0.5408135652542114,0.06469722092151642,AMD shares rise as chip demand from data centers cushions PC slowdown
2022-11-02,NVDA,0.05998695828020573,0.07923507690429688,0.01924811862409115,0.901516854763031,Surprise! It Isn't Just Meta Investing Heavily in the Metaverse.
2022-11-02,NVDA,0.8702298291027546,0.9168549180030823,0.04662508890032768,0.0365201011300087,AMD shares rise as chipmaker sees data center strength cushioning PC slowdown
2022-11-02,NVDA,0.05807790718972683,0.06877550482749939,0.01069759763777256,0.920526921749115,Should You Invest in the Technology Select Sector SPDR ETF (XLK)?
2022-11-02,NVDA,0.04317213594913483,0.07725054770708084,0.034078411757946014,0.8886711001396179,Did Meta Platforms Just Give Nvidia a Big Shot in the Arm?
2022-11-01,NVDA,0.30818529427051544,0.33480778336524963,0.026622489094734192,0.638569712638855,Why Lattice Semiconductor Stock Soared Today
2022-11-01,NVDA,-0.05777324363589287,0.04384227469563484,0.10161551833152771,0.8545422554016113,Is Nvidia Stock (NASDAQ:NVDA) a Contrarian Buy?
2022-11-01,NVDA,0.04464900121092796,0.06790509074926376,0.0232560895383358,0.9088388681411743,Is Mobileye Stock a Buy Now?
2022-11-01,NVDA,0.010323835536837578,0.03578409552574158,0.025460259988904,0.9387556910514832,What to Expect from Qualcomm Earnings and QCOM Stock
2022-11-01,NVDA,0.10455723851919174,0.15823571383953094,0.0536784753203392,0.7880858182907104,Nvidia (NVDA) Gains As Market Dips: What You Should Know
2022-10-31,NVDA,-0.8990922356024384,0.010505161248147488,0.9095973968505859,0.07989753037691116,Breaking Down AMD Stock Ahead of Q3 Earnings
2022-10-31,NVDA,-0.7623103745281696,0.030444692820310593,0.7927550673484802,0.17680025100708008,Why Nvidia Fell Today
2022-10-31,NVDA,-0.9625013386830688,0.011801847256720066,0.9743031859397888,0.013895011506974697,Weak Client Segment Revenues to Hurt AMD Q3 Earnings Growth
2022-10-31,NVDA,0.17382189817726612,0.18812096118927002,0.014299063012003899,0.7975800037384033,Bull of the Day: AspenTech (AZPN)
2022-10-29,NVDA,0.028149211779236794,0.0511079877614975,0.022958775982260704,0.9259332418441772,2 Growth Stocks on My Buy List
2022-10-28,NVDA,0.19410986360162497,0.20249830186367035,0.008388438262045383,0.7891132235527039,Long-Term Investment Options in Metaverse Stocks: 5 Companies That Could Prosper in the Age of Web3
2022-10-28,NVDA,0.04728914983570576,0.06727632880210876,0.019987178966403008,0.9127365350723267,Is Most-Watched Stock NVIDIA Corporation (NVDA) Worth Betting on Now?
2022-10-28,NVDA,-0.011603200808167458,0.026698263362050056,0.038301464170217514,0.9350002408027649,"The Zacks Analyst Blog Highlights UnitedHealth Group, Johnson & Johnson, Walmart, The Coca-Cola Company and NVIDIA"
2022-10-28,NVDA,0.022133274003863335,0.04293633624911308,0.020803062245249748,0.9362606406211853,Excited About Oracle Cloud? Not So Fast -- The Story Is Really About Nvidia
2022-10-28,NVDA,-0.08815477229654789,0.029358288273215294,0.11751306056976318,0.8531286716461182,What Awaits Advanced Micro Devices (AMD) in Q3 Earnings?
2022-10-27,NVDA,-0.03581433929502964,0.023206064477562904,0.059020403772592545,0.9177735447883606,"Stock Market News for Oct 27, 2022"
2022-10-27,NVDA,0.1415991149842739,0.18552042543888092,0.04392131045460701,0.7705582976341248,Thursday's ETF with Unusual Volume: SUSL
2022-10-27,NVDA,0.3340024296194315,0.34703493118286133,0.013032501563429832,0.6399325132369995,"Notable ETF Inflow Detected - SPY, NVDA, V, META"
2022-10-27,NVDA,-0.36541583202779293,0.022861698642373085,0.388277530670166,0.588860809803009,How Midterms Could Impact Your ETF Portfolio
2022-10-27,NVDA,0.8064860366284847,0.8523295521736145,0.045843515545129776,0.10182692855596542,Why Nvidia Stock Edged Higher Today
2022-10-26,NVDA,-0.9644540948793292,0.007660229690372944,0.9721143245697021,0.02022540010511875,2 Growth Stocks Down 60% From Their Highs That Could Be Future Steals
2022-10-26,NVDA,0.057504238560795784,0.0701800286769867,0.01267579011619091,0.9171441793441772,2 Tech Stocks You Can Buy and Hold for the Next Decade
2022-10-25,NVDA,0.04121176525950432,0.06580045819282532,0.024588692933321,0.9096108675003052,Top 10 Wide-Moat Stocks to Buy Now
2022-10-25,NVDA,-0.21256443858146667,0.3375885784626007,0.5501530170440674,0.11225834488868713,GRAPHIC-S&P 500 adds to mid-October rebound from bear market low
2022-10-25,NVDA,-0.9450686322525144,0.012618566863238811,0.9576871991157532,0.02969427779316902,Will Lower Ad Revenues Hurt Meta Platforms (META) Q3 Earnings?
2022-10-25,NVDA,-0.03497414477169514,0.023115945979952812,0.05809009075164795,0.9187939167022705,"Stock Market News for Oct 25, 2022"
2022-10-25,NVDA,-0.9567801654338837,0.01058235764503479,0.9673625230789185,0.022055184468626976,1 Super Semiconductor Stock Down 64% to Buy Hand Over Fist
2022-10-24,NVDA,-0.7254252471029758,0.05243396386504173,0.7778592109680176,0.16970683634281158,"Down More Than 20% Last Month, Can AMD Stock Turn Things Around?"
2022-10-24,NVDA,-0.057453691959381104,0.09226039052009583,0.14971408247947693,0.758025586605072,Can Netflix Crush Nvidia in This $40 Billion Market?
2022-10-24,NVDA,0.12922757863998413,0.17609688639640808,0.04686930775642395,0.777033805847168,Nvidia (NVDA) Gains But Lags Market: What You Should Know
2022-10-22,NVDA,-0.36512091755867004,0.0465790331363678,0.41169995069503784,0.541720986366272,"Have You Lost $3,000 in the Stock Market This Year? Do This Before It's Too Late."
2022-10-21,NVDA,0.2707289382815361,0.3132021725177765,0.04247323423624039,0.6443246603012085,"Why Nvidia, AMD, ASML, and Other Semiconductor Stocks Were Up Thursday Morning"
2022-10-21,NVDA,0.06803734041750431,0.0874263346195221,0.019388994202017784,0.8931846618652344,"Notable Friday Option Activity: DIS, NVDA, ABNB"
2022-10-21,NVDA,0.024842383340001106,0.048955995589494705,0.0241136122494936,0.9269304275512695,Burned by Tech Stocks? Try These 3 ETFs Instead
2022-10-21,NVDA,0.6863371580839157,0.7651536464691162,0.0788164883852005,0.1560298502445221,Why Nvidia Stock Rallied This Week
2022-10-21,NVDA,0.08297602459788322,0.10107418894767761,0.018098164349794388,0.8808276653289795,Here's Why the Competition Is Intense Between AMD and Intel
2022-10-20,NVDA,0.8229886218905449,0.8885028958320618,0.06551427394151688,0.045982830226421356,"Why Shopify, Nvidia, and Roku Stocks Rallied Early Thursday"
2022-10-20,NVDA,0.029172249138355255,0.07488831132650375,0.0457160621881485,0.8793956637382507,"Despite the Correction, Should You Bet on Semiconductor Stocks?"
2022-10-19,NVDA,0.9028121372684836,0.910818338394165,0.0080062011256814,0.08117543160915375,"Oracle (ORCL), NVIDIA Expanded Partnership Comes With AI Focus"
2022-10-19,NVDA,0.0057974569499492645,0.04200795292854309,0.036210495978593826,0.9217814803123474,"What Do Nvidia, Meta Platforms, and Oracle Have in Common?"
2022-10-19,NVDA,0.21697726845741272,0.518125057220459,0.30114778876304626,0.18072713911533356,Why Nvidia Stock Was Up on a Down Day for the Market
2022-10-19,NVDA,0.033286442048847675,0.04820903390645981,0.014922591857612133,0.9368683695793152,"Zacks Investment Ideas feature highlights: Nvidia, Adobe and Alphabet"
2022-10-19,NVDA,0.2701742947101593,0.36464858055114746,0.09447428584098816,0.540877103805542,"2 Semiconductor Stocks With 149% to 178% Upside, According to Wall Street"
2022-10-18,NVDA,-0.9075754825025797,0.025328701362013817,0.9329041838645935,0.04176711663603783,"Tech Sell-Off: These Nasdaq Stocks Could Drop Further, but One Looks Like a Screaming Buy"
2022-10-18,NVDA,0.12922757863998413,0.17609688639640808,0.04686930775642395,0.777033805847168,Nvidia (NVDA) Gains But Lags Market: What You Should Know
2022-10-18,NVDA,-0.6785096526145935,0.09484213590621948,0.773351788520813,0.13180604577064514,3 Beaten-Down Tech Stocks Trading at a Discount
2022-10-18,NVDA,0.8031121715903282,0.873039722442627,0.06992755085229874,0.05703280121088028,"US STOCKS-Wall St up as Goldman results keep optimism alive, rising yields cap gains"
2022-10-18,NVDA,0.015538990497589111,0.0354621559381485,0.019923165440559387,0.9446146488189697,See Which Of The Latest 13F Filers Holds NVIDIA
2022-10-17,NVDA,0.3953599203377962,0.42534226179122925,0.029982341453433037,0.5446754097938538,Why Nvidia Stock Is Rising Today
2022-10-17,NVDA,0.31470642052590847,0.3372747600078583,0.022568339481949806,0.6401568651199341,Here's Why Growth in Nvidia's Automotive Segment Is Not All Great News for Investors
2022-10-17,NVDA,0.05915828142315149,0.07338448613882065,0.014226204715669155,0.91238933801651,NVIDIA Corporation (NVDA) is Attracting Investor Attention: Here is What You Should Know
2022-10-17,NVDA,0.7868288885802031,0.7979424595832825,0.011113571003079414,0.1909438967704773,2 Once-in-a-Decade Buying Opportunities in a Nasdaq Bear Market
2022-10-16,NVDA,0.08021681942045689,0.10314026474952698,0.02292344532907009,0.8739362955093384,2 Stock-Split Stocks That Could Double Your Money
2022-10-16,NVDA,-0.3299579508602619,0.024682562798261642,0.35464051365852356,0.6206769347190857,Have Insiders Sold NVIDIA Corporation (NASDAQ:NVDA) Shares Recently?
2022-10-16,NVDA,0.0988465566188097,0.11534030735492706,0.016493750736117363,0.868165910243988,"5 Stocks That Turned a $10,000 Investment Into $1 Million"
2022-10-15,NVDA,0.02798803336918354,0.046115148812532425,0.018127115443348885,0.9357577562332153,A Quick Update on Nvidia's Gaming and Automotive Market
2022-10-15,NVDA,0.03651644103229046,0.05559457466006279,0.01907813362777233,0.9253272414207458,An Investor's Look at Semiconductors
2022-10-15,NVDA,0.8427487025037408,0.8532602787017822,0.010511576198041439,0.13622818887233734,Taiwan touts $900 mln in new business from Silicon Valley meetings
2022-10-14,NVDA,0.032011245377361774,0.046926937997341156,0.014915692619979382,0.938157320022583,AI and the Future of Mobility: 3 Stocks to Consider
2022-10-14,NVDA,0.04143731854856014,0.0591757670044899,0.017738448455929756,0.9230858087539673,"Notable Friday Option Activity: AZO, DPZ, NVDA"
2022-10-14,NVDA,0.09677541814744473,0.11635380983352661,0.019578391686081886,0.864067792892456,Is Nvidia Stock Cheap Enough to Buy?
2022-10-14,NVDA,0.04934436082839966,0.4917886257171631,0.4424442648887634,0.06576713174581528,US STOCKS-Futures rise after big banks kick off earnings season
2022-10-13,NVDA,0.020689453929662704,0.05292939394712448,0.03223994001746178,0.9148306250572205,Is Nvidia Stock a Buy Now?
2022-10-13,NVDA,0.8146228827536106,0.8235251903533936,0.008902307599782944,0.1675725132226944,AMD Initiative to Address High-Growth Markets Aid Prospects
2022-10-13,NVDA,-0.9338331576436758,0.016833746805787086,0.9506669044494629,0.03249932825565338,US STOCKS-Wall St falls as hot inflation data drives fears of big rate hike
2022-10-13,NVDA,-0.9519972484558821,0.009664686396718025,0.9616619348526001,0.028673378750681877,US STOCKS-Futures tumble after hot inflation data
2022-10-13,NVDA,0.0015361383557319641,0.041000235825777054,0.03946409747004509,0.9195356965065002,How Expensive Is Nvidia Stock Really?
2022-10-12,NVDA,-0.7247506231069565,0.042597487568855286,0.7673481106758118,0.1900544911623001,US STOCKS-Wall St struggles to stay higher on rate-hike worries; Fed minutes awaited
2022-10-12,NVDA,-0.03599626570940018,0.022525552660226822,0.058521818369627,0.9189526438713074,Understanding Earnings Calls Series: Nvidia Stock Analysis
2022-10-12,NVDA,-0.011159665882587433,0.06559091061353683,0.07675057649612427,0.8576585054397583,Wednesday's ETF with Unusual Volume: SOXQ
2022-10-12,NVDA,-0.5844062119722366,0.06708185374736786,0.6514880657196045,0.28143003582954407,Nvidia (NVDA) Dips More Than Broader Markets: What You Should Know
2022-10-12,NVDA,0.10382275562733412,0.11206968128681183,0.00824692565947771,0.8796833753585815,"Microsoft (MSFT), Meta to Bring Teams, Office, Windows to VR"
2022-10-11,NVDA,0.8731700479984283,0.9162554144859314,0.04308536648750305,0.04065920040011406,How Micron Sidestepped the Tech Wreck on Tuesday and Gained 4.5%
2022-10-11,NVDA,0.5255547082051635,0.5399284958839417,0.014373787678778172,0.44569769501686096,3 of the Top-Growing Stocks on Earth
2022-10-11,NVDA,-0.9518103711307049,0.008755136281251907,0.9605655074119568,0.030679257586598396,"Why Qualcomm, Nvidia, and Other Semiconductor Stocks Were Down on Monday"
2022-10-11,NVDA,-0.03882532939314842,0.02259480580687523,0.06142013520002365,0.915985107421875,"Stock Market News for Oct 11, 2022"
2022-10-11,NVDA,0.012928806245326996,0.033918317407369614,0.020989511162042618,0.9450922012329102,"The Zacks Analyst Blog Highlights NVIDIA, Pfizer, Citigroup, Humana, and Canadian Natural Resources"
2022-10-10,NVDA,0.2067309319972992,0.25190651416778564,0.04517558217048645,0.7029178738594055,Best Stock to Buy: Nvidia vs. Apple
2022-10-10,NVDA,-0.9583636419847608,0.007269511930644512,0.9656331539154053,0.02709740400314331,US STOCKS-Nasdaq registers lowest close since July 2020; chips stocks fall
2022-10-10,NVDA,-0.9458388071507215,0.015450241044163704,0.9612890481948853,0.023260777816176414,US STOCKS-Wall Street falls with tech shares; investors assess rate outlook
2022-10-10,NVDA,-0.9540136717259884,0.01082894578576088,0.9648426175117493,0.02432839572429657,US STOCKS-Nasdaq falls as U.S. export controls on China weigh on chip stocks
2022-10-10,NVDA,-0.9059323901310563,0.012759006582200527,0.9186913967132568,0.06854956597089767,AMD Preliminary Q3'22 Results Impact Share Price Negatively
2022-10-09,NVDA,0.06255279015749693,0.07535126805305481,0.01279847789555788,0.9118502140045166,3 Companies That Could Be Worth $1 Trillion by 2030
2022-10-08,NVDA,-0.05598914250731468,0.05265166237950325,0.10864080488681793,0.8387075066566467,"Apple's CEO Bashes the Metaverse, and Nvidia's CEO Embraces It: What It Means for Investors"
2022-10-07,NVDA,-0.9528742488473654,0.01089065708220005,0.9637649059295654,0.02534448727965355,US STOCKS-Wall Street slips as jobs growth boosts rate hike bets
2022-10-07,NVDA,-0.8979424610733986,0.022503457963466644,0.9204459190368652,0.057050712406635284,Wall Street tumbles as jobs growth cements rate hike bets
2022-10-07,NVDA,-0.8212600778788328,0.02594734914600849,0.8472074270248413,0.12684525549411774,Why Chip Stocks Were Falling Today
2022-10-07,NVDA,-0.9434067849069834,0.012348508462309837,0.9557552933692932,0.031896159052848816,US STOCKS-Wall Street tumbles as jobs report cements harsh rate hike outlook
2022-10-07,NVDA,0.8273901771754026,0.8456996083259583,0.01830943115055561,0.1359909176826477,U.S. aims to hobble China's chip industry with sweeping new export rules
2022-10-06,NVDA,0.49694255366921425,0.5152787566184998,0.018336202949285507,0.4663850665092468,The Curious Reason Why Nvidia Stock Gained Ground Thursday Morning
2022-10-06,NVDA,-0.056823812425136566,0.06500447541475296,0.12182828783988953,0.8131672143936157,Nvidia (NVDA) Stock Moves -0.6%: What You Should Know
2022-10-06,NVDA,-0.9630305180326104,0.010663866065442562,0.973694384098053,0.01564170978963375,AMD sees lower Q3 revenue as PC market slump worse than expected
2022-10-06,NVDA,0.0035132765769958496,0.041038673371076584,0.037525396794080734,0.9214359521865845,EU wants to know if Microsoft will block rivals after Activision deal
2022-10-06,NVDA,-0.9518009219318628,0.00904913805425167,0.9608500599861145,0.030100801959633827,Why Advanced Micro Devices Shares Lost 25% Last Month
2022-10-05,NVDA,-0.9448263365775347,0.009785441681742668,0.9546117782592773,0.03560277074575424,"US STOCKS-Wall St ends down as two-day rally fizzles on data, Fed message"
2022-10-05,NVDA,-0.03599060699343681,0.03414497897028923,0.07013558596372604,0.8957194685935974,Should You Sell Your FANGMAN Stocks?
2022-10-05,NVDA,-0.9301060400903225,0.01677173748612404,0.9468777775764465,0.03635047376155853,US STOCKS-Wall St slides as Fed's hawkish talk snuffs two-day rally
2022-10-05,NVDA,-0.9392411783337593,0.015888862311840057,0.9551300406455994,0.028981151059269905,US STOCKS-Wall St slides as rising Treasury yields snuff out stock rally
2022-10-05,NVDA,-0.9603729695081711,0.00809653103351593,0.968469500541687,0.023433955386281013,US STOCKS-Wall Street set to decline as rally in growth stocks falter
2022-10-04,NVDA,-0.6289104223251343,0.17201006412506104,0.8009204864501953,0.02706950344145298,Semiconductor Stocks Soar on Potential Chip Export Curbs on China
2022-10-04,NVDA,0.595465918071568,0.6105092763900757,0.015043358318507671,0.37444737553596497,Is iShares Semiconductor ETF (SOXX) a Strong ETF Right Now?
2022-10-04,NVDA,0.023476727306842804,0.1338931769132614,0.11041644960641861,0.755690336227417,Why Nvidia Stock Was Surging Today
2022-10-04,NVDA,0.9290504027158022,0.9468510746955872,0.017800671979784966,0.03534821793437004,Investors in NVIDIA (NASDAQ:NVDA) have made a strong return of 173% over the past three years
2022-10-04,NVDA,0.09537270572036505,0.11089836061000824,0.015525654889643192,0.8735759854316711,3 Top Artificial Intelligence Stocks to Buy in October
2022-10-03,NVDA,-0.14821846038103104,0.09664275497198105,0.24486121535301208,0.6584959626197815,"Why Nvidia, Shopify, and Roku Stocks Popped on Monday"
2022-10-03,NVDA,0.627667217515409,0.6389539837837219,0.011286766268312931,0.3497592508792877,"Meta launches AI software tools to ease switching between Nvidia, AMD chips"
2022-10-03,NVDA,0.47882474586367607,0.49228358268737793,0.013458836823701859,0.49425753951072693,Facebook parent Meta launches AI software tools to help speed up work
2022-10-03,NVDA,0.41021610610187054,0.4259071946144104,0.015691088512539864,0.5584017634391785,"2 Incredible Growth Stocks That Turned $5,000 Into More Than $100,000 in 10 Years"
2022-10-02,NVDA,0.06375418510288,0.07836396992206573,0.014609784819185734,0.9070262908935547,Best Semiconductor Stocks To Invest In 2022? 4 To Watch This Week
2022-10-02,NVDA,0.12782165966928005,0.13812294602394104,0.010301286354660988,0.8515757918357849,3 High-Growth Stocks That Could Be Worth $1 Trillion in 10 Years – Or Sooner
2022-10-02,NVDA,0.01227489486336708,0.05259283259510994,0.04031793773174286,0.9070892333984375,Matterport Stock: Bear vs. Bull
2022-09-30,NVDA,-0.02962188422679901,0.06359498202800751,0.09321686625480652,0.8431881070137024,Nvidia (NVDA) Stock Moves -0.66%: What You Should Know
2022-09-30,NVDA,0.04062222223728895,0.05575218424201012,0.015129962004721165,0.9291177988052368,The Next Big Thing in Tech? 7 Quantum Computing Stocks to Bet On.
2022-09-30,NVDA,-0.93015350215137,0.01736043579876423,0.9475139379501343,0.03512558713555336,"Trouble Mounts for Chipmakers, More Pain Ahead"
2022-09-29,NVDA,0.1639893464744091,0.19164352118968964,0.027654174715280533,0.7807022929191589,Relative Strength Alert For NVIDIA
2022-09-29,NVDA,-0.8704341109842062,0.027647430077195168,0.8980815410614014,0.0742710530757904,Review: U.S.-China tech fight leaves global losers
2022-09-29,NVDA,-0.9608841584995389,0.009231979958713055,0.970116138458252,0.020651837810873985,US STOCKS-Wall Street ends down sharply; investors fret over economy
2022-09-29,NVDA,-0.9557592989876866,0.009836304001510143,0.9655956029891968,0.02456812560558319,US STOCKS-Wall Street skids as investors fret about U.S. economic downturn
2022-09-29,NVDA,0.02242649532854557,0.04824868217110634,0.025822186842560768,0.9259291887283325,"Notable Thursday Option Activity: DIS, ADBE, NVDA"
2022-09-28,NVDA,0.5101489070802927,0.5241878628730774,0.01403895579278469,0.46177321672439575,Nvidia Stock Has Grown 2.5x In Less Than Five Years- Here's Why
2022-09-28,NVDA,-0.027700770646333694,0.02889319881796837,0.05659396946430206,0.9145128726959229,Intel: Value Stock or Value Trap?
2022-09-28,NVDA,0.45877313427627087,0.47081664204597473,0.012043507769703865,0.5171398520469666,"Why Nvidia, Meta Platforms, and Palantir Bounced Back Today"
2022-09-28,NVDA,0.18179079983383417,0.18975502252578735,0.007964222691953182,0.8022807836532593,Hewlett Packard's (HPE) Cray Ex to Build KAUST's Shaheen III
2022-09-28,NVDA,0.8694833600893617,0.8766373991966248,0.007154039107263088,0.11620848625898361,AMD Expands Ryzen Portfolio for High-Growth Business Segments
2022-09-27,NVDA,0.8077682619914412,0.8172390460968018,0.009470784105360508,0.1732901632785797,3 New Products That Have Me Excited for Nvidia's Future
2022-09-27,NVDA,-0.9347439464181662,0.015173191204667091,0.9499171376228333,0.03490962088108063,US STOCKS-S&P 500 ends near two-year low as bear market deepens
2022-09-27,NVDA,-0.5240724161267281,0.07894199341535568,0.6030144095420837,0.3180435597896576,Why Nvidia Stock Defied the Falling Market Tuesday Morning
2022-09-27,NVDA,0.08430942706763744,0.09786029905080795,0.01355087198317051,0.8885887861251831,2 Monster Metaverse Stocks to Buy for the Long Haul
2022-09-27,NVDA,0.12293501757085323,0.14010293781757355,0.017167920246720314,0.8427290916442871,Is Nvidia's Stock Cheap Enough to Buy Yet?
2022-09-26,NVDA,0.5641516894102097,0.7336900234222412,0.16953833401203156,0.09677163511514664,Implied Volatility Surging for NVIDIA (NVDA) Stock Options
2022-09-26,NVDA,0.10097245872020721,0.1801401525735855,0.0791676938533783,0.740692138671875,The 3 Most Undervalued Quantum Computing Stocks to Buy Now
2022-09-25,NVDA,0.022965580224990845,0.09613306820392609,0.07316748797893524,0.8306994438171387,Is Nvidia Blunting Intuitive Surgical's Edge in Robotic Surgery?
2022-09-25,NVDA,-0.9117472171783447,0.011767566204071045,0.9235147833824158,0.0647176057100296,Why Nvidia's New Lovelace Chip Is Bad News for Jay Powell
2022-09-24,NVDA,-0.22539601475000381,0.028595082461833954,0.25399109721183777,0.7174138426780701,Why Is Everyone Talking About Nvidia?
2022-09-24,NVDA,-0.2470933198928833,0.30291950702667236,0.5500128269195557,0.14706769585609436,"1 Beaten-Down Nasdaq Stock That Could Soar 55% to 146%, According to Wall Street"
2022-09-24,NVDA,0.06730369478464127,0.09110111743211746,0.023797422647476196,0.8851014375686646,Missed Out on Nvidia? My Best Chip Stock to Buy and Hold
2022-09-23,NVDA,0.8247932251542807,0.8375455141067505,0.012752288952469826,0.149702250957489,My Take: 4 Strong Growth Stocks to Buy This Week
2022-09-23,NVDA,-0.8722493704408407,0.017866427078843117,0.8901157975196838,0.09201785176992416,Why Nvidia Stock Fell on Friday (Hint: It Wasn't the Economy)
2022-09-23,NVDA,-0.9604022577404976,0.011106185615062714,0.9715084433555603,0.017385393381118774,Nvidia (NVDA) Down 29.9% Since Last Earnings Report: Can It Rebound?
2022-09-23,NVDA,-0.03929715417325497,0.02322000451385975,0.06251715868711472,0.9142627716064453,"Stock Market News for Sep 23, 2022"
2022-09-23,NVDA,0.871523953974247,0.9193903803825378,0.04786642640829086,0.032743193209171295,"1 Growth Stock Set to Soar 145% From Its 52-Week Low, According to Wall Street"
2022-09-22,NVDA,-0.9572824882343411,0.00891613494604826,0.9661986231803894,0.02488517388701439,US STOCKS-Wall Street ends down for third day as growth concerns weigh on tech
2022-09-22,NVDA,-0.9584015966393054,0.0075417994521558285,0.9659433960914612,0.026514733210206032,"US STOCKS-Nasdaq, S&P end down for third day as growth concerns weigh on tech"
2022-09-22,NVDA,-0.9571737097576261,0.008160526864230633,0.9653342366218567,0.026505159214138985,"US STOCKS-Wall Street drops as mounting growth concerns weigh on tech, financials"
2022-09-22,NVDA,0.04235383216291666,0.05748360604047775,0.015129773877561092,0.9273866415023804,Best Stocks To Invest In Right Now? 3 Semiconductor Stocks To Know
2022-09-22,NVDA,0.8424857864156365,0.8512073755264282,0.008721589110791683,0.14007094502449036,AMD Expands Ryzen & Athlon Processor Portfolio for Laptops
2022-09-21,NVDA,0.923485335893929,0.9368466138839722,0.013361277990043163,0.04979211091995239,Nvidia CEO sees 'large space' for China sales despite U.S. restrictions
2022-09-21,NVDA,-0.14723272621631622,0.1389160305261612,0.2861487567424774,0.5749351978302002,"The Street Is Sleeping on Nvidia Stock, Says Top Analyst"
2022-09-21,NVDA,0.006687825545668602,0.02982228808104992,0.023134462535381317,0.947043240070343,"Noteworthy Wednesday Option Activity: NVDA, MNTV, SMCI"
2022-09-21,NVDA,-0.2139861136674881,0.08521692454814911,0.2992030382156372,0.6155800223350525,Why Nvidia Stock Popped on Wednesday
2022-09-21,NVDA,0.7608749866485596,0.8490459322929382,0.08817094564437866,0.06278316676616669,US STOCKS-Wall Street rises ahead of likely hefty rate hike by Fed
2022-09-20,NVDA,0.8150728652253747,0.8256150484085083,0.010542183183133602,0.16384276747703552,"Nvidia unveils new gaming chip with AI features, taps TSMC for manufacturing"
2022-09-20,NVDA,-0.9534587133675814,0.009821129962801933,0.9632798433303833,0.02689899131655693,US STOCKS-Wall Street drops 1% with focus on Fed
2022-09-20,NVDA,0.01572665572166443,0.03880109265446663,0.0230744369328022,0.9381244778633118,Check Out This Stock If You're Worried About Crypto and Chip Shortages
2022-09-20,NVDA,0.5145965460687876,0.542535126209259,0.02793858014047146,0.42952629923820496,Intel Might Be Moving On From Its Gaming GPU Ambitions -- That Wouldn't Be a Bad Thing
2022-09-20,NVDA,-0.860637117177248,0.022357594221830368,0.8829947113990784,0.09464772790670395,US STOCKS-Wall Street set for lower open as focus turns to Fed
2022-09-19,NVDA,0.34431442245841026,0.3807670474052429,0.03645262494683266,0.5827803015708923,Why Nvidia Attempted a Recovery Today
2022-09-19,NVDA,-0.5957211889326572,0.024207886308431625,0.6199290752410889,0.355863094329834,Nvidia Just Lost One of Its Oldest Partners
2022-09-19,NVDA,-0.6882780157029629,0.025992218405008316,0.7142702341079712,0.2597375512123108,Uber says Lapsus$-linked hacker responsible for breach
2022-09-19,NVDA,-0.9526750082150102,0.009472168050706387,0.9621471762657166,0.028380686417222023,US STOCKS-Wall Street set to fall on aggressive rate hike worries
2022-09-19,NVDA,-0.9511414291337132,0.010645019821822643,0.9617864489555359,0.027568571269512177,US STOCKS-Futures fall on rate hike worries
2022-09-18,NVDA,0.032965460792183876,0.04904797300696373,0.016082512214779854,0.9348694682121277,"If You Haven't Done So Yet, It's Time to Buy Qualcomm Stock"
2022-09-18,NVDA,0.9204351138323545,0.9322116374969482,0.011776523664593697,0.05601188540458679,"These 2 Artificial Intelligence Stocks Are Set for Strong Growth, Say Analysts"
2022-09-17,NVDA,-0.004033006727695465,0.03614553064107895,0.040178537368774414,0.9236759543418884,Checking In on 10 Stock Picks
2022-09-16,NVDA,-0.21082699298858643,0.32406413555145264,0.5348911285400391,0.14104464650154114,Here are 3 Oversold Tech Stocks with Solid Upside Potential
2022-09-16,NVDA,0.3529130220413208,0.646750807762146,0.2938377857208252,0.05941132828593254,Why Nvidia Shares Rose on a Down Day
2022-09-16,NVDA,-0.9425340816378593,0.01671726256608963,0.959251344203949,0.024031365290284157,"NVIDIA Corporation's (NASDAQ:NVDA) latest 7.6% decline adds to one-year losses, institutional investors may consider drastic measures"
2022-09-16,NVDA,0.0038133542984724045,0.034625567495822906,0.030812213197350502,0.9345622062683105,How to Read Financial Statements Series: Nvidia Stock Deep Dive
2022-09-16,NVDA,0.08292528707534075,0.09726863354444504,0.01434334646910429,0.8883880972862244,2 Artificial-Intelligence Growth Stocks Shaping the Future of Technology
2022-09-15,NVDA,0.08932765200734138,0.11404379457235336,0.024716142565011978,0.861240029335022,"Move Over, Nvidia. These High-Growth Nasdaq Stocks Are Screaming Buys Right Now."
2022-09-15,NVDA,0.013282280415296555,0.045991938561201096,0.03270965814590454,0.9212983846664429,Is Nvidia Stock a Buy?
2022-09-15,NVDA,-0.5412862785160542,0.028476368635892868,0.569762647151947,0.401760995388031,Why Nvidia Stock Got Trounced on Thursday
2022-09-15,NVDA,0.11563229560852051,0.37884974479675293,0.2632174491882324,0.35793277621269226,EXCLUSIVE-Biden to hit China with broader curbs on U.S. chip and tool exports -sources
2022-09-15,NVDA,0.034551870077848434,0.05787656828761101,0.023324698209762573,0.9187987446784973,All the Stocks I'm Selling in This Wild Market
2022-09-14,NVDA,0.9064464867115021,0.9216563105583191,0.015209823846817017,0.06313379853963852,7 Quantum Computing Stock Picks to Beat the September Market Slump
2022-09-14,NVDA,0.05409127101302147,0.10082407295703888,0.04673280194401741,0.8524430990219116,Wednesday's ETF with Unusual Volume: FCTR
2022-09-14,NVDA,-0.041939010843634605,0.019972344860434532,0.06191135570406914,0.9181162714958191,"Company News for Sep 14, 2022"
2022-09-14,NVDA,0.8670562896877527,0.8792622685432434,0.012205978855490685,0.10853178799152374,"Silicon Valley startup SambaNova offers new AI system, triples previous system speed"
2022-09-14,NVDA,-0.5451411660760641,0.028629297390580177,0.5737704634666443,0.39760029315948486,Semiconductor Stocks Are Down Big -- Here Is My Next Move
2022-09-13,NVDA,0.0570400133728981,0.07713304460048676,0.020093031227588654,0.902773916721344,3 Best Metaverse Stocks to Buy Now
2022-09-13,NVDA,0.017780637368559837,0.03540932759642601,0.017628690227866173,0.9469619989395142,"Notable Tuesday Option Activity: PUBM, MNTV, NVDA"
2022-09-13,NVDA,-0.667335232719779,0.02163431979715824,0.6889695525169373,0.28939610719680786,"Upset by high prices, GM's Cruise develops its own chips for self-driving cars"
2022-09-13,NVDA,-0.4673212468624115,0.14471670985221863,0.6120379567146301,0.24324534833431244,Markets Are Overdoing It a Bit
2022-09-13,NVDA,0.33955393452197313,0.34888285398483276,0.00932891946285963,0.6417881846427917,AMD Joins PyTorch Foundation to Accelerate AI Adoption
2022-09-12,NVDA,-0.03043893352150917,0.0399637408554554,0.07040267437696457,0.8896335959434509,Here is What to Know Beyond Why NVIDIA Corporation (NVDA) is a Trending Stock
2022-09-12,NVDA,-0.21778419613838196,0.27371370792388916,0.4914979040622711,0.2347884476184845,"IWB, GOOG, XOM, NVDA: Large Inflows Detected at ETF"
2022-09-12,NVDA,0.11563229560852051,0.37884974479675293,0.2632174491882324,0.35793277621269226,EXCLUSIVE-Biden to hit China with broader curbs on U.S. chip and tool exports -sources
2022-09-11,NVDA,0.11563229560852051,0.37884974479675293,0.2632174491882324,0.35793277621269226,EXCLUSIVE-Biden to hit China with broader curbs on U.S. chip and tool exports -sources
2022-09-11,NVDA,0.8458005376160145,0.8757369518280029,0.02993641421198845,0.0943266972899437,Better Bear Market Buy: Nvidia vs. Intel
2022-09-10,NVDA,0.07432033866643906,0.09345719963312149,0.019136860966682434,0.8874058723449707,FAANG vs. MATANA: Looking Beyond the Glitzy Branding
2022-09-10,NVDA,-0.0008057765662670135,0.03004329465329647,0.030849071219563484,0.9391076564788818,Where Will Nvidia Be in 5 Years?
2022-09-09,NVDA,0.038035860285162926,0.05466774106025696,0.016631880775094032,0.9287003874778748,3 No-Brainer Tech Stocks to Buy if You Have Money to Invest
2022-09-09,NVDA,0.0059000179171562195,0.07917702943086624,0.07327701151371002,0.8475459218025208,Why Nvidia and Semiconductor Stocks Keep Going Up
2022-09-09,NVDA,0.3352506756782532,0.36340296268463135,0.028152287006378174,0.6084447503089905,4 Phenomenal Growth Stocks Billionaires Are Buying Hand Over Fist
2022-09-08,NVDA,0.9058181680738926,0.9384658932685852,0.03264772519469261,0.028886403888463974,"ANALYSIS-U.S. ban on Nvidia, AMD chips seen boosting Chinese rivals"
2022-09-08,NVDA,-0.024458903819322586,0.03641268238425255,0.060871586203575134,0.9027157425880432,3 Reasons Why I Would Stay Away From Intel Stock
2022-09-08,NVDA,0.06578786112368107,0.0760439783334732,0.010256117209792137,0.9136998653411865,Should You Invest in the Vanguard Information Technology ETF (VGT)?
2022-09-08,NVDA,0.9236576948314905,0.9433549046516418,0.01969720982015133,0.036947865039110184,Better Semiconductor Stock: AMD vs. Nvidia
2022-09-07,NVDA,0.04085772484540939,0.06269179284572601,0.02183406800031662,0.9154740571975708,Which “Strong Buy” Semiconductor Stock Does Wall Street Love Most?
2022-09-07,NVDA,0.010495409369468689,0.037667617201805115,0.027172207832336426,0.935160219669342,A Few Things Nvidia Investors Should Know
2022-09-07,NVDA,-0.098628468811512,0.07970733195543289,0.17833580076694489,0.7419569492340088,7 Stocks to Buy on the Dip — or You’ll Be Kicking Yourself Later!
2022-09-07,NVDA,0.038702625781297684,0.054615575820207596,0.015912950038909912,0.9294714331626892,"The Zacks Analyst Blog Highlights NVIDIA, Microsoft, Apple and Alphabet"
2022-09-06,NVDA,0.08596889302134514,0.10362933576107025,0.017660442739725113,0.8787102103233337,"Notable Tuesday Option Activity: KMX, NVDA, ALGN"
2022-09-06,NVDA,0.008328080177307129,0.07609609514474869,0.06776801496744156,0.856135904788971,2 Red Flags for Nvidia Stock in 2022
2022-09-06,NVDA,-0.0023995861411094666,0.02180156670510769,0.024201152846217155,0.9539973139762878,"Ex-Dividend Reminder: Bentley Systems, NVIDIA and Kontoor Brands"
2022-09-06,NVDA,0.19078973308205605,0.19951453804969788,0.00872480496764183,0.7917606830596924,3 Non-Buffett Tech Stocks That Would Match Warren Buffett's Philosophy
2022-09-06,NVDA,0.18699789233505726,0.2041875422000885,0.017189649865031242,0.7786228060722351,CHIPS Act Update Gives Bears the Upper Hand With Chip Stocks
2022-09-05,NVDA,-0.9569240091368556,0.008308065123856068,0.9652320742607117,0.026459934189915657,"PC Shipments Are Expected to Decline. Is This More Bad News for AMD, Nvidia, and Intel Stock?"
2022-09-05,NVDA,0.7077190270647407,0.714030921459198,0.00631189439445734,0.27965712547302246,Agilent (A) to Penetrate Chromatography Market Via New Tie-Up
2022-09-05,NVDA,-0.07372720539569855,0.1868257373571396,0.26055294275283813,0.5526213049888611,China-focused hedge funds lower exposure as risks mount
2022-09-05,NVDA,-0.1480390764772892,0.048954661935567856,0.19699373841285706,0.7540516257286072,Nvidia's China Ban: How Big a Hit Is It?
2022-09-05,NVDA,0.03912202641367912,0.08316977322101593,0.04404774680733681,0.8727824687957764,Nvidia (NASDAQ:NVDA) Stock: Is the Recent Correction an Opportunity for Investors?
2022-09-04,NVDA,0.05032435432076454,0.06751171499490738,0.017187360674142838,0.9153008460998535,Top Stocks To Invest In Now? 3 Tech Stocks To Watch This Week
2022-09-04,NVDA,0.02068951353430748,0.05292942374944687,0.03223991021513939,0.9148306250572205,Is Nvidia Stock a Buy Now?
2022-09-04,NVDA,0.019894730299711227,0.04503778740763664,0.025143057107925415,0.9298191666603088,Worried About Nvidia? Buy This Tech Stock Right Now
2022-09-03,NVDA,0.006200768053531647,0.041563935577869415,0.03536316752433777,0.9230729341506958,The Fed Chief Speaks; Wall Street Reacts
2022-09-03,NVDA,0.05192745476961136,0.07036944478750229,0.01844199001789093,0.9111886024475098,How Much Revenue Does Nvidia Get From China? It's Complicated
2022-09-03,NVDA,-0.23074600100517273,0.33419278264045715,0.5649387836456299,0.10086844116449356,1 Big Reason Why Nvidia's Second-Quarter Earnings Results Underwhelmed Investors
2022-09-02,NVDA,0.20264045149087906,0.24157428741455078,0.03893383592367172,0.7194918990135193,Bull of the Day: Taiwan Semiconductor (TSM)
2022-09-02,NVDA,0.5764916678890586,0.5855244398117065,0.009032771922647953,0.40544289350509644,New Futures Contract Empowers Investors to Gain or Hedge Exposure to Semiconductor Subsector
2022-09-02,NVDA,-0.9081377675756812,0.012500793673098087,0.9206385612487793,0.06686068326234818,Why Nvidia Stock Is Plunging This Week
2022-09-02,NVDA,0.20678788609802723,0.22347009181976318,0.016682205721735954,0.7598477005958557,"Noteworthy ETF Outflows: SPYG, GOOG, NVDA, TMO"
2022-09-02,NVDA,-0.8187397718429565,0.0423617959022522,0.8611015677452087,0.09653660655021667,Rate Hike Fears Crippling Wall Street
2022-09-01,NVDA,0.3484418895095587,0.3582318127155304,0.009789923205971718,0.6319782733917236,"With new AI chip rules, U.S. takes aim at a critical niche"
2022-09-01,NVDA,-0.7071821838617325,0.04554210603237152,0.752724289894104,0.2017335742712021,MORNING BID-Financial conditions noose tightens
2022-09-01,NVDA,-0.9548698123544455,0.009989315643906593,0.964859127998352,0.025151589885354042,"GLOBAL MARKETS-Stocks slide, dollar spikes as September starts stormy"
2022-09-01,NVDA,-0.9445044761523604,0.011359953321516514,0.955864429473877,0.03277568146586418,Is Nvidia's Drop Signaling the Beginning of a New China-U.S. Trade War?
2022-09-01,NVDA,0.11008272133767605,0.13985607028007507,0.029773348942399025,0.8303706049919128,EXPLAINER-Biden's curbs on chips to China part of broader effort
2022-08-31,NVDA,-0.9034372363239527,0.009514650329947472,0.9129518866539001,0.07753347605466843,U.S. officials order Nvidia to halt sales of top AI chips to China
2022-08-31,NVDA,-0.7164735943078995,0.07024143636226654,0.786715030670166,0.14304353296756744,"NVIDIA : U.S. Imposes New License Requirement For Future Export Of Some Chips To China, Russia"
2022-08-31,NVDA,-0.9505077693611383,0.017077377066016197,0.9675851464271545,0.015337441116571426,GLOBAL MARKETS-Asia stocks stagger into September as dollar spikes
2022-08-31,NVDA,0.04567550867795944,0.0648588314652443,0.01918332278728485,0.9159578680992126,Good Stocks To Buy Right Now? 4 Tech Stocks To Know
2022-08-31,NVDA,0.614928126335144,0.7735385894775391,0.15861046314239502,0.06785096228122711,"US STOCKS-Wall Street set for higher open as tech stocks rebound, oil drops"
2022-08-30,NVDA,-0.9531520288437605,0.011851878836750984,0.9650039076805115,0.02314426191151142,US STOCKS-Wall Street falls as job openings data adds to rate hike jitters
2022-08-30,NVDA,0.031675806269049644,0.04908440634608269,0.017408600077033043,0.9335070252418518,"How I'd Invest $20,000 Today If I Had to Start From Scratch"
2022-08-30,NVDA,-0.15050315484404564,0.055963579565286636,0.20646673440933228,0.7375696897506714,Why Nvidia Investors Were Nervous Tuesday Morning
2022-08-30,NVDA,0.04478273540735245,0.0699734166264534,0.025190681219100952,0.9048359394073486,Is Trending Stock NVIDIA Corporation (NVDA) a Buy Now?
2022-08-30,NVDA,0.08707310259342194,0.12280599772930145,0.03573289513587952,0.8414610624313354,7 Hot Tech Stocks to Buy in September
2022-08-29,NVDA,-0.0025275610387325287,0.06206084415316582,0.06458840519189835,0.8733507394790649,Why Nvidia Didn't Really Have a Bad Quarter
2022-08-29,NVDA,-0.9546533459797502,0.012648380361497402,0.9673017263412476,0.020049916580319405,Stock Market Today: Markets End Lower Again as Tech Stocks Drag
2022-08-29,NVDA,0.06070240121334791,0.07407688349485397,0.013374482281506062,0.9125486612319946,Estimating The Intrinsic Value Of NVIDIA Corporation (NASDAQ:NVDA)
2022-08-29,NVDA,-0.7870867103338242,0.07014597952365875,0.8572326898574829,0.07262144237756729,Nvidia Stock: Surprising Data Center Sluggishness Keeps Morgan Stanley on the Sidelines
2022-08-29,NVDA,0.05807790718972683,0.06877550482749939,0.01069759763777256,0.920526921749115,Should You Invest in the Technology Select Sector SPDR ETF (XLK)?
2022-08-28,NVDA,0.6417743489146233,0.6752527952194214,0.033478446304798126,0.2912687659263611,Analysts Are Bullish on These 3 “Strong-Buy” Tech Stocks
2022-08-28,NVDA,0.2503925897181034,0.25876474380493164,0.008372154086828232,0.7328631281852722,3 Tech Stocks With More Potential Than Any Cryptocurrency
2022-08-28,NVDA,0.11680932343006134,0.16216033697128296,0.04535101354122162,0.7924886345863342,"1 Semiconductor Stock to Buy Right Now, Despite a Gaming Slowdown"
2022-08-27,NVDA,0.17313005775213242,0.19920754432678223,0.02607748657464981,0.774715006351471,AMD vs. NVDA: Why AMD Stock Seems More Attractive
2022-08-26,NVDA,-0.9183123633265495,0.018416650593280792,0.9367290139198303,0.04485432058572769,US STOCKS-Wall Street ends in a hole after Powell's Wyoming speech
2022-08-26,NVDA,0.04057075083255768,0.0628187283873558,0.022247977554798126,0.9149333238601685,The Top 10 Constituents of the Nasdaq-100 Index
2022-08-26,NVDA,-0.8691977001726627,0.048211898654699326,0.9174095988273621,0.034378524869680405,US STOCKS-Wall Street ends well down as Powell's speech affirms hawkish rate stance
2022-08-26,NVDA,-0.9365294147282839,0.01374850980937481,0.9502779245376587,0.035973574966192245,"Why Nvidia, AMD, and Applied Materials Stocks Dropped Today"
2022-08-26,NVDA,-0.9439889984205365,0.014427225105464458,0.958416223526001,0.027156567201018333,US STOCKS-Wall Street slumps as Powell's speech reinforces hawkish rate stance
2022-08-25,NVDA,0.06335748732089996,0.08092539757490158,0.017567910254001617,0.9015066623687744,3 Metaverse Stocks with Multibagger Potential
2022-08-25,NVDA,0.4143015891313553,0.5975545644760132,0.1832529753446579,0.21919241547584534,Japan's Nikkei tracks tech-led Wall Street gains before Powell speech
2022-08-25,NVDA,0.548457533121109,0.7586652040481567,0.21020767092704773,0.031127139925956726,"US STOCKS-Wall Street ends sharply up, fueled by Nvidia and Amazon"
2022-08-25,NVDA,0.7109884023666382,0.8417960405349731,0.13080763816833496,0.02739635296165943,"US STOCKS-Nasdaq ends sharply up, fueled by Nvidia and Amazon"
2022-08-25,NVDA,0.6635213941335678,0.7939785718917847,0.13045717775821686,0.07556427270174026,"Investors Piling into NVIDIA, Chip Stocks Despite Weak Outlook"
2022-08-24,NVDA,-0.2758384943008423,0.19887611269950867,0.47471460700035095,0.326409250497818,Durable Goods Orders Remain Unchanged
2022-08-24,NVDA,-0.9482529070228338,0.01720244623720646,0.9654553532600403,0.017342153936624527,Nvidia predicts third-quarter sales below expectations
2022-08-24,NVDA,0.010204432532191277,0.03962167724967003,0.029417244717478752,0.9309610724449158,Nvidia (NVDA) Q2 2023 Earnings Call Transcript
2022-08-24,NVDA,-0.0412762388586998,0.05169930309057236,0.09297554194927216,0.8553251028060913,"A Bottom Forming in Housing? Plus NVDA, CRM, SNOW Report Q2"
2022-08-24,NVDA,-0.9599612038582563,0.0108014065772295,0.9707626104354858,0.018435940146446228,Nvidia (NVDA) Lags Q2 Earnings Estimates
2022-08-23,NVDA,-0.9633176410570741,0.009317330084741116,0.9726349711418152,0.01804780587553978,NVIDIA (NVDA) Q2 Earnings to Be Hurt by Weak Gaming Chip Demand
2022-08-23,NVDA,0.09548582788556814,0.11067087948322296,0.01518505159765482,0.8741440773010254,Why Things Are Looking Up for Nvidia Before Earnings
2022-08-23,NVDA,0.039553843438625336,0.056953538209199905,0.01739969477057457,0.9256467819213867,3 Things About Nvidia That Smart Investors Know
2022-08-23,NVDA,0.7922891080379486,0.8812337517738342,0.08894464373588562,0.02982153557240963,US STOCKS-Nasdaq ticks up on hopes of less aggressive rate hikes after weak PMI data
2022-08-23,NVDA,0.030750887468457222,0.051824718713760376,0.021073831245303154,0.9271014928817749,Could Snowflake Become the Next Nvidia?
2022-08-22,NVDA,0.20058772526681423,0.23051144182682037,0.02992371656000614,0.739564836025238,NVDA Stock Price Prediction: The Case for Nvidia Hitting $300
2022-08-22,NVDA,0.20997855067253113,0.24182848632335663,0.0318499356508255,0.7263215780258179,NVIDIA Q2 Preview: Can the Earnings Streak Stay Alive?
2022-08-22,NVDA,-0.9542439924553037,0.014732862822711468,0.9689768552780151,0.016290346160531044,US STOCKS-Wall Street ends sharply lower on fears of aggressive Fed
2022-08-22,NVDA,-0.08461693674325943,0.05000738054513931,0.13462431728839874,0.8153683543205261,Pre-Markets in Red on Rate Hike Concerns
2022-08-22,NVDA,-0.008387379348278046,0.07790820300579071,0.08629558235406876,0.8357962965965271,"Eventful Week Ahead: Retail, Semis Report; Jackson Hole Later"
2022-08-21,NVDA,0.0843094801530242,0.09786035865545273,0.013550878502428532,0.8885887861251831,2 Monster Metaverse Stocks to Buy for the Long Haul
2022-08-21,NVDA,-0.0014136619865894318,0.031977955251932144,0.033391617238521576,0.9346303939819336,"Weekly Preview: Earnings to Watch This Week 8-21-22 (CRM, NVDA, PTON, ZM)"
2022-08-20,NVDA,0.09719790518283844,0.1240968331694603,0.026898927986621857,0.8490042686462402,3 Hail Mary Plays to Bring Your Stock Portfolio Back From the Brink
2022-08-19,NVDA,0.055113403126597404,0.07626964151859283,0.02115623839199543,0.9025741219520569,"Notable Friday Option Activity: BA, MCK, NVDA"
2022-08-19,NVDA,0.05687982589006424,0.07393862307071686,0.01705879718065262,0.9090025424957275,Nvidia Stock: Looking At The Big Picture
2022-08-19,NVDA,-0.014629747718572617,0.03232651576399803,0.04695626348257065,0.9207172393798828,NVIDIA (NVDA) to Report Q2 Earnings: What's in the Cards?
2022-08-19,NVDA,-0.15796418488025665,0.09204818308353424,0.2500123679637909,0.6579394340515137,7 Tech Stocks Reporting Earnings the Week of August 22
2022-08-19,NVDA,0.3148285262286663,0.33443036675453186,0.019601840525865555,0.6459678411483765,Exxon Mobil and Nvidia have been highlighted as Zacks Bull and Bear of the Day
2022-08-18,NVDA,-0.03413630276918411,0.039298318326473236,0.07343462109565735,0.8872670531272888,Top Stocks To Buy Now? 4 Semiconductor Stocks In Focus
2022-08-18,NVDA,0.8358322381973267,0.8999296426773071,0.06409740447998047,0.03597288578748703,"US STOCKS-Wall St ends higher, Cisco Systems jumps after forecast"
2022-08-18,NVDA,-0.8145055249333382,0.07698862999677658,0.8914941549301147,0.03151710703969002,US STOCKS-Wall St sheds early gains as investors assess Fed minutes
2022-08-18,NVDA,-0.13191814348101616,0.04134850576519966,0.17326664924621582,0.7853848934173584,"Got $5,000? Buy the Dip on This Mega-Tech Stock While It's Down 39%"
2022-08-18,NVDA,0.29861966520547867,0.32710492610931396,0.028485260903835297,0.6444098353385925,Wall Street Continues to be Optimistic on Nvidia Stock; Here’s Why
2022-08-17,NVDA,-0.08101199567317963,0.03388825058937073,0.11490024626255035,0.8512115478515625,Nvidia Stock Could Crash -- Here's What You Should Do
2022-08-17,NVDA,0.012221129611134529,0.03954312205314636,0.027321992442011833,0.9331348538398743,Don’t Give Up on Nvidia (NVDA) Stock After Earnings Miss
2022-08-17,NVDA,-0.02848869375884533,0.019948022440075874,0.048436716198921204,0.9316152334213257,7 Stocks That Are Still Hedge Fund Favorites
2022-08-17,NVDA,-0.9563156329095364,0.009222093969583511,0.9655377268791199,0.025240130722522736,"US STOCKS-Wall St falls as growth stocks slide, Target weighs on retail shares"
2022-08-17,NVDA,-0.9552996112033725,0.00901514757424593,0.9643147587776184,0.026670120656490326,"US STOCKS-Wall St drops as growth stocks slide, Target weighs on retail shares"
2022-08-16,NVDA,-0.14910294115543365,0.2137768417596817,0.36287978291511536,0.4233434200286865,"VTI, JNJ, NVDA, PG: Large Inflows Detected at ETF"
2022-08-16,NVDA,0.011104987934231758,0.03387264162302017,0.022767653688788414,0.9433596730232239,Why I Own Nvidia (NVDA)
2022-08-16,NVDA,0.041403522714972496,0.059451524168252945,0.01804800145328045,0.922500491142273,3 Top Cryptos to Buy Now
2022-08-16,NVDA,-0.9633406745269895,0.009267772547900677,0.9726084470748901,0.018123773857951164,"Genius Sports Limited (GENI) Reports Q2 Loss, Tops Revenue Estimates"
2022-08-16,NVDA,0.38915108796209097,0.3994681239128113,0.01031703595072031,0.5902148485183716,These 3 Semiconductor Stocks Could Be Great Buys Right Now
2022-08-15,NVDA,0.1204731035977602,0.13084545731544495,0.010372353717684746,0.8587821125984192,3 High-Growth Stocks That Could Be Worth $1 Trillion in 10 Years -- Or Sooner
2022-08-15,NVDA,-0.7971413526684046,0.02108111046254635,0.8182224631309509,0.16069650650024414,Why Tech Layoffs Aren't Panicking This Investor
2022-08-15,NVDA,-0.017845038324594498,0.02864791452884674,0.04649295285344124,0.9248591065406799,There Will Be Blood: Nvidia Edition
2022-08-15,NVDA,0.06607117969542742,0.07587336003780365,0.009802180342376232,0.9143244624137878,Should You Invest in the Invesco Dynamic Semiconductors ETF (PSI)?
2022-08-14,NVDA,0.08610094804316759,0.10059121996164322,0.014490271918475628,0.8849185109138489,"3 Semiconductor Stocks to Buy Now, Including Nvidia"
2022-08-13,NVDA,0.06902078911662102,0.10379473119974136,0.034773942083120346,0.861431360244751,Shopify: Bull vs. Bear
2022-08-12,NVDA,0.6184222931042314,0.6329396963119507,0.014517403207719326,0.3525429368019104,3 Highly-Ranked Stocks With Stellar Growth Prospects
2022-08-12,NVDA,0.8337195888161659,0.8892783522605896,0.055558763444423676,0.05516284704208374,Market Rally Strengthens as Inflation Concerns Ease
2022-08-12,NVDA,0.039736244827508926,0.05579320713877678,0.016056962311267853,0.9281498193740845,Here’s Why the U.S. and China are Interested in Taiwan
2022-08-12,NVDA,0.463565856218338,0.6996222734451294,0.23605641722679138,0.06432132422924042,US STOCKS-Futures up as easing price pressures set Wall St for weekly gains
2022-08-12,NVDA,0.16495386324822903,0.17792601883411407,0.012972155585885048,0.8091018199920654,"Got $5,000? These Are 2 of the Best Growth Stocks to Buy Right Now"
2022-08-11,NVDA,0.11547406576573849,0.1446002572774887,0.02912619151175022,0.826273500919342,Bull of the Day: Cadence Design Systems (CDNS)
2022-08-11,NVDA,-0.5844059735536575,0.06708185374736786,0.6514878273010254,0.28143030405044556,Nvidia (NVDA) Dips More Than Broader Markets: What You Should Know
2022-08-11,NVDA,0.11908801645040512,0.1384151726961136,0.019327156245708466,0.8422576189041138,"Notable Thursday Option Activity: Z, NVDA, TGH"
2022-08-11,NVDA,0.026424432173371315,0.04476143792271614,0.018337005749344826,0.9369015693664551,A Detailed Guide to Cloud Computing ETFs
2022-08-11,NVDA,0.015538975596427917,0.0354621522128582,0.019923176616430283,0.9446146488189697,See Which Of The Latest 13F Filers Holds NVIDIA
2022-08-10,NVDA,0.04034016653895378,0.09610160440206528,0.055761437863111496,0.8481369614601135,The Curious Reason Nvidia Stock Popped Today
2022-08-10,NVDA,0.04586844891309738,0.05879920348525047,0.012930754572153091,0.9282699823379517,An Overview of the Gaming Industry and Ways to Invest in It
2022-08-10,NVDA,-0.13287357985973358,0.06599967181682587,0.19887325167655945,0.7351270318031311,Did Micron Technology and Nvidia Break the Semiconductor Market?
2022-08-10,NVDA,-0.5277070719748735,0.02761789970099926,0.5553249716758728,0.41705718636512756,Semiconductor ETFs Tumble: What Lies Ahead?
2022-08-10,NVDA,-0.9481664150953293,0.010819569230079651,0.9589859843254089,0.030194450169801712,Gaming industry's fortunes fade as spending squeeze follows pandemic bump
2022-08-09,NVDA,-0.9284040946513414,0.022912083193659782,0.9513161778450012,0.025771792978048325,US STOCKS-Nasdaq slides 1% as chipmaker Micron's warning renews tech rout
2022-08-09,NVDA,-0.9274428328499198,0.00897009763866663,0.9364129304885864,0.05461696907877922,Why Nvidia Stock Was Down on Tuesday
2022-08-09,NVDA,-0.9549591233953834,0.013269872404634953,0.9682289958000183,0.01850126124918461,Nvidia Tumbles on Fiscal Q2 Revenue Warnings: ETFs in Focus
2022-08-09,NVDA,-0.9386964682489634,0.016724204644560814,0.9554206728935242,0.02785504050552845,"Stock Market Today: S&P, Nasdaq Extend Losing Streaks on Micron Demand Woes"
2022-08-09,NVDA,-0.8452157750725746,0.06274553388357162,0.9079613089561462,0.029293129220604897,US STOCKS-Nasdaq slides 1% as chipmaker Micron's warning rekindles tech rout
2022-08-08,NVDA,0.5872647017240524,0.599159300327301,0.011894598603248596,0.3889460563659668,Why GameStop Stock Is Gaining Today
2022-08-08,NVDA,0.7739781094714999,0.7808576226234436,0.006879513151943684,0.21226294338703156,AMD Partners With ECARX to Launch In-Vehicle Computing Platform
2022-08-08,NVDA,-0.9393547168001533,0.011247039772570133,0.9506017565727234,0.03815115615725517,Nvidia Stock Drops on Weak Gaming Sales -- Is It Time to Sell This Growth Stock?
2022-08-08,NVDA,-0.38888470083475113,0.0695754811167717,0.4584601819515228,0.4719643294811249,More money in the bank for insiders who divested US$163m worth of NVIDIA Corporation (NASDAQ:NVDA) shares last year
2022-08-08,NVDA,0.00446275994181633,0.027986416593194008,0.023523656651377678,0.9484899044036865,"Technology Sector Update for 08/08/2022: NVDA,MNDY,TWLO,PLTR"
2022-08-07,NVDA,0.93349071405828,0.9501788020133972,0.016688087955117226,0.033133089542388916,Why Nvidia Stock Rose More Than 19% in July
2022-08-07,NVDA,0.1210694219917059,0.1363532841205597,0.015283862128853798,0.8483628034591675,The 7 Best Virtual Reality Stocks to Buy Now
2022-08-05,NVDA,0.0025873221457004547,0.033297739923000336,0.03071041777729988,0.9359918832778931,What Lies Ahead for Gold & Commodity ETFs
2022-08-05,NVDA,0.6662666257470846,0.678077757358551,0.011811131611466408,0.3101111352443695,Is Invesco Dynamic Semiconductors ETF (PSI) a Strong ETF Right Now?
2022-08-04,NVDA,-0.0036220550537109375,0.031087927520275116,0.03470998257398605,0.9342020750045776,"Notable Thursday Option Activity: COST, NVDA, DUK"
2022-08-04,NVDA,0.9118567127734423,0.9232903718948364,0.011433659121394157,0.06527598947286606,Intel and AMD Earnings Share Great Insight for Nvidia Investors
2022-08-04,NVDA,-0.584546159952879,0.031790006905794144,0.6163361668586731,0.3518737554550171,Should Nvidia Investors Be Worried About the Crypto Crash?
2022-08-04,NVDA,0.8604490933939815,0.8730855584144592,0.012636465020477772,0.11427798867225647,Proposed Crypto Regulation Bill will Ease Crypto Market Volatility
2022-08-04,NVDA,-0.9343081582337618,0.021178795024752617,0.9554869532585144,0.02333427406847477,PREVIEW-Vision Fund slide points to more pain for SoftBank's Son
2022-08-03,NVDA,0.17034979537129402,0.1860770285129547,0.01572723314166069,0.7981957793235779,Nvidia (NVDA) Outpaces Stock Market Gains: What You Should Know
2022-08-03,NVDA,0.9349500527605414,0.9493237137794495,0.014373661018908024,0.036302629858255386,Why AMD Shares Rose 23% in July
2022-08-03,NVDA,-0.0007981657981872559,0.041797738522291183,0.04259590432047844,0.9156063795089722,5 Cyclical Stocks To Watch In August 2022
2022-08-03,NVDA,0.15880159102380276,0.17692984640598297,0.018128255382180214,0.8049418926239014,AMD's Data Center Revenue Soars 83% -- Is the Stock a Buy Now?
2022-08-03,NVDA,0.9052774114534259,0.9183045029640198,0.013027091510593891,0.0686684399843216,Nvidia Stock Can Thrive Despite CHIPS Act Pressure
2022-08-02,NVDA,-0.932902168482542,0.013218868523836136,0.9461210370063782,0.0406600683927536,Wall Street set to open lower as U.S.-China tensions grow
2022-08-02,NVDA,0.02068951353430748,0.05292942374944687,0.03223991021513939,0.9148306250572205,Is Nvidia Stock a Buy Now?
2022-08-02,NVDA,-0.940479688346386,0.012918122112751007,0.953397810459137,0.03368401154875755,Chip stocks slip as Taiwan tensions mount
2022-08-02,NVDA,0.13020852208137512,0.20930638909339905,0.07909786701202393,0.7115957140922546,Can Nvidia Stock Get Out of This Slump?
2022-08-02,NVDA,0.003663584589958191,0.03589951992034912,0.03223593533039093,0.9318645000457764,Don't Want to Miss Out on the Metaverse? Buy This Stock Right Now
2022-08-01,NVDA,0.3322468213737011,0.34513798356056213,0.012891162186861038,0.6419708728790283,"Why Meta Platforms, Amazon, and Nvidia Are Rising Today"
2022-08-01,NVDA,0.5954657895490527,0.6105091571807861,0.015043367631733418,0.3744475543498993,Is iShares Semiconductor ETF (SOXX) a Strong ETF Right Now?
2022-07-31,NVDA,0.6281406600028276,0.6462411284446716,0.018100468441843987,0.335658460855484,These Metaverse Stocks Are Best Positioned to Outperform
2022-07-29,NVDA,0.028043966740369797,0.048682812601327896,0.0206388458609581,0.9306783676147461,Good Stocks To Buy Right Now? 3 Growth Stocks For Your Watchlist
2022-07-29,NVDA,0.0011096708476543427,0.031312763690948486,0.030203092843294144,0.9384841918945312,Single-Stock ETFs: What Investors Should Know
2022-07-29,NVDA,0.18821893632411957,0.20035390555858612,0.012134969234466553,0.7875111103057861,Can Single-Stock ETFs Help You Beat the Bear Market?
2022-07-29,NVDA,0.15629226993769407,0.1670292168855667,0.010736946947872639,0.8222338557243347,Intel's Earnings: What It Means for AMD and Nvidia Investors
2022-07-28,NVDA,0.12922782450914383,0.1760970801115036,0.04686925560235977,0.7770336270332336,Nvidia (NVDA) Gains But Lags Market: What You Should Know
2022-07-28,NVDA,0.006744027137756348,0.03501562029123306,0.028271593153476715,0.9367128014564514,What Is ESG Investing? Which Companies Are the Most Socially Responsible?
2022-07-28,NVDA,0.9191797710955143,0.9450179934501648,0.025838222354650497,0.029143834486603737,3 Chip Stocks Up Double-Digits in July
2022-07-28,NVDA,0.03509731963276863,0.053249601274728775,0.018152281641960144,0.9285981059074402,House Speaker Nancy Pelosi Has Traded in These 4 Mega-Cap Companies
2022-07-28,NVDA,0.06508965231478214,0.08191873133182526,0.016829079017043114,0.9012522101402283,3 Blue-Chip Stocks to Buy for a Bear Market
2022-07-27,NVDA,0.8164640394970775,0.8307763338088989,0.01431229431182146,0.15491129457950592,3 Highly-Ranked Stocks With Stellar Projected Growth
2022-07-27,NVDA,0.4713660925626755,0.5199840664863586,0.048617973923683167,0.4313979744911194,"Notable Wednesday Option Activity: PCVX, NVDA, UPWK"
2022-07-27,NVDA,0.025461994111537933,0.148398295044899,0.12293630093336105,0.7286654710769653,Semiconductor ETFs in Spotlight Ahead of Q2 Earnings
2022-07-27,NVDA,-0.8784431433305144,0.014069237746298313,0.8925123810768127,0.09341836720705032,Pelosi's husband dumps Nvidia stock as House eyes chip bill
2022-07-27,NVDA,0.00923469290137291,0.02865377441048622,0.019419081509113312,0.9519271850585938,February 2023 Options Now Available For NVIDIA
2022-07-26,NVDA,0.8609002530574799,0.91558438539505,0.05468413233757019,0.02973148040473461,Texas Instruments (TXN) Q2 Earnings and Revenues Surpass Estimates
2022-07-26,NVDA,0.005027987062931061,0.03145241737365723,0.026424430310726166,0.9421231746673584,Intel Stock: 3 Things to Watch During Earnings
2022-07-25,NVDA,-0.9421754041686654,0.010927661322057247,0.9531030654907227,0.03596929460763931,"Stock Market Today: Stocks End Lower Ahead of Tech Earnings, Fed Meeting"
2022-07-25,NVDA,-0.3164210915565491,0.2514536380767822,0.5678747296333313,0.18067164719104767,"US STOCKS-Dow rises at start of big earnings week, Big Tech pulls Nasdaq lower"
2022-07-25,NVDA,-0.9331755032762885,0.00995797012001276,0.9431334733963013,0.04690863937139511,Why Nvidia Stock Sank on Monday
2022-07-25,NVDA,0.2894158121198416,0.30045172572135925,0.011035913601517677,0.6885123252868652,"2 Growth Stocks That Could Turn $100,000 Into $1 Million by 2030"
2022-07-24,NVDA,-0.03481687791645527,0.02329118736088276,0.05810806527733803,0.9186007380485535,Nvidia Earnings: What to Watch on Aug. 24
2022-07-23,NVDA,0.04315292276442051,0.06376119703054428,0.02060827426612377,0.915630578994751,"Younger Investors Should Like Dividend Stocks, Too"
2022-07-23,NVDA,0.10458282101899385,0.11814873665571213,0.013565915636718273,0.8682853579521179,3 Dividend Growth Stocks to Buy Hand Over Fist
2022-07-23,NVDA,0.02559216506779194,0.045485783368349075,0.019893618300557137,0.9346206188201904,3 Quantum Computing Stocks For Your Watchlist This Week
2022-07-22,NVDA,-0.9610044816508889,0.01028378214687109,0.97128826379776,0.018427954986691475,Why Nvidia Fell More Than 4% on Friday
2022-07-22,NVDA,0.10603523254394531,0.1684839278459549,0.06244869530200958,0.7690673470497131,Why Nvidia Stock Was Up This Week
2022-07-22,NVDA,0.09574611485004425,0.11083870381116867,0.01509258896112442,0.8740687370300293,The 7 Best High-Yield Retirement Stocks for Your Nest Egg
2022-07-22,NVDA,0.19731633178889751,0.20652416348457336,0.00920783169567585,0.7842680811882019,Want to Invest in the Metaverse? 3 Promising Ways to Gain Exposure
2022-07-22,NVDA,0.015500608831644058,0.04726003110408783,0.03175942227244377,0.9209805727005005,5 Hot ‘Mega Stocks’ Traded by U.S. Politicians
2022-07-21,NVDA,0.0008282996714115143,0.0265098474919796,0.025681547820568085,0.947808563709259,Interesting NVDA Put And Call Options For September 2nd
2022-07-21,NVDA,0.5700202230364084,0.6003918647766113,0.030371641740202904,0.3692365288734436,"Notable ETF Inflow Detected - IVV, GOOG, JNJ, NVDA"
2022-07-21,NVDA,0.024412157014012337,0.048136889934539795,0.023724732920527458,0.9281383156776428,Best Semiconductor Stocks To Buy Right Now? 5 To Watch
2022-07-21,NVDA,0.015037806704640388,0.038940560072660446,0.023902753368020058,0.9371567368507385,Jamie Dimon Tells It Like It Is as Earnings Season Kicks Off
2022-07-21,NVDA,0.04378646798431873,0.059891652315855026,0.016105184331536293,0.9240031838417053,"The Best Stocks to Invest $50,000 in Right Now"
2022-07-20,NVDA,0.9201212860643864,0.9476788640022278,0.027557577937841415,0.02476353757083416,Why Nvidia Stock Rallied Another 3% Today
2022-07-20,NVDA,0.7360940487124026,0.7436320781707764,0.007538029458373785,0.2488298863172531,AMD Partners With Dell to Launch Alienware m17 R5 Gaming Laptop
2022-07-20,NVDA,-0.005373947322368622,0.028458289802074432,0.033832237124443054,0.9377094507217407,Nancy Pelosi's Husband Is Buying Nvidia Stock -- Should You?
2022-07-20,NVDA,-0.012420158833265305,0.02601749822497368,0.03843765705823898,0.9355448484420776,"Bear Market Buys: Where to Invest $5,000 Right Now"
2022-07-20,NVDA,0.11350047495216131,0.12381985038518906,0.010319375433027744,0.8658607602119446,2 Stocks to Invest in Virtual Reality
2022-07-19,NVDA,0.8725104108452797,0.9123471975326538,0.039836786687374115,0.047815971076488495,Why Nvidia Stock Rallied on Tuesday
2022-07-19,NVDA,-0.846460435539484,0.01922234520316124,0.8656827807426453,0.11509480327367783,Is This an Unfair Advantage for Intel Stock?
2022-07-18,NVDA,0.02377302199602127,0.04244893044233322,0.01867590844631195,0.938875138759613,A Comprehensive Guide to Video-Gaming ETFs
2022-07-18,NVDA,0.8736157156527042,0.9189897179603577,0.04537400230765343,0.0356362983584404,"US STOCKS-Easing rate-hike bets, bank earnings lift Wall Street"
2022-07-18,NVDA,0.904966389760375,0.9306854009628296,0.025719011202454567,0.04359564185142517,Chip designers warm to U.S. bill despite big benefits to Intel
2022-07-18,NVDA,-0.33123576641082764,0.17333269119262695,0.5045684576034546,0.32209885120391846,Is the Options Market Predicting a Spike in NVIDIA (NVDA) Stock?
2022-07-18,NVDA,-0.47916506230831146,0.08260418474674225,0.5617692470550537,0.35562658309936523,Why Nvidia Stock Popped Today
2022-07-15,NVDA,0.054097311571240425,0.0727955549955368,0.01869824342429638,0.9085061550140381,Should You Buy GOOG on Monday After Its Big Split?
2022-07-15,NVDA,0.7175244241952896,0.7879027128219604,0.07037828862667084,0.1417190581560135,"Why Nvidia, Meta Platforms, and Salesforce Stocks Rallied on Friday"
2022-07-15,NVDA,0.8332260502502322,0.8419589400291443,0.008732889778912067,0.14930813014507294,2 Growth Stocks That Could Beat the Market Over the Next 3 Years
2022-07-15,NVDA,0.2968667568638921,0.3058580160140991,0.008991259150207043,0.685150682926178,3 Vanguard ETFs That Could Help You Retire a Millionaire
2022-07-15,NVDA,-0.0027628093957901,0.02879492938518524,0.03155773878097534,0.939647376537323,Investors Heavily Search NVIDIA Corporation (NVDA): Here is What You Need to Know
2022-07-14,NVDA,0.015910767018795013,0.0393495075404644,0.023438740521669388,0.937211811542511,"Should You Buy, Sell, or Hold Advanced Micro Devices Stock After the Plunge?"
2022-07-14,NVDA,-0.18028295040130615,0.3759037256240845,0.5561866760253906,0.06790956854820251,Chipmaker TSMC's shares jump after quarterly profit beats estimates
2022-07-14,NVDA,0.603719599545002,0.6388704776763916,0.03515087813138962,0.32597866654396057,5 Stocks to Outrun the Housing Market
2022-07-14,NVDA,-0.9480539048090577,0.009763947688043118,0.9578178524971008,0.03241821750998497,"Why Nvidia, Meta, and Amazon Stocks Are Falling Today"
2022-07-14,NVDA,0.07416921760886908,0.083673395216465,0.00950417760759592,0.9068224430084229,Should You Invest in the Fidelity MSCI Information Technology Index ETF (FTEC)?
2022-07-13,NVDA,0.9182010311633348,0.9355563521385193,0.01735532097518444,0.047088366001844406,"After A Strong Week, Can Intel Stock Sustain Its Performance?"
2022-07-13,NVDA,0.3905613040551543,0.4018014669418335,0.011240162886679173,0.5869583487510681,"Google's cloud unit taps Arm-based chips, adding to Intel, AMD pressure"
2022-07-13,NVDA,-0.8359610177576542,0.017520751804113388,0.8534817695617676,0.12899744510650635,"Why Apple, Okta, and Nvidia Stocks Tumbled Today"
2022-07-13,NVDA,0.06353436037898064,0.07912539690732956,0.015591036528348923,0.905283510684967,2 Dividend-Paying Tech Stocks to Buy Right Now
2022-07-13,NVDA,-0.4790070205926895,0.02231942117214203,0.5013264417648315,0.4763541519641876,This Is How the Crypto Decline Is Affecting Nvidia's Stock
2022-07-12,NVDA,-0.9588313978165388,0.010549696162343025,0.9693810939788818,0.020069114863872528,Market Sell-Off: 1 Nasdaq Stock Down 48% to Buy Hand-Over-Fist
2022-07-12,NVDA,0.08947604149580002,0.19496075809001923,0.10548471659421921,0.6995545029640198,7 Tech Stocks Trading at a Terrific Discount Right Now
2022-07-12,NVDA,-0.8971355445683002,0.030629944056272507,0.9277654886245728,0.04160453751683235,PREVIEW-Computer chips face toilet paper hoarding moment as shortage turns to glut
2022-07-12,NVDA,0.7646622583270073,0.8348239064216614,0.07016164809465408,0.09501440823078156,TSM Q2 Preview: Double-Digit Earnings Growth in Store?
2022-07-12,NVDA,-0.9095575101673603,0.034791719168424606,0.9443492293357849,0.02085907571017742,US STOCKS-Recession worries keep futures under pressure
2022-07-11,NVDA,0.9164808737114072,0.9265152812004089,0.010034407489001751,0.06345026195049286,New Metaverse Angle Should Spur Investor Interest in Nvidia
2022-07-11,NVDA,0.00011897459626197815,0.0525386705994606,0.052419696003198624,0.8950416445732117,Is Now the Time to Pull the Trigger on Nvidia Stock? This Analyst Says ‘Yes’
2022-07-11,NVDA,0.6924805529415607,0.7254736423492432,0.03299308940768242,0.24153324961662292,Good News Is Bear News for Nvidia Stock
2022-07-10,NVDA,-0.013142973184585571,0.02693019062280655,0.04007316380739212,0.9329966306686401,Where Will Warren Buffett Stock HP Be in 5 Years?
2022-07-10,NVDA,0.3627800028771162,0.3750373125076294,0.012257309630513191,0.6127053499221802,New to Investing? These 3 Stocks Are Great Buys
2022-07-09,NVDA,0.037420839071273804,0.05391477793455124,0.016493938863277435,0.9295913577079773,2 Reddit Stocks to Buy and Hold for Years
2022-07-09,NVDA,0.10353920701891184,0.11609001457691193,0.012550807558000088,0.8713591694831848,Nvidia Investors Might Be Happy to Hear This
2022-07-08,NVDA,-0.018554657697677612,0.17433534562587738,0.192890003323555,0.6327747106552124,Why NVIDIA Stock Got Beat by the Market Today
2022-07-08,NVDA,0.011268733069300652,0.0342501625418663,0.02298142947256565,0.942768394947052,"The Zacks Analyst Blog Highlights NVIDIA, HSBC Holdings, 3M, BP, and PNC Financial Services"
2022-07-08,NVDA,0.039500052109360695,0.05912270396947861,0.019622651860117912,0.9212546944618225,Bear of the Day: Applied Materials (AMAT)
2022-07-08,NVDA,0.025304246693849564,0.04811704158782959,0.022812794893980026,0.9290701746940613,Top Metaverse Stocks To Watch In July 2022
2022-07-08,NVDA,0.24512798339128494,0.28270578384399414,0.0375778004527092,0.6797164082527161,Why Intel Stock Will Rise Sharply From Here
2022-07-07,NVDA,-0.02448171377182007,0.45196181535720825,0.4764435291290283,0.07159469276666641,US STOCKS-Wall Street rises as traders temper bets on aggressive rate hikes
2022-07-07,NVDA,0.03514464572072029,0.07215359807014465,0.03700895234942436,0.8908374309539795,Why Nvidia and AMD Jumped Today
2022-07-07,NVDA,-0.006652655079960823,0.029228804633021355,0.03588145971298218,0.9348897933959961,"Top Stock Reports for NVIDIA, HSBC & 3M Company"
2022-07-07,NVDA,0.9019462410360575,0.9324746131896973,0.030528372153639793,0.03699708357453346,Stock Market Today: S&P Surges to Fourth Gain in a Row
2022-07-07,NVDA,0.7416096478700638,0.8456248641014099,0.10401521623134613,0.05035995692014694,US STOCKS-Wall Street advances as traders' aggressive rate-hike fears ease
2022-07-06,NVDA,0.8949155397713184,0.9067497849464417,0.011834245175123215,0.08141601830720901,These 2 Tech Companies Have Made Significant Acquisitons in 2022
2022-07-06,NVDA,0.5274761579930782,0.5512301325798035,0.023753974586725235,0.425015926361084,Better Buy: Nvidia vs. Micron Technology
2022-07-06,NVDA,0.8318043407052755,0.8454916477203369,0.013687307015061378,0.14082100987434387,2 Monster Growth Stocks That Could Lead a Market Rebound in the Second Half of 2022
2022-07-06,NVDA,0.04630944598466158,0.06190754473209381,0.015598098747432232,0.9224942922592163,2 Stocks I'm Buying in the Second Half of 2022
2022-07-06,NVDA,0.06578787602484226,0.0760439932346344,0.010256117209792137,0.9136998653411865,Should You Invest in the Vanguard Information Technology ETF (VGT)?
2022-07-05,NVDA,0.4157206267118454,0.4511455297470093,0.03542490303516388,0.513429582118988,"Notable ETF Outflow Detected - IVV, GOOG, JNJ, NVDA"
2022-07-05,NVDA,0.16025142185389996,0.16943113505840302,0.00917971320450306,0.8213891386985779,2 Explosive Growth Stocks to Buy in 2022 and Beyond
2022-07-05,NVDA,0.13526945654302835,0.14955691993236542,0.014287463389337063,0.8361555933952332,Here’s Why Nvidia’s Fortunes Are Changing at Such a Fast Pace
2022-07-05,NVDA,0.1004483625292778,0.11474601924419403,0.01429765671491623,0.870956301689148,1 Big Reason to Buy Nvidia Stock on the Dip
2022-07-04,NVDA,0.0539399329572916,0.07345572859048843,0.01951579563319683,0.9070284366607666,Is Micron Technology Stock a Buy Now?
2022-07-04,NVDA,-0.03043905273079872,0.03996371850371361,0.07040277123451233,0.8896335363388062,Here is What to Know Beyond Why NVIDIA Corporation (NVDA) is a Trending Stock
2022-07-04,NVDA,0.31428053975105286,0.32392507791519165,0.009644538164138794,0.6664303541183472,2 Tech Stocks That Could Help Make You a Fortune
2022-07-03,NVDA,-0.5771756861358881,0.022375455126166344,0.5995511412620544,0.37807342410087585,The Real Reason Micron Is Sinking NVIDIA Stock
2022-07-03,NVDA,0.12648937106132507,0.21360115706920624,0.08711178600788116,0.6992869973182678,2 Top AI Stocks Ready for a Bull Run
2022-07-03,NVDA,0.30549140833318233,0.31467536091804504,0.009183952584862709,0.6761407256126404,3 Top Chip Stocks to Supplement Your Nvidia and AMD Position
2022-07-01,NVDA,-0.9567305743694305,0.00893816351890564,0.9656687378883362,0.02539314143359661,Why Nvidia Stock Fell 15% This Week
2022-07-01,NVDA,-0.839097348973155,0.02076032944023609,0.8598576784133911,0.11938202381134033,Why Nvidia Stock Sank Today
2022-07-01,NVDA,0.049911489710211754,0.07067927718162537,0.020767787471413612,0.908552885055542,This Is When You Can Be Aggressive in Buying AMD Stock
2022-07-01,NVDA,0.047339774668216705,0.0812988206744194,0.0339590460062027,0.8847420811653137,5 Top Stocks to Buy in July
2022-07-01,NVDA,0.04799162968993187,0.06746324151754379,0.019471611827611923,0.9130651354789734,Ready to Get Rich With Stocks? You Can't Go Wrong With These 3 Investments
2022-06-30,NVDA,-0.8426095116883516,0.01871861331164837,0.861328125,0.11995334923267365,"Why Amazon, Apple, and Nvidia Are Falling Today"
2022-06-30,NVDA,0.03523041121661663,0.057611435651779175,0.022381024435162544,0.920007586479187,"When in Doubt, Zoom Out; Bear Markets Are a Goldmine"
2022-06-30,NVDA,-0.023785248398780823,0.026871483772993088,0.05065673217177391,0.922471821308136,When Should You Sell a Stock?
2022-06-30,NVDA,0.08424670621752739,0.10058552026748657,0.016338814049959183,0.8830757141113281,The College Investor: Road Maps To Flipping Debt Into Wealth Plans
2022-06-30,NVDA,0.03317449800670147,0.05463379994034767,0.021459301933646202,0.9239068627357483,10 Warren Buffett Stocks to Buy for the Second Half of 2022
2022-06-29,NVDA,0.03290630504488945,0.05283702164888382,0.01993071660399437,0.9272322654724121,Best Long-Term Stocks To Buy Now? 5 Semiconductor Stocks To Know
2022-06-29,NVDA,-0.646105881780386,0.04731965437531471,0.6934255361557007,0.2592548131942749,Why Advanced Micro Devices Fell Today
2022-06-29,NVDA,-0.9573755618184805,0.008706772699952126,0.9660823345184326,0.0252109095454216,Why Nvidia Stock Slumped on Wednesday
2022-06-29,NVDA,0.8502025343477726,0.8865803480148315,0.036377813667058945,0.07704178243875504,Nvidia Is Still in Growth Mode and Could Be Nearing a Bottom
2022-06-29,NVDA,0.12089208420366049,0.1326453983783722,0.011753314174711704,0.8556013107299805,2 Unstoppable Stocks to Buy and Forget
2022-06-28,NVDA,-0.9541167505085468,0.010838162153959274,0.9649549126625061,0.02420695871114731,Why Nvidia Stock Fell More Than 4% Today
2022-06-28,NVDA,-0.9490993209183216,0.0162302665412426,0.9653295874595642,0.01844017021358013,"Like With its Main Rival, Investors Have Oversold Nvidia Stock"
2022-06-28,NVDA,0.16598939709365368,0.1759614646434784,0.009972067549824715,0.814066469669342,Alphabet's (GOOGL) Google Adds More Free Game Demos to Stadia
2022-06-28,NVDA,0.09260725416243076,0.11086682230234146,0.018259568139910698,0.8708735704421997,Have $300? These 2 Top Tech Stocks Are Screaming Buys Now
2022-06-28,NVDA,-0.9464013930410147,0.008533978834748268,0.9549353718757629,0.03653058782219887,Markets Lose Impetus in Summer Trading Today
2022-06-27,NVDA,0.12671865615993738,0.1390923112630844,0.01237365510314703,0.8485339879989624,"Notable Monday Option Activity: NVDA, RAPT, COST"
2022-06-27,NVDA,-0.9439057083800435,0.009117784909904003,0.9530234932899475,0.03785872086882591,Why Nvidia Stock Was Dropping on Monday
2022-06-27,NVDA,0.015515508130192757,0.03855448216199875,0.023038974031805992,0.9384065866470337,1 Suffering Stock-Split Stock to Buy Now and Hold Forever
2022-06-27,NVDA,0.1900321627035737,0.20223361253738403,0.01220144983381033,0.7855649590492249,Microsoft (MSFT) Releases New Gaming Features on Edge Browser
2022-06-27,NVDA,0.025196800008416176,0.04119936376810074,0.016002563759684563,0.9427980780601501,Will Nvidia Be a Trillion-Dollar Stock by 2025?
2022-06-26,NVDA,-0.49798307567834854,0.0874541625380516,0.5854372382164001,0.3271086513996124,Market Plunge: 2 Discounted Growth Stocks to Buy Before the Rebound
2022-06-25,NVDA,-0.9464019322767854,0.011719844304025173,0.9581217765808105,0.03015841729938984,The S&P 500 Is Down 22% -- It's Time to Buy These 3 Ultra-Growth Stocks
2022-06-25,NVDA,0.03521102853119373,0.05721738934516907,0.022006360813975334,0.9207763075828552,3 Stocks I Bought This Week
2022-06-25,NVDA,0.021601886488497257,0.036915261298418045,0.015313374809920788,0.9477713704109192,7 Stocks to Own Until 2032 and Beyond
2022-06-25,NVDA,0.08355716988444328,0.09828148037195206,0.014724310487508774,0.8869942426681519,"If You've Got $5,000, Buying These 5 Top Stocks Right Now Would Be a Genius Move"
2022-06-25,NVDA,0.25637960992753506,0.2677173614501953,0.011337751522660255,0.7209449410438538,3 Tips and Tricks That Have Helped My Investing Mindset
2022-06-24,NVDA,-0.8401305004954338,0.02555496245622635,0.8656854629516602,0.10875958949327469,Nvidia Stock: Still Uncomfortably Expensive after 50% Haircut
2022-06-24,NVDA,0.05549762398004532,0.09194979071617126,0.036452166736125946,0.8715980052947998,7 Top Metaverse Stocks with Massive Potential
2022-06-24,NVDA,0.016202131286263466,0.04327203333377838,0.027069902047514915,0.9296581149101257,Nvidia vs. AMD: Which Company Should Investors Focus On?
2022-06-24,NVDA,0.04083871468901634,0.07269521057605743,0.03185649588704109,0.8954482674598694,Top Cyclical Stocks To Buy Now? 3 In The News
2022-06-24,NVDA,-0.9628247320652008,0.00815001130104065,0.9709747433662415,0.020875263959169388,Why Is Nvidia (NVDA) Down 9.1% Since Last Earnings Report?
2022-06-23,NVDA,-0.19011115655303001,0.05708754435181618,0.2471987009048462,0.6957137584686279,Nvidia (NVDA) Stock Sinks As Market Gains: What You Should Know
2022-06-23,NVDA,-0.00021644309163093567,0.03362226486206055,0.03383870795369148,0.9325389862060547,Advice for Gen Z & Millennial Investors On Bear Markets in Stocks & Crypto
2022-06-23,NVDA,0.1145723182708025,0.1257624626159668,0.011190144345164299,0.8630473613739014,3 Must-Have Chip Stocks to Buy for Q3
2022-06-23,NVDA,-0.04134337045252323,0.027232518419623375,0.0685758888721466,0.9041916131973267,Driverless Taxis Are Here. How Should Investors Play It?
2022-06-23,NVDA,0.5853324383497238,0.737611711025238,0.15227927267551422,0.11010893434286118,US STOCKS-Wall Street eyes higher open as tech-related stocks gain
2022-06-22,NVDA,0.018694551661610603,0.043020039796829224,0.02432548813521862,0.9326545000076294,4 Metaverse Stocks To Watch Right Now
2022-06-22,NVDA,0.16805244144052267,0.18102945387363434,0.012977012433111668,0.8059934973716736,Jump on the Metaverse Bandwagon With These 4 Tech Stocks
2022-06-22,NVDA,0.5256041958928108,0.5424679517745972,0.016863755881786346,0.4406683146953583,AMD Launches New Ryzen Series to Address Trending Markets
2022-06-22,NVDA,-0.01884417049586773,0.029447855427861214,0.04829202592372894,0.9222601652145386,UK PM Johnson's spokesman: Not aware of plans to force ARM into London IPO
2022-06-22,NVDA,0.020689453929662704,0.05292939394712448,0.03223994001746178,0.9148306250572205,Is Nvidia Stock a Buy Now?
2022-06-21,NVDA,0.06360983848571777,0.08132854104042053,0.01771870255470276,0.9009527564048767,3 Growth Stocks to Buy Now Before the Recession Hits
2022-06-21,NVDA,0.5408621607348323,0.5547856092453003,0.013923448510468006,0.4312909245491028,"Why Amazon, Nvidia, and Meta Platforms Are Climbing Higher Today"
2022-06-21,NVDA,0.04478268139064312,0.06997337937355042,0.025190697982907295,0.9048359394073486,Is Trending Stock NVIDIA Corporation (NVDA) a Buy Now?
2022-06-21,NVDA,0.5903729870915413,0.6066250205039978,0.016252033412456512,0.3771229684352875,2 Tech Stocks to Ride on the Booming Virtual Reality Market
2022-06-21,NVDA,0.19845838099718094,0.2979086637496948,0.09945028275251389,0.6026410460472107,"Nvidia Stock: Wall Street Remains Bullish Despite the Sell-Off, Here’s Why"
2022-06-20,NVDA,0.0007779672741889954,0.032656747847795486,0.03187878057360649,0.9354644417762756,"Top Stock Reports for Apple, NVIDIA & McDonald's"
2022-06-20,NVDA,0.10735804587602615,0.13677065074443817,0.029412604868412018,0.8338167071342468,A Time to Reflect on the Juneteenth Holiday
2022-06-20,NVDA,-0.9058099007233977,0.01100794319063425,0.916817843914032,0.07217425853013992,3 Stocks Affected by the Decline in Crypto
2022-06-20,NVDA,-0.915010616183281,0.017373457551002502,0.9323840737342834,0.05024244636297226,Wall Street Closes Worst Week In Two Years
2022-06-20,NVDA,-0.03843720257282257,0.0248250812292099,0.06326228380203247,0.9119126796722412,"Stock Market News for Jun 20, 2022"
2022-06-19,NVDA,0.08649254217743874,0.12892918288707733,0.042436640709638596,0.8286341428756714,3 Top Metaverse Stocks Ready for a Bull Run
2022-06-17,NVDA,0.029102902859449387,0.04744770750403404,0.018344804644584656,0.9342074990272522,"Notable Friday Option Activity: DOCU, X, NVDA"
2022-06-17,NVDA,-0.9420487387105823,0.009854485280811787,0.951903223991394,0.03824238106608391,Why AMD and Nvidia Were Down Big on Thursday
2022-06-17,NVDA,0.0637094471603632,0.0763934925198555,0.012684045359492302,0.9109224081039429,4 Compelling Reasons Nvidia Is My Newest Stock Buy
2022-06-16,NVDA,-0.6743895784020424,0.04650821536779404,0.7208977937698364,0.23259404301643372,"Why Nvidia, Advanced Micro Devices, Qualcomm Fell Today"
2022-06-16,NVDA,-0.06130983680486679,0.04291963577270508,0.10422947257757187,0.8528508543968201,Oppenheimer Pounds the Table on Nvidia Stock
2022-06-16,NVDA,0.02915034256875515,0.04612701013684273,0.016976667568087578,0.9368963241577148,"VUG, GOOG, NVDA, SPGI: ETF Inflow Alert"
2022-06-16,NVDA,-0.9531345423310995,0.015820616856217384,0.9689551591873169,0.015224270522594452,Macroeconomic Headwinds to Hit Nvidia for $500 Million
2022-06-16,NVDA,-0.7352758496999741,0.03773374855518341,0.7730095982551575,0.18925665318965912,"Stock Market Today: Dow Jones, S&P 500 Tumble On Recession Concerns; Twitter Stock In Focus Ahead Of Meeting With Elon Musk"
2022-06-15,NVDA,0.11242568492889404,0.13969369232654572,0.027268007397651672,0.8330382704734802,One Low-Risk Way to Play a Potential Rally in Nvidia Stock
2022-06-15,NVDA,0.031203271821141243,0.05166460573673248,0.02046133391559124,0.9278740882873535,7 Best Stocks to Buy if You Are All About ESG Investing
2022-06-15,NVDA,0.020689453929662704,0.05292939394712448,0.03223994001746178,0.9148306250572205,Is Nvidia Stock a Buy Now?
2022-06-15,NVDA,0.1154740434139967,0.14460021257400513,0.02912616916000843,0.8262736797332764,Bull of the Day: Cadence Design Systems (CDNS)
2022-06-14,NVDA,0.25121239852160215,0.26131483912467957,0.010102440603077412,0.7285827398300171,"Forget Inflation and Intel, With Data Center Strength Nvidia Is a Long-Term Buy"
2022-06-14,NVDA,0.3099926020950079,0.32085803151130676,0.010865429416298866,0.6682765483856201,3 Technology Stocks That Can Prosper During a Tech Downturn
2022-06-14,NVDA,0.046523742377758026,0.07072844356298447,0.02420470118522644,0.9050667881965637,Adobe revamps metaverse design tools for Apple's chips
2022-06-13,NVDA,-0.9361990671604872,0.010716738179326057,0.9469158053398132,0.042367447167634964,"Why Shares of Micron Technology, Nvidia, and AMD Fell Today"
2022-06-13,NVDA,0.16436604969203472,0.17648755013942719,0.012121500447392464,0.8113909959793091,7 Founder-Led Stocks to Buy and Hold Forever
2022-06-13,NVDA,-0.22406437061727047,0.027603665366768837,0.2516680359840393,0.72072833776474,Is It Too Late to Buy Intel Stock?
2022-06-13,NVDA,0.06607117969542742,0.07587336003780365,0.009802180342376232,0.9143244624137878,Should You Invest in the Invesco Dynamic Semiconductors ETF (PSI)?
2022-06-13,NVDA,0.135311096906662,0.16830326616764069,0.0329921692609787,0.7987045645713806,The SEC’s Potential Thorn for Thematic ETFs
2022-06-11,NVDA,-0.006206344813108444,0.05319105461239815,0.05939739942550659,0.8874115347862244,An American Supercomputer Just Shattered the Speed Record. What's That Mean?
2022-06-10,NVDA,0.919703739695251,0.9299215078353882,0.010217768140137196,0.05986073613166809,AMD Unveils New Product Portfolio to Accelerate Growth
2022-06-10,NVDA,0.7393908919766545,0.7470439076423645,0.007653015665709972,0.2453031688928604,These 3 Tech Giants Have Made Big Acquisitions in 2022
2022-06-10,NVDA,0.08693796209990978,0.10316549986600876,0.016227537766098976,0.8806069493293762,"Notable Friday Option Activity: NVDA, ILMN, ALGN"
2022-06-10,NVDA,-0.7787071820348501,0.027583325281739235,0.8062905073165894,0.1661260724067688,"Why Apple, Amazon, and Nvidia Plunged Today"
2022-06-10,NVDA,0.16608295682817698,0.17892234027385712,0.012839383445680141,0.8082382678985596,Intel Investors Might Be Happy to Hear This
2022-06-09,NVDA,-0.43017032369971275,0.02553752437233925,0.455707848072052,0.5187546014785767,Recession Recipe: Which Ingredients Spoil Consumer Confidence and Spending?
2022-06-09,NVDA,-0.2974456325173378,0.03552018851041794,0.33296582102775574,0.6315139532089233,Nvidia’s 5nm Lovelace Chip Is Not the Right Reason to Worry About Nvidia Stock
2022-06-09,NVDA,-0.9407897386699915,0.015168508514761925,0.9559582471847534,0.02887321449816227,"US STOCKS-Wall Street set to open lower on inflation, rate hike angst"
2022-06-09,NVDA,0.09863190818578005,0.11017177999019623,0.01153987180441618,0.8782883286476135,3 Stocks That Could Be Worth More Than Meta by 2032
2022-06-08,NVDA,0.682687446475029,0.7935498952865601,0.11086244881153107,0.09558765590190887,These 2 Meme Stocks Have Legitimate Long-Term Upsides
2022-06-08,NVDA,0.30058610811829567,0.3172202408313751,0.016634132713079453,0.6661456227302551,"Noteworthy ETF Inflows: SOXX, NVDA, KLAC, MCHP"
2022-06-08,NVDA,0.12047058343887329,0.21534468233585358,0.09487409889698029,0.6897811889648438,Advanced Micro Devices Stock’s Overlooked Upside: The Metaverse
2022-06-08,NVDA,0.45297628408297896,0.45973846316337585,0.006762179080396891,0.5334993600845337,Agilent (A) to Provide Genomics Innovation Via New Tie-Ups
2022-06-08,NVDA,0.9085663631558418,0.9385405778884888,0.029974214732646942,0.03148529678583145,Nvidia Stock Still Looks Fairly Valued as It Shows Signs of Breaking Out
2022-06-07,NVDA,-0.021957069635391235,0.04257555305957794,0.06453262269496918,0.8928918242454529,Rule Breaker Investing Mailbag: Dealing With the Market
2022-06-07,NVDA,0.05495343450456858,0.06950711458921432,0.014553680084645748,0.915939211845398,Top Stocks to Buy Now -- 3 Semiconductor Stocks I'm Holding Long
2022-06-07,NVDA,0.015176644548773766,0.03635503724217415,0.021178392693400383,0.9424664974212646,Apple Announces M2 Chip: What Investors Need to Know
2022-06-07,NVDA,0.04137275740504265,0.05985070392489433,0.018477946519851685,0.9216713309288025,3 Unstoppable Stocks to Buy Now and Never Sell
2022-06-07,NVDA,0.02490384131669998,0.04510914906859398,0.020205307751893997,0.9346855282783508,Should You Invest in Nvidia Right Now?
2022-06-06,NVDA,-0.9282501358538866,0.01903289370238781,0.9472830295562744,0.03368401154875755,GRAPHIC-Amazon stock split may draw retail traders in tough market
2022-06-06,NVDA,0.0656046811491251,0.07875100523233414,0.013146324083209038,0.9081026315689087,What Can Investors Learn from Nvidia’s Risk Factors?
2022-06-04,NVDA,0.13404598273336887,0.15776292979717255,0.023716947063803673,0.818520188331604,Author Christine Porath on the Importance of Respect
2022-06-04,NVDA,-0.937116309069097,0.010307208634912968,0.94742351770401,0.04226935654878616,Is This Bad News for Nvidia?
2022-06-03,NVDA,-0.0016635246574878693,0.032859377562999725,0.034522902220487595,0.932617723941803,Separating Signal From Noise in the Metaverse
2022-06-03,NVDA,-0.03566811978816986,0.02347191423177719,0.05914003401994705,0.9173880219459534,"Stock Market News for June 3, 2022"
2022-06-03,NVDA,0.028153980150818825,0.05249425023794174,0.024340270087122917,0.923165500164032,3 Robinhood Stocks to Buy Right Now
2022-06-03,NVDA,0.09146103914827108,0.10465380549430847,0.013192766346037388,0.8821534514427185,3 Best Semiconductor Stocks to Buy for June 2022
2022-06-03,NVDA,-0.9468898409977555,0.01011959370225668,0.9570094347000122,0.03287087380886078,"Why Nvidia, Amazon, and Apple Stocks Slumped Friday"
2022-06-02,NVDA,-0.4369879700243473,0.026649530977010727,0.46363750100135803,0.5097129940986633,"Down 48%, Is Nvidia Stock a Buy, Sell, or Hold?"
2022-06-02,NVDA,0.8423862755298615,0.8958657383918762,0.05347946286201477,0.050654806196689606,"US STOCKS-Wall Street rallies, lifted by Tesla and Nvidia"
2022-06-02,NVDA,0.8298586830496788,0.9032743573188782,0.07341567426919937,0.023309998214244843,"US STOCKS-Wall Street ends sharply higher, led by Tesla and Nvidia"
2022-06-02,NVDA,0.46440108213573694,0.47990328073501587,0.015502198599278927,0.5045945048332214,The 10 Best High-Growth Stocks to Buy
2022-06-02,NVDA,0.02282840944826603,0.05105556547641754,0.028227156028151512,0.9207172393798828,"Notable Thursday Option Activity: RH, AAPL, NVDA"
2022-06-01,NVDA,0.026422904804348946,0.04559013620018959,0.019167231395840645,0.9352425932884216,"If You Invested $10,000 in Nvidia 10 Years Ago, This Is How Much You Would Have Today"
2022-06-01,NVDA,0.496827416587621,0.5045844316482544,0.007757015060633421,0.4876585602760315,Nvidia's Potential Is Massive as 2 New Data Center Types Emerge
2022-06-01,NVDA,0.8341103037819266,0.8426862359046936,0.008575932122766972,0.1487378180027008,3 Stocks to Take Advantage of the Increased Spending in Data Centers
2022-06-01,NVDA,-0.2322268784046173,0.02767220139503479,0.2598990797996521,0.712428629398346,Is It Too Late to Buy Nvidia Stock?
2022-05-31,NVDA,0.38457972556352615,0.4028002917766571,0.01822056621313095,0.5789791345596313,7 Great Growth Stocks That Could Double Your Investment
2022-05-31,NVDA,-0.9379377774894238,0.014174599200487137,0.9521123766899109,0.033712953329086304,Why Nvidia Stock Stumbled on Tuesday
2022-05-31,NVDA,0.17642025649547577,0.31798627972602844,0.14156602323055267,0.5404477119445801,3 Tech Stocks to Buy After Nvidia’s Earnings Report
2022-05-31,NVDA,0.10649203043431044,0.11793644726276398,0.01144441682845354,0.8706191778182983,How Artificial Intelligence Can Help Detect Wildfires
2022-05-31,NVDA,0.6247525988146663,0.6354212760925293,0.010668677277863026,0.35391008853912354,AMD Powers World's Fastest Supercomputer With Hewlett Packard
2022-05-30,NVDA,-0.9298497475683689,0.020191188901662827,0.9500409364700317,0.029767805710434914,"Yes, the Crypto Crash Is Hurting Nvidia"
2022-05-30,NVDA,0.11688875406980515,0.12829475104808807,0.011405996978282928,0.860299289226532,New Google Partnership Is Good for AMD. Here’s 1 Thing Even Better
2022-05-30,NVDA,0.6662668129429221,0.6780779361724854,0.011811123229563236,0.3101109564304352,Is Invesco Dynamic Semiconductors ETF (PSI) a Strong ETF Right Now?
2022-05-30,NVDA,0.05915829632431269,0.07338450103998184,0.014226204715669155,0.91238933801651,NVIDIA Corporation (NVDA) is Attracting Investor Attention: Here is What You Should Know
2022-05-30,NVDA,0.0996777880936861,0.1265362948179245,0.026858506724238396,0.8466051816940308,Top 2 Stocks from Expert Analyst Rick Schafer’s Coffers
2022-05-28,NVDA,-0.41778580844402313,0.17070521414279938,0.5884910225868225,0.2408037781715393,7 Blue-Chip Stocks to Buy at an All-Time Low
2022-05-27,NVDA,0.004856590181589127,0.032869309186935425,0.028012719005346298,0.9391179084777832,Better Buy: Nvidia Stock or Every Nasdaq Stock?
2022-05-27,NVDA,0.018882712349295616,0.04254845529794693,0.023665742948651314,0.9337857961654663,Do You Know Your Exposure to Mega Cap Stocks?
2022-05-27,NVDA,0.66973976790905,0.718480110168457,0.04874034225940704,0.2327795922756195,Why Nvidia Stock Jumped Another 3.5% Today
2022-05-27,NVDA,0.013538520783185959,0.04118122532963753,0.02764270454645157,0.9311761260032654,Stocks To Invest In Today? 4 Cyclical Stocks To Check Out
2022-05-27,NVDA,0.13108415994793177,0.14539560675621033,0.01431144680827856,0.8402929902076721,2 Top Tech Stocks to Buy for the Long Haul
2022-05-26,NVDA,-0.006099103018641472,0.02867727540433407,0.03477637842297554,0.9365463256835938,"Want $1 Million in Retirement? Invest $50,000 in These 3 Stocks and Wait a Decade"
2022-05-26,NVDA,-0.31222520396113396,0.046831417828798294,0.35905662178993225,0.594111979007721,"Nvidia Stock Is ‘Too Cheap to Ignore,’ Says Analyst"
2022-05-26,NVDA,-0.04805415868759155,0.04359115660190582,0.09164531528949738,0.8647634983062744,Is Nvidia a Buy or a Sell After Q1 Earnings?
2022-05-26,NVDA,0.9130382016301155,0.9337473511695862,0.020709149539470673,0.04554351791739464,"Stock Market Today: Retail Roars Back, Markets Build Positive Momo"
2022-05-26,NVDA,0.09826951287686825,0.11545458436012268,0.017185071483254433,0.8673603534698486,AMD Stock Is a Buy After Nvidia’s Earnings
2022-05-25,NVDA,0.23954232782125473,0.2623404264450073,0.022798098623752594,0.7148615121841431,7 Undervalued Blue-Chip Stocks to Buy for June
2022-05-25,NVDA,0.08177854493260384,0.14187820255756378,0.060099657624959946,0.7980221509933472,"Fed Minutes Firm Market; NVDA, WSM Beat, Head Separate Ways"
2022-05-25,NVDA,-0.8165588304400444,0.06307721883058548,0.8796360492706299,0.057286735624074936,Stock Market Today: Nasdaq Jumps as Fed Minutes Fail to Flame Fears
2022-05-25,NVDA,-0.9461623188108206,0.01216348446905613,0.9583258032798767,0.029510755091905594,Nvidia Stock Sank in After-Hours Trading Today -- Here's Why the Stock Could Be a Solid Buy
2022-05-25,NVDA,-0.0036485232412815094,0.03088468313217163,0.03453320637345314,0.9345821142196655,"4 Top Stock Trades for Thursday: NVDA, DKS, GME, TOL"
2022-05-24,NVDA,-0.8482227139174938,0.021467942744493484,0.8696906566619873,0.1088414192199707,"Why Micron, AMD, and Nvidia Stocks Retreated Today"
2022-05-24,NVDA,0.03384241834282875,0.05490228161215782,0.02105986326932907,0.9240378737449646,3 Metaverse Stocks to Buy Now
2022-05-24,NVDA,0.06728279404342175,0.08685023337602615,0.019567439332604408,0.8935823440551758,7 Safe Stocks to Buy and Hold Onto Forever
2022-05-24,NVDA,0.01151331327855587,0.030292391777038574,0.018779078498482704,0.9509285092353821,June 2024 Options Now Available For NVIDIA
2022-05-24,NVDA,0.3925791224464774,0.4058981239795685,0.013319001533091068,0.5807828307151794,My 2 Best Growth Stocks to Buy and Hold Through Any Recession
2022-05-23,NVDA,0.06190606206655502,0.13506725430488586,0.07316119223833084,0.7917715907096863,3 Top AI Stocks Ready for Bull Runs
2022-05-23,NVDA,-0.18635938689112663,0.04154764488339424,0.22790703177452087,0.7305453419685364,A Slew of Big Retailers to Report Q1 Results This Week
2022-05-23,NVDA,0.12044838070869446,0.2794685363769531,0.15902015566825867,0.5615112781524658,"S&P 500, Dow rise as banks, Apple offer support"
2022-05-23,NVDA,-0.03452175110578537,0.049054309725761414,0.08357606083154678,0.8673696517944336,"All Eyes Are on Nvidia’s May 25 Earnings Release, Given How Cheap NVDA Stock Is Now"
2022-05-23,NVDA,0.02891400456428528,0.1592009961605072,0.13028699159622192,0.7105119824409485,6 of the Most Undervalued Tech Stocks to Buy for June
2022-05-22,NVDA,0.02351335994899273,0.04680324345827103,0.023289883509278297,0.9299068450927734,"Weekly Preview: Earnings to Watch This Week (BABA, NVDA, SPLK, ZM)"
2022-05-22,NVDA,-0.595713883638382,0.18406692147254944,0.7797808051109314,0.03615236282348633,"At its 52-week Lows, Nvidia Could Rebound"
2022-05-21,NVDA,-0.889971099793911,0.014080800116062164,0.9040518999099731,0.08186738193035126,Supply Chain Snarls Sink Semiconductor Stock
2022-05-20,NVDA,-0.91252825781703,0.03569759801030159,0.9482258558273315,0.016076505184173584,"US STOCKS-S&amp;P 500 on pace to confirm bear market, falls 20% from record close"
2022-05-20,NVDA,-0.8635660484433174,0.05291061848402023,0.9164766669273376,0.03061278536915779,"US STOCKS-Wall Street ends mixed, Tesla falls"
2022-05-20,NVDA,0.1635968666523695,0.17476755380630493,0.011170687153935432,0.8140618205070496,"Yes, Nvidia Stock is Expensive — But Oppenheimer Says It’s Worth the Price"
2022-05-20,NVDA,-0.9180864114314318,0.014940736815333366,0.9330271482467651,0.05203220248222351,Why Nvidia Stock Cratered on Friday
2022-05-20,NVDA,0.13987869396805763,0.16067446768283844,0.020795773714780807,0.8185297250747681,Bull Of The Day: Core Scientific (CORZ)
2022-05-19,NVDA,0.4619060307741165,0.6478608846664429,0.18595485389232635,0.16618424654006958,Why Nvidia Stock Bounced Back Thursday
2022-05-19,NVDA,-0.5057291574776173,0.05469481274485588,0.5604239702224731,0.3848811686038971,5 Oversold Growth Stocks to Buy Now
2022-05-19,NVDA,0.10455700382590294,0.15823553502559662,0.05367853119969368,0.7880859375,Nvidia (NVDA) Gains As Market Dips: What You Should Know
2022-05-19,NVDA,-0.9485313454642892,0.013094647787511349,0.9616259932518005,0.025279400870203972,US STOCKS-S&P 500 ends lower as Cisco and Apple sink
2022-05-19,NVDA,-0.9087260775268078,0.03749217465519905,0.9462182521820068,0.016289623454213142,US STOCKS-Wall Street mixed as Cisco sinks and Nvidia recovers
2022-05-18,NVDA,0.02238372527062893,0.046226322650909424,0.023842597380280495,0.929931104183197,"Notable Wednesday Option Activity: FIVE, AVYA, NVDA"
2022-05-18,NVDA,-0.9526853393763304,0.01415272243320942,0.9668380618095398,0.019009239971637726,US STOCKS-Wall Street ends sharply lower as Target and growth stocks sink
2022-05-18,NVDA,-0.5281876921653748,0.2052251100540161,0.7334128022193909,0.06136200577020645,Micron Stock Has Substance At These Levels
2022-05-18,NVDA,0.04409399628639221,0.062270890921354294,0.018176894634962082,0.9195522665977478,Nvidia (NVDA) Earnings Expected to Grow: What to Know Ahead of Next Week's Release
2022-05-18,NVDA,0.05124181881546974,0.09681522846221924,0.045573409646749496,0.857611358165741,Are Options Traders Betting on a Big Move in NVIDA (NVDA) Stock?
2022-05-17,NVDA,0.1940467730164528,0.2082984894514084,0.014251716434955597,0.7774497866630554,"Up 600% in 10 Years, Here's Why Apple Stock Is Still So Cheap"
2022-05-17,NVDA,0.9212030600756407,0.9419043660163879,0.02070130594074726,0.037394363433122635,Why Nvidia Stock Shot Higher on Tuesday
2022-05-17,NVDA,0.7676243055611849,0.7770182490348816,0.009393943473696709,0.21358780562877655,Advanced Micro Devices Stock Offers More Than 36.50% Upside for Buyers
2022-05-17,NVDA,0.37957608699798584,0.623772382736206,0.24419629573822021,0.13203127682209015,3 Beaten Down Tech Stocks Trading at Attractive Buying Levels
2022-05-17,NVDA,0.6116308989003301,0.6215649843215942,0.009934085421264172,0.3685009181499481,It's Time to Welcome Nvidia (NVDA) as an Elite Wall Street Stock
2022-05-16,NVDA,-0.9546672254800797,0.009163245558738708,0.9638304710388184,0.027006348595023155,"US STOCKS-Wall Street falls as growth stocks, glum China data weigh"
2022-05-16,NVDA,0.0201848354190588,0.046898458153009415,0.026713622733950615,0.9263879656791687,"Top Analyst Reports for NVIDIA, Home Depot, Pfizer & Others"
2022-05-16,NVDA,0.564596027135849,0.5816912651062012,0.017095237970352173,0.4012134373188019,These 2 Semiconductor Giants Are Increasing Prices
2022-05-16,NVDA,-0.5656951144337654,0.11713116616010666,0.6828262805938721,0.20004262030124664,US STOCKS-Wall St set for muted open after glum China data
2022-05-16,NVDA,-0.14928585290908813,0.15280333161354065,0.3020891845226288,0.5451074838638306,"Temasek hikes stake in e-commerce companies Amazon, Pinduoduo"
2022-05-14,NVDA,-0.13446149602532387,0.053385134786367416,0.18784663081169128,0.7587682604789734,The Good News and Bad News for Nvidia Investors
2022-05-14,NVDA,-0.1675392910838127,0.037268780171871185,0.2048080712556839,0.7579231262207031,Don’t Let the SEC’s Crypto Fine Turn You Off Nvidia Stock
2022-05-13,NVDA,0.7370189223438501,0.7556570768356323,0.01863815449178219,0.22570478916168213,1 Reason Why Nvidia Stock Is Rising Today
2022-05-13,NVDA,0.0047048646956682205,0.029451312497258186,0.024746447801589966,0.9458022713661194,Stocks & ETFs for Summer Travel Surge
2022-05-13,NVDA,0.030786428600549698,0.055896155536174774,0.025109726935625076,0.918994128704071,Talking About the Metaverse With Venture Capitalist and Author Matthew Ball
2022-05-13,NVDA,-0.6738412007689476,0.11744741350412369,0.7912886142730713,0.09126404672861099,Stock Market Today: Stocks Paper Over Lousy Week With Wild Friday
2022-05-13,NVDA,0.37989427149295807,0.5856484770774841,0.20575420558452606,0.20859728753566742,Wall Street rallies as growth stocks rebound; Twitter slides
2022-05-12,NVDA,-0.4278220012784004,0.12181317061185837,0.5496351718902588,0.32855165004730225,Buying Power of Cardano vs. NVIDIA at New 52-Week Low
2022-05-12,NVDA,-0.002886040136218071,0.023146141320466995,0.026032181456685066,0.9508216381072998,July 1st Options Now Available For NVIDIA
2022-05-12,NVDA,0.9255108013749123,0.9415361881256104,0.01602538675069809,0.042438436299562454,SoftBank's chip tech firm Arm posts record 2021 revenue
2022-05-12,NVDA,0.012759648263454437,0.04217994958162308,0.02942030131816864,0.9283997416496277,"The Time is Coming to Buy Nvidia Stock, but It’s Not Now"
2022-05-12,NVDA,0.5070642121136189,0.5254240036010742,0.018359791487455368,0.45621612668037415,Can Nvidia Stock Help Lead the Rebound in Tech Stocks?
2022-05-11,NVDA,-0.81300407089293,0.019091611728072166,0.8320956826210022,0.1488126814365387,More Delays Are Incoming for This Semiconductor Giant
2022-05-11,NVDA,-0.8320833686739206,0.0156694408506155,0.8477528095245361,0.136577770113945,NVIDIA Enters Oversold Territory (NVDA)
2022-05-11,NVDA,-0.9531635204330087,0.00975631084293127,0.9629198312759399,0.027323920279741287,Why Nvidia Stock Dropped Again Wednesday
2022-05-11,NVDA,0.03800371661782265,0.05749019980430603,0.019486483186483383,0.9230233430862427,"Notable Wednesday Option Activity: NVDA, VLO, SJM"
2022-05-11,NVDA,0.1251370208337903,0.13709886372089386,0.011961842887103558,0.8509392738342285,"3 Stocks That Can Turn $10,000 Into $50,000 by 2025"
2022-05-10,NVDA,0.33301299810409546,0.646325409412384,0.3133124113082886,0.040362145751714706,"Intel launches new AI chips, challenging Nvidia's market"
2022-05-10,NVDA,0.0688798725605011,0.08575843274593353,0.016878560185432434,0.8973630666732788,"Malcolm Ethridge From ""The Tech Money Podcast"" Provides Perspective for Investors"
2022-05-10,NVDA,-0.8616017177700996,0.015103571116924286,0.8767052888870239,0.10819113254547119,Crypto Mining Has Caused the SEC to Take Aim at Nvidia
2022-05-10,NVDA,-0.14708064496517181,0.1340244561433792,0.281105101108551,0.584870457649231,Stock Market Today: Stocks Try to Find Their Legs Ahead of CPI Report
2022-05-10,NVDA,0.9056036500260234,0.9141296148300171,0.008525964803993702,0.07734447717666626,Nvidia Stock: New Growth Segments Secure Its Future
2022-05-09,NVDA,0.2827265001833439,0.29958081245422363,0.016854312270879745,0.6835648417472839,Graphic Packaging and Gap have been highlighted as Zacks Bull and Bear of the Day
2022-05-09,NVDA,-0.9521033484488726,0.015536276623606682,0.9676396250724792,0.01682412624359131,PREVIEW-SoftBank seen posting bruising Vision Fund loss on tech sell-off
2022-05-09,NVDA,-0.9588821958750486,0.009474413469433784,0.9683566093444824,0.022169051691889763,Why Nvidia Stock Fell Nearly 7% Today
2022-05-09,NVDA,0.06316060200333595,0.08184965699911118,0.018689054995775223,0.8994612693786621,Nvidia Stock Is a Buy on Weakness
2022-05-09,NVDA,0.054199159145355225,0.07273067533969879,0.018531516194343567,0.90873783826828,3 Companies Jumping on the Web 3.0 Train
2022-05-08,NVDA,0.22533322125673294,0.2483808696269989,0.02304764837026596,0.7285714745521545,Nvidia Currently Has a Huge Lead on AMD
2022-05-08,NVDA,0.00622878223657608,0.028734641149640083,0.022505858913064003,0.9487594962120056,Nasdaq Bear Market: 1 Stock-Split Stock to Buy Now and Hold Forever
2022-05-07,NVDA,0.1003776490688324,0.1329798698425293,0.0326022207736969,0.8344178795814514,5 Stocks That Moved the Market in April
2022-05-06,NVDA,0.08987173438072205,0.11158891767263412,0.02171718329191208,0.866693913936615,AMD Stock Still Belongs on Investors’ Growth and Value Shopping Lists
2022-05-06,NVDA,0.0333699956536293,0.05318431928753853,0.019814323633909225,0.927001416683197,AMD vs. Nvidia: Which Chip Giant Should Investors Buy?
2022-05-06,NVDA,-0.9543725112453103,0.010205640457570553,0.9645781517028809,0.02521626465022564,Nvidia to pay $5.5 mln penalty for 'inadequate disclosures' about cryptomining -SEC
2022-05-06,NVDA,0.027283004485070705,0.04231029003858566,0.015027285553514957,0.9426624774932861,"Zacks Investment Ideas feature highlights: Amazon, Microsoft, Alphabet, Nvidia and Meta Platforms"
2022-05-06,NVDA,-0.9515804089605808,0.009501691907644272,0.9610821008682251,0.029416192322969437,U.S. SEC charges Nvidia with 'inadequate disclosures' about impact of cryptomining
2022-05-05,NVDA,0.17813795432448387,0.19196654856204987,0.013828594237565994,0.7942048907279968,2 Semiconductor Stocks Worth the 2022 Risks
2022-05-05,NVDA,-0.6301567032933235,0.021446101367473602,0.6516028046607971,0.3269510567188263,"Negative Sentiment Kills Market Indices, Dow -1063 Points"
2022-05-05,NVDA,-0.11322016268968582,0.0469115749001503,0.16013173758983612,0.7929567098617554,3 Reasons Investors Shouldn't Lose Sleep Over Microsoft's Pullback
2022-05-05,NVDA,-0.9497046899050474,0.01998855359852314,0.9696932435035706,0.010318097658455372,Stock Market Today: Stocks Suffer Worst Losses of 2022
2022-05-05,NVDA,-0.883722092024982,0.015620981343090534,0.8993430733680725,0.08503606170415878,Why Nvidia Stock Was Falling Today
2022-05-04,NVDA,-0.0376691073179245,0.0955052524805069,0.1331743597984314,0.7713203430175781,AMD Crushes Earnings -- Is It a Buy Now?
2022-05-04,NVDA,-0.9618224436417222,0.007262653671205044,0.9690850973129272,0.02365228161215782,Why Advanced Micro Devices Stock Fell 21.8% in April
2022-05-04,NVDA,-0.7712817844003439,0.0232426468282938,0.7945244312286377,0.18223293125629425,Inflation Crisis and the Imploding Dollar: Panic of the Profiteers
2022-05-04,NVDA,0.935069227591157,0.9485024809837341,0.013433253392577171,0.03806435316801071,The Stellar Cloud Business Update Bodes Incredibly Well for Nvidia
2022-05-04,NVDA,-0.9499096544459462,0.010169598273932934,0.9600792527198792,0.029751133173704147,US STOCKS-Tech stocks drag Wall Street lower ahead of Fed decision
2022-05-03,NVDA,0.12922782450914383,0.1760970801115036,0.04686925560235977,0.7770336270332336,Nvidia (NVDA) Gains But Lags Market: What You Should Know
2022-05-03,NVDA,0.05597791448235512,0.07020945847034454,0.014231543987989426,0.9155589938163757,3 Mighty Mutual Funds to Buy for Q2
2022-05-03,NVDA,-0.0003569405525922775,0.0308767631649971,0.03123370371758938,0.937889575958252,"Noteworthy Tuesday Option Activity: CC, RUN, NVDA"
2022-05-03,NVDA,0.09269190952181816,0.1212986633181572,0.028606753796339035,0.8500946164131165,Which Stock Picks Could Profit from Rising Interest Rates?
2022-05-03,NVDA,0.06578787602484226,0.0760439932346344,0.010256117209792137,0.9136998653411865,Should You Invest in the Vanguard Information Technology ETF (VGT)?
2022-05-02,NVDA,0.42171481251716614,0.6807169318199158,0.25900211930274963,0.060280974954366684,US STOCKS-Wall Street up before Fed meet as tech buying punctuates volatile trade
2022-05-02,NVDA,0.23476499319076538,0.2768484354019165,0.04208344221115112,0.6810681223869324,UK's Johnson joins final push to convince Arm to list in London -FT
2022-05-02,NVDA,0.13971760962158442,0.15217001736164093,0.012452407740056515,0.8353776335716248,There’s a New Rising Era for Advanced Micro Devices Stock
2022-05-02,NVDA,0.5173767507076263,0.6669294834136963,0.14955273270606995,0.18351779878139496,Wall Street ends higher amid topsy-turvy trade before Fed meeting
2022-05-02,NVDA,-0.9518286930397153,0.011687601916491985,0.9635162949562073,0.02479610964655876,"US STOCKS-Wall Street drops as Fed focus takes hold, 10-yr Treasuries breach 3%"
2022-05-01,NVDA,0.05493279546499252,0.06973076611757278,0.014797970652580261,0.9154712557792664,3 Semiconductor Stocks to Buy for May 2022
2022-04-30,NVDA,-0.4713304564356804,0.10218275338411331,0.5735132098197937,0.3243039846420288,"The Semiconductor Shortage Is Far From Over, According to Industry Executives"
2022-04-30,NVDA,0.031094830483198166,0.056985873728990555,0.02589104324579239,0.9171231389045715,Is Texas Instruments Stock a Buy Now?
2022-04-29,NVDA,-0.9146440252661705,0.012581981718540192,0.9272260069847107,0.06019202247262001,Why Nvidia Stock Is Falling Today
2022-04-29,NVDA,0.006978727877140045,0.07354898750782013,0.06657025963068008,0.8598807454109192,3 Reasons to Take Another Bite of Apple
2022-04-29,NVDA,-0.923445955850184,0.011135621927678585,0.9345815777778625,0.05428284406661987,Nvidia Is Down 37% in 2022: Is It Time to Buy?
2022-04-29,NVDA,-0.9556490834802389,0.00796317495405674,0.9636122584342957,0.028424598276615143,Big Tech Are Falling Titans
2022-04-29,NVDA,0.04942660219967365,0.06369392573833466,0.014267323538661003,0.922038733959198,$350 Price Target for Nvidia Stock Is Ambitious But Possible
2022-04-28,NVDA,-0.9335558032616973,0.011280396021902561,0.9448361992835999,0.043883372098207474,1 Growth Stock Down 65% to Buy Right Now
2022-04-28,NVDA,0.6505847871303558,0.8031570315361023,0.15257224440574646,0.04427073895931244,Intel (INTC) Q1 Earnings and Revenues Beat Estimates
2022-04-28,NVDA,-0.05544065311551094,0.05080832168459892,0.10624897480010986,0.8429426550865173,Time to Buy Beaten Down Chip Stocks & ETFs?
2022-04-28,NVDA,0.11266130767762661,0.13336102664470673,0.020699718967080116,0.8459392786026001,Stock Market Today: Big Tech Carries Wall Street on Its Back
2022-04-28,NVDA,-0.7849492728710175,0.06879720091819763,0.8537464737892151,0.0774562656879425,Have Microchip Stocks Declined Into an Attractive Buying Level?
2022-04-27,NVDA,0.05333975702524185,0.06969044357538223,0.01635068655014038,0.9139589071273804,The Aggressive Investor Is Buying AMD Stock Ahead of Earnings
2022-04-27,NVDA,0.005795888602733612,0.03332432731986046,0.027528438717126846,0.9391472935676575,Best Stocks To Invest In? 5 Cyclical Stocks For Your List
2022-04-27,NVDA,0.930648036301136,0.9520044326782227,0.02135639637708664,0.0266391783952713,Qualcomm forecasts upbeat revenue as diversification bet pays off
2022-04-27,NVDA,-0.15099360421299934,0.05191905423998833,0.20291265845298767,0.7451682686805725,Why Nvidia Stock Keeps Dropping
2022-04-27,NVDA,0.05807790718972683,0.06877550482749939,0.01069759763777256,0.920526921749115,Should You Invest in the Technology Select Sector SPDR ETF (XLK)?
2022-04-26,NVDA,-0.8953339904546738,0.029853180050849915,0.9251871705055237,0.044959656894207,Why Nvidia Stock Tanked Another 4% Today
2022-04-26,NVDA,-0.9226428437978029,0.01699010841548443,0.9396329522132874,0.04337691143155098,Wall Street's big slide makes retail investors wary to 'buy the dip'
2022-04-26,NVDA,-0.4728057086467743,0.2040216028690338,0.6768273115158081,0.1191510409116745,"Down 45% From Its Highs, This Is a Great Time to Buy Nvidia Stock"
2022-04-26,NVDA,-0.5769201368093491,0.147648885846138,0.7245690226554871,0.12778201699256897,Is Nvidia Stock a Buy After Falling 40% From All-Time Highs?
2022-04-26,NVDA,-0.9462327314540744,0.01235008705407381,0.9585828185081482,0.029067091643810272,Tech Sell-Off: 2 Beaten-Down Stocks That Could Set the Market on Fire
2022-04-25,NVDA,0.17034979537129402,0.1860770285129547,0.01572723314166069,0.7981957793235779,Nvidia (NVDA) Outpaces Stock Market Gains: What You Should Know
2022-04-25,NVDA,0.04994240030646324,0.06357184797525406,0.013629447668790817,0.922798752784729,AMD Has Three Main Layers of Support According to This Chart
2022-04-25,NVDA,0.040485113859176636,0.06126394495368004,0.020778831094503403,0.9179572463035583,"Noteworthy Monday Option Activity: SM, NVDA, ARCH"
2022-04-25,NVDA,-0.9579512951895595,0.007786166854202747,0.9657374620437622,0.026476440951228142,Why Nvidia Stock Dropped on Monday
2022-04-25,NVDA,-0.002840746194124222,0.031576938927173615,0.034417685121297836,0.9340053796768188,First Week of December 16th Options Trading For NVIDIA
2022-04-24,NVDA,-0.6483937799930573,0.14772793650627136,0.7961217164993286,0.05615035444498062,This Emerging Opportunity Could Send Nvidia Stock Soaring
2022-04-23,NVDA,-0.013243664056062698,0.0405704639852047,0.053814128041267395,0.9056154489517212,"Nvidia Stock Is Too Cheap to Ignore, But Should You Buy?"
2022-04-23,NVDA,-0.04434047266840935,0.032131489366292953,0.0764719620347023,0.8913965821266174,Shopify Follows FAANG With Its Own Stock Split. Time to Buy?
2022-04-23,NVDA,0.049685943871736526,0.0708618313074112,0.021175887435674667,0.9079622626304626,3 Slam-Dunk Investing Lessons for Bull Markets and Bear Markets
2022-04-23,NVDA,0.6925993235781789,0.7000653147697449,0.0074659911915659904,0.29246875643730164,This Will Become One of the 5 Most Valuable Companies in the World
2022-04-22,NVDA,-0.014719784259796143,0.06545760482549667,0.08017738908529282,0.8543650507926941,Price Targets Were Just Cut in These 2 Stocks -- Is It Time to Sell?
2022-04-22,NVDA,0.025196794420480728,0.04119936376810074,0.01600256934762001,0.9427980780601501,Will Nvidia Be a Trillion-Dollar Stock by 2025?
2022-04-22,NVDA,0.9228021549060941,0.9371939301490784,0.014391775242984295,0.048414405435323715,3 Growth Stocks Wall Street Thinks Could Gain 60% or More
2022-04-21,NVDA,-0.11018150299787521,0.034243710339069366,0.14442521333694458,0.8213310241699219,Elon Musk Wants to Buy Twitter. What's Going On?
2022-04-21,NVDA,0.025507662445306778,0.042302776128053665,0.016795113682746887,0.9409021139144897,Now Is the Time to Buy Nvidia Stock
2022-04-21,NVDA,-0.9087765999138355,0.03178177401423454,0.9405583739280701,0.027659822255373,"With Chip Shortages Easing, Nvidia Could Be in for a Bull Run"
2022-04-21,NVDA,-0.8992877323180437,0.023473290726542473,0.9227610230445862,0.05376569554209709,Why Nvidia Stock Fell Hard Today
2022-04-21,NVDA,0.030751927755773067,0.04521186649799347,0.014459938742220402,0.9403282403945923,Beyond Stock Splits: 1 Growth Stock to Buy Now and Hold Forever
2022-04-20,NVDA,0.8459946382790804,0.8598162531852722,0.013821614906191826,0.12636210024356842,AMD EPYC CPUs Help Mercedes-AMG F1 Team Win Pole Position
2022-04-20,NVDA,-0.14414149150252342,0.0420304574072361,0.18617194890975952,0.7717975974082947,"For Nvidia, It’s Looking Like 2021 All Over Again"
2022-04-20,NVDA,-0.9296233467757702,0.01610620692372322,0.9457295536994934,0.0381641760468483,Why Nvidia Stock Fell Again Today
2022-04-20,NVDA,0.16226758807897568,0.23923359811306,0.07696601003408432,0.6838003993034363,3 Charts Showing How Top Stocks Have Performed After a Split
2022-04-19,NVDA,-0.0304388590157032,0.039963725954294205,0.0704025849699974,0.8896337151527405,Here is What to Know Beyond Why NVIDIA Corporation (NVDA) is a Trending Stock
2022-04-19,NVDA,-0.951942628249526,0.015678459778428078,0.9676210880279541,0.01670047454535961,"Nvidia Stock Dropped 11% In a Rough Week, Opening a Window of Opportunity for Investors"
2022-04-19,NVDA,0.17034981958568096,0.1860770583152771,0.015727238729596138,0.7981956601142883,Nvidia (NVDA) Outpaces Stock Market Gains: What You Should Know
2022-04-19,NVDA,0.6827426478266716,0.7201666235923767,0.03742397576570511,0.24240943789482117,Why Nvidia Stock Was Climbing Again on Tuesday
2022-04-19,NVDA,0.02914476953446865,0.04556337743997574,0.016418607905507088,0.9380180239677429,3 Reddit Stocks to Buy in April 2022
2022-04-18,NVDA,0.0948922373354435,0.10652370005846024,0.011631462723016739,0.8818448185920715,2 Semiconductor Growth Stocks to Buy Now and Hold
2022-04-18,NVDA,-0.5484420359134674,0.066324383020401,0.6147664189338684,0.318909227848053,Why Nvidia Stock Zigzagged on Monday
2022-04-18,NVDA,0.03932332061231136,0.06660281121730804,0.02727949060499668,0.9061177372932434,"Noteworthy Monday Option Activity: TGT, JBHT, NVDA"
2022-04-18,NVDA,-0.19378522038459778,0.16953933238983154,0.3633245527744293,0.46713611483573914,Will Nvidia Stock Hold Key Support As It Nears 2022 Low?
2022-04-18,NVDA,0.14113085716962814,0.15722735226154327,0.01609649509191513,0.8266761898994446,7 of the Top EV Stocks from the DRIV ETF
2022-04-16,NVDA,0.04151108302175999,0.06189366430044174,0.020382581278681755,0.9177237153053284,Best Semiconductor Stocks To Buy This Week? 3 To Know
2022-04-16,NVDA,0.03521103411912918,0.05721738934516907,0.022006355226039886,0.9207763075828552,3 Stocks I Bought This Week
2022-04-15,NVDA,0.08879327028989792,0.14973551034927368,0.06094224005937576,0.7893221974372864,2 Top Bargain Stocks Ready for Bull Runs
2022-04-14,NVDA,-0.8114612400531769,0.07989928126335144,0.8913605213165283,0.028740238398313522,Short Week Turns Rocky as Inflation Woes Ramp Up
2022-04-14,NVDA,-0.10017513483762741,0.10207570344209671,0.20225083827972412,0.6956734657287598,The Best (And Worst) Stocks for Rising Prices
2022-04-14,NVDA,-0.9345064545050263,0.011635384522378445,0.9461418390274048,0.04222271591424942,The Curious Reason Nvidia Stock Slumped on Thursday
2022-04-14,NVDA,0.03561868518590927,0.04922032728791237,0.013601642102003098,0.9371780157089233,"Goldman Sachs, Morgan Stanley to lead Intel's Mobileye IPO -sources"
2022-04-14,NVDA,0.5699072442948818,0.5875421166419983,0.01763487234711647,0.39482298493385315,The NVIDIA and GameStop have been highlighted as Zacks Bull and Bear of the Day
2022-04-13,NVDA,0.8948854506015778,0.9342122077941895,0.039326757192611694,0.026461083441972733,US STOCKS-Wall St ticks higher as recovery in growth stocks offsets mixed earnings
2022-04-13,NVDA,0.03163743019104004,0.05024479329586029,0.01860736310482025,0.9311478137969971,Should You Buy Alphabet Before the Stock Split?
2022-04-13,NVDA,0.10378723219037056,0.12761566042900085,0.023828428238630295,0.848555862903595,Why Nvidia Stock Defied Crypto Worries Today
2022-04-13,NVDA,0.8959403522312641,0.934023380279541,0.0380830280482769,0.02789354883134365,US STOCKS-Wall St rises as recovery in growth stocks offsets mixed earnings
2022-04-13,NVDA,0.06712003890424967,0.0818057581782341,0.014685719273984432,0.9035085439682007,What Makes Nvidia (NVDA) a New Strong Buy Stock
2022-04-12,NVDA,0.0066482797265052795,0.03259672224521637,0.02594844251871109,0.9414548277854919,"Top Research Reports for Apple, Berkshire Hathaway & JPMorgan Chase"
2022-04-12,NVDA,0.015336902812123299,0.034348491579294205,0.019011588767170906,0.946639895439148,NVDA September 2023 Options Begin Trading
2022-04-12,NVDA,0.09544289950281382,0.10529576987028122,0.009852870367467403,0.8848512768745422,Meta (FB) Tests Tools to Sell Digital Assets in Virtual Reality
2022-04-12,NVDA,0.02038545534014702,0.03620193526148796,0.015816479921340942,0.9479816555976868,"Pre-Market Most Active for Apr 12, 2022 : RLX, BDSX, AGLE, TQQQ, SQQQ, NVDA, T, QQQ, NIO, DB, DIDI, OXY"
2022-04-12,NVDA,0.5248784637078643,0.5353535413742065,0.010475077666342258,0.45417138934135437,1 Massive Green Flag for Nvidia's Future
2022-04-11,NVDA,0.054516199976205826,0.07881375402212143,0.024297554045915604,0.8968886733055115,Consumer Chip Demand Will Be Just Fine. Buy NVDA Stock on the Dip.
2022-04-11,NVDA,0.07263137213885784,0.09340594708919525,0.02077457495033741,0.8858194947242737,3 Tech Stocks to Buy That Are About to Bounce
2022-04-11,NVDA,-0.9446143247187138,0.01894458755850792,0.9635589122772217,0.017496511340141296,Nvidia Is Hurting as Ethereum Moves on From Crypto Mining
2022-04-11,NVDA,-0.9499294525012374,0.011720799840986729,0.9616502523422241,0.026628894731402397,US STOCKS-Wall Street slides as jumping Treasury yields pummel growth stocks
2022-04-11,NVDA,-0.9524086182937026,0.011418753303587437,0.96382737159729,0.024753889068961143,US STOCKS-Wall Street stumbles as surging Treasury yields slam growth stocks
2022-04-10,NVDA,0.04366910271346569,0.06429384648799896,0.020624743774533272,0.9150813817977905,3 Creativity Software Stocks to Buy Right Now
2022-04-10,NVDA,0.19239167124032974,0.21142791211605072,0.019036240875720978,0.7695358395576477,3 Unstoppable Growth Stocks to Buy for April (and Beyond)
2022-04-10,NVDA,0.21194322127848864,0.22241023182868958,0.01046701055020094,0.7671228051185608,3 Powerful Stocks That Can Beat Inflation
2022-04-09,NVDA,0.04669836536049843,0.06291935592889786,0.01622099056839943,0.920859694480896,300 Billion Reasons to Buy Nvidia Stock
2022-04-09,NVDA,0.057504269294440746,0.07018005102872849,0.012675781734287739,0.9171441793441772,2 Tech Stocks You Can Buy and Hold for the Next Decade
2022-04-09,NVDA,0.6288136765360832,0.7466849088668823,0.1178712323307991,0.13544383645057678,These Opportunities Could Make Nvidia Stock Soar
2022-04-08,NVDA,-0.9275736249983311,0.023629840463399887,0.951203465461731,0.025166766718029976,Stock Market Today: Tech Stocks Lag as Treasury Yields Keep Rising
2022-04-08,NVDA,-0.9494445594027638,0.012383433990180492,0.9618279933929443,0.02578861080110073,Why Nvidia Stock Continued to Slump on Friday
2022-04-08,NVDA,0.9237435311079025,0.9360639452934265,0.012320414185523987,0.05161573365330696,Artificial Intelligence Is Here; 2 ‘Strong Buy’ Stocks That Stand to Benefit
2022-04-08,NVDA,-0.8642777986824512,0.05130646750330925,0.9155842661857605,0.03310924768447876,"US STOCKS-Dow gains, S&P 500 ends lower as market weighs Fed rate hikes"
2022-04-08,NVDA,0.571056330576539,0.5823717713356018,0.011315440759062767,0.4063127338886261,Nvidia seeks approval to double authorized shares to 8 bln
2022-04-07,NVDA,-0.7142814323306084,0.04242856055498123,0.7567099928855896,0.20086143910884857,7 Beaten-Down Tech Stocks to Buy for the Long Term
2022-04-07,NVDA,0.09359619952738285,0.1065961942076683,0.012999994680285454,0.8804038166999817,"Top Research Reports for NVIDIA, Coca-Cola & Thermo Fisher"
2022-04-07,NVDA,-0.19011037796735764,0.057087622582912445,0.24719800055027008,0.6957143545150757,Nvidia (NVDA) Stock Sinks As Market Gains: What You Should Know
2022-04-07,NVDA,-0.9565546289086342,0.008640013635158539,0.9651946425437927,0.02616538293659687,Why AMD Shares Fell 11% Last Month
2022-04-07,NVDA,-0.8900003153830767,0.02848025970160961,0.9184805750846863,0.05303912237286568,"US STOCKS-Wall Street mixed, investors eye Fed and Ukraine"
2022-04-06,NVDA,0.8263796214014292,0.8442538976669312,0.017874276265501976,0.1378718763589859,NVDA Makes Notable Cross Below Critical Moving Average
2022-04-06,NVDA,0.7495794910937548,0.7771549224853516,0.027575431391596794,0.1952696442604065,4 Top-Ranked Semiconductor Stocks to Buy Amid Industry Growth
2022-04-06,NVDA,-0.923818651586771,0.014976318925619125,0.9387949705123901,0.046228740364313126,Why Nvidia Stock Is Falling Again Today
2022-04-06,NVDA,0.8428777493536472,0.882188081741333,0.039310332387685776,0.07850158959627151,"Nvidia: Trillion-Dollar Hopes Attainable, but Not So Soon"
2022-04-06,NVDA,-0.6503704655915499,0.029786480590701103,0.680156946182251,0.29005658626556396,Why Semiconductor Stocks Got Clobbered Today
2022-04-05,NVDA,0.09663202986121178,0.10787580907344818,0.011243779212236404,0.8808803558349609,It’s Time to Buy Nvidia Stock While It Remains Relatively Cheap
2022-04-05,NVDA,-0.9596005324274302,0.008184408769011497,0.9677849411964417,0.024030664935708046,"Why Nvidia, Skyworks, and Qualcomm Stocks Dropped on Tuesday"
2022-04-05,NVDA,-0.0025203805416822433,0.030658705160021782,0.033179085701704025,0.9361622333526611,"4 Top Stock Trades for Wednesday: Dogecoin, NVDA, TLRY, NVAX"
2022-04-05,NVDA,-0.042373523116111755,0.024122096598148346,0.0664956197142601,0.9093822836875916,"Top Stock Picks for Week of April 4, 2022"
2022-04-05,NVDA,-0.1496766172349453,0.02772492542862892,0.17740154266357422,0.7948735356330872,Don’t Let TWLO Stock Become Your Problem
2022-04-04,NVDA,0.04478268139064312,0.06997337937355042,0.025190697982907295,0.9048359394073486,Is Trending Stock NVIDIA Corporation (NVDA) a Buy Now?
2022-04-04,NVDA,-0.9538349462673068,0.013688688166439533,0.9675236344337463,0.018787696957588196,"Nvidia’s Auto Software Opportunity Is Underappreciated, Says Wells Fargo"
2022-04-04,NVDA,-0.3908359259366989,0.08721671998500824,0.47805264592170715,0.434730589389801,Why Nvidia Stock Popped on Monday
2022-04-04,NVDA,-0.0039877258241176605,0.024639034643769264,0.028626760467886925,0.9467342495918274,"After Hours Most Active for Apr 4, 2022 : INTC, ATVI, MSFT, AAPL, NVDA, ONB"
2022-04-04,NVDA,0.20174609869718552,0.21096789836883545,0.009221799671649933,0.7798103094100952,Metaverse ETFs Set for 'Exponential' Growth
2022-04-03,NVDA,0.012973174452781677,0.05521492660045624,0.04224175214767456,0.9025433659553528,Why Nvidia Investors Shouldn't Worry About Ethereum 2.0
2022-04-03,NVDA,0.02434898167848587,0.044836267828941345,0.020487286150455475,0.934676468372345,"Why You Shouldn't Invest $135,000 in Bitcoin, Nvidia, and Tesla"
2022-04-03,NVDA,0.05434597469866276,0.06920413672924042,0.01485816203057766,0.9159376621246338,My 3 Best Stock Split Growth Stocks to Buy Now and Hold Forever
2022-04-03,NVDA,0.043514907360076904,0.07542701810598373,0.03191211074590683,0.8926608562469482,Why Nvidia Should Raise Its Dividend
2022-04-02,NVDA,0.03487426973879337,0.05937599018216133,0.024501720443367958,0.916122317314148,Why Apple Is the Best Metaverse Stock
2022-04-02,NVDA,0.10819681081920862,0.11807341873645782,0.009876607917249203,0.8720499873161316,Why This ETF Is My Number One Recommendation for New Investors
2022-04-02,NVDA,-0.9357662769034505,0.01066685002297163,0.9464331269264221,0.042900070548057556,Could This Be More Bad News for AMD and Other Semiconductor Companies?
2022-04-01,NVDA,-0.9578451262786984,0.0075981272384524345,0.9654432535171509,0.02695867046713829,Why Nvidia Stock Dropped on Friday
2022-04-01,NVDA,-0.12439524382352829,0.04051195830106735,0.16490720212459564,0.79458087682724,Be Greedy When Experts Are Fearful of AMD Stock
2022-04-01,NVDA,0.006233084946870804,0.055776312947273254,0.04954322800040245,0.8946804404258728,Top 10 Stocks to Buy in April
2022-04-01,NVDA,-0.4442419782280922,0.12047495692968369,0.5647169351577759,0.3148081302642822,Meme stock GameStop jumps on stock split plans
2022-04-01,NVDA,0.03706428408622742,0.059314124286174774,0.022249840199947357,0.9184360504150391,3 Top Tech Stocks to Buy Right Now
2022-03-31,NVDA,0.07301668636500835,0.08728586137294769,0.014269175007939339,0.8984449505805969,3 Unstoppable Investments Everyone Needs in Their Portfolio
2022-03-31,NVDA,-0.004864480346441269,0.050303492695093155,0.055167973041534424,0.8945285677909851,Nvidia (NVDA) Stock Moves -1.46%: What You Should Know
2022-03-31,NVDA,0.020545417442917824,0.04072503373026848,0.020179616287350655,0.9390953183174133,NVDA May 13th Options Begin Trading
2022-03-31,NVDA,0.04655253328382969,0.0639130100607872,0.017360476776957512,0.9187265038490295,"Notable Thursday Option Activity: NVDA, PVH, HD"
2022-03-31,NVDA,0.16025142092257738,0.16943113505840302,0.009179714135825634,0.8213891983032227,2 Explosive Growth Stocks to Buy in 2022 and Beyond
2022-03-30,NVDA,-0.9329781187698245,0.015577350743114948,0.9485554695129395,0.035867270082235336,Why Nvidia Stock Slumped Today
2022-03-30,NVDA,0.13632228318601847,0.14908239245414734,0.012760109268128872,0.8381574749946594,This Top Computer and Technology Stock is a #1 (Strong Buy): Why It Should Be on Your Radar
2022-03-30,NVDA,0.15157715324312449,0.16145406663417816,0.009876913391053677,0.828669011592865,What Nvidia's Booming Growth Means for Intel
2022-03-30,NVDA,0.003140784800052643,0.0376199372112751,0.03447915241122246,0.9279008507728577,Why Nvidia's 2 Smallest Segments Are Its Most Exciting
2022-03-30,NVDA,0.015006113797426224,0.04373087361454964,0.028724759817123413,0.927544355392456,Split Decision? Here's Why Amazon Stock Is a Buy
2022-03-29,NVDA,-0.29483355209231377,0.05866490676999092,0.3534984588623047,0.5878366231918335,What Do Slowing GPU Demand Trends Spell for Nvidia Stock? Analyst Weighs In
2022-03-29,NVDA,0.8336018789559603,0.8450072407722473,0.01140536181628704,0.14358747005462646,Nvidia Is a Screaming Buy Following its Vibrant GTC Show
2022-03-29,NVDA,0.1901916265487671,0.2645895779132843,0.07439795136451721,0.6610124707221985,Why Nvidia Stock Jumped Today
2022-03-29,NVDA,-0.07023655250668526,0.03214346244931221,0.10238001495599747,0.8654765486717224,Why Nvidia Is a Buy-and-Forget Stock
2022-03-29,NVDA,-0.059287162497639656,0.025789616629481316,0.08507677912712097,0.8891335725784302,"Tech News: Coinbase's Global Expansion, Shopee Ending Operations, and More"
2022-03-28,NVDA,-0.23222684301435947,0.027672206982970238,0.2598990499973297,0.7124287486076355,Is It Too Late to Buy Nvidia Stock?
2022-03-28,NVDA,0.01252010092139244,0.04206875339150429,0.029548652470111847,0.9283825755119324,Why This Investor Is a Stock Market Optimist
2022-03-28,NVDA,0.010463174432516098,0.03400414064526558,0.02354096621274948,0.9424548745155334,Which Companies Are Investing in the Metaverse? 7 Stocks to Watch. 
2022-03-28,NVDA,-0.002769164741039276,0.04250709339976311,0.04527625814080238,0.9122166037559509,20 High-Volatility Stocks for the Market's Next Swing
2022-03-28,NVDA,0.04006589576601982,0.059100713580846786,0.019034817814826965,0.9218644499778748,The Best Metaverse Stocks to Consider Buying Now
2022-03-27,NVDA,0.03480013832449913,0.05361379683017731,0.018813658505678177,0.9275725483894348,3 Metaverse Stocks For Your Late March 2022 Watchlist
2022-03-27,NVDA,0.1718067154288292,0.24743585288524628,0.07562913745641708,0.6769349575042725,2 Top Tech Stocks Ready for a Bull Run
2022-03-26,NVDA,0.5704901143908501,0.6033043265342712,0.03281421214342117,0.3638814091682434,More Competition for Nvidia and AMD as Intel Releases Its New Product
2022-03-25,NVDA,-0.008479088544845581,0.024773072451353073,0.033252160996198654,0.9419746994972229,Interesting NVDA Put And Call Options For November 18th
2022-03-25,NVDA,0.31480734050273895,0.4637802243232727,0.14897288382053375,0.3872469365596771,3 Semiconductor Stocks Heating Up
2022-03-25,NVDA,-0.4080029986798763,0.022475872188806534,0.43047887086868286,0.5470452308654785,"NVIDIA GTC Blows Your Mind, Every Time"
2022-03-25,NVDA,0.7410058230161667,0.843835711479187,0.10282988846302032,0.053334444761276245,US STOCKS-S&P 500 ends higher with financials as Treasury yields jump
2022-03-25,NVDA,-0.9578451262786984,0.0075981272384524345,0.9654432535171509,0.02695867046713829,Why Nvidia Stock Dropped on Friday
2022-03-24,NVDA,0.8782376684248447,0.9215558767318726,0.04331820830702782,0.035125911235809326,"US STOCKS-Wall St ends higher, led by Nasdaq, gains in chipmakers"
2022-03-24,NVDA,0.7583922483026981,0.8166865110397339,0.05829426273703575,0.12501922249794006,"Intel: Short-Term Pains, Long-Term Gains"
2022-03-24,NVDA,0.061320021748542786,0.0743618756532669,0.013041853904724121,0.9125962853431702,Goldman Sachs poised to lead U.S. IPO of SoftBank's Arm -sources
2022-03-24,NVDA,0.8539226427674294,0.90351802110672,0.04959537833929062,0.04688660055398941,"US STOCKS-Wall St advances, led by Nasdaq, gains in chipmakers"
2022-03-24,NVDA,-0.005568202584981918,0.03656003624200821,0.04212823882699013,0.9213117361068726,Top Semiconductor Stocks To Watch Before April 2022
2022-03-23,NVDA,0.018060237169265747,0.04161566123366356,0.023555424064397812,0.9348289370536804,"4 Top Stock Trades for Thursday: AAPL, GLD, AMD, AMC"
2022-03-23,NVDA,-0.935794890858233,0.010872243903577328,0.9466671347618103,0.042460571974515915,Why Nvidia Stock Dropped Today
2022-03-23,NVDA,0.13046464882791042,0.14185558259487152,0.011390933766961098,0.8467534780502319,Nvidia CEO says interested in exploring chip manufacturing with Intel
2022-03-23,NVDA,0.04637494310736656,0.10479113459587097,0.05841619148850441,0.8367926478385925,3 Tech Stocks to Buy as Their Trends Reverse Higher
2022-03-23,NVDA,0.11071124114096165,0.13576732575893402,0.025056084617972374,0.839176595211029,Why Vicor Shares Powered Off Today
2022-03-22,NVDA,0.28319771960377693,0.294683575630188,0.011485856026411057,0.6938304901123047,"Nvidia unveils latest chips, technology to speed up AI computing"
2022-03-22,NVDA,0.06666528526693583,0.08010584115982056,0.013440555892884731,0.9064536094665527,2 Important Things Smart Investors Should Know About Micron
2022-03-22,NVDA,-0.0029755141586065292,0.026331469416618347,0.029306983575224876,0.9443615674972534,"The Zacks Analyst Blog Highlights Amazon, NVIDIA and JPMorgan Chase"
2022-03-21,NVDA,-0.012517081573605537,0.02811715193092823,0.04063423350453377,0.9312485456466675,"4 Top Stock Trades for Tuesday: Nasdaq, SHOP, NVDA, NKE"
2022-03-21,NVDA,-0.17855576612055302,0.021412691101431847,0.19996845722198486,0.7786188125610352,How China’s New Money-Printing Scheme Will Affect the Market This Week
2022-03-21,NVDA,0.03146556578576565,0.051830146461725235,0.020364580675959587,0.9278053045272827,"Top Analyst Reports for Amazon, NVIDIA & JPMorgan"
2022-03-21,NVDA,0.06728364154696465,0.07958317548036575,0.012299533933401108,0.9081172943115234,How to Build a Stock Portfolio for Beginners -- Why I Bought SentinelOne
2022-03-21,NVDA,0.037157345563173294,0.053745582699775696,0.0165882371366024,0.9296661019325256,"If You Invested $1000 in Nvidia 10 Years Ago, This Is How Much You'd Have Now"
2022-03-20,NVDA,-0.03237947076559067,0.09327628463506699,0.12565575540065765,0.7810680270195007,Just One More Reason to Be Bullish on Apple Stock
2022-03-19,NVDA,0.004972051829099655,0.030032282695174217,0.025060230866074562,0.9449074864387512,Nvidia Is on an Acquisition Shopping Spree
2022-03-19,NVDA,0.041631659492850304,0.06596948206424713,0.024337822571396828,0.909692645072937,12 Tech Stocks to Buy Now
2022-03-19,NVDA,0.2873480934649706,0.3043031096458435,0.016955016180872917,0.6787419319152832,Better Buy: Meta Platforms vs. Nvidia
2022-03-18,NVDA,0.028113266453146935,0.04668441042304039,0.018571143969893456,0.9347444772720337,"The Zacks Analyst Blog Highlights Apple, Marriott International, NVIDIA, Analog Devices, and Micron Technology"
2022-03-18,NVDA,0.119509257376194,0.15606911480426788,0.03655985742807388,0.8073709607124329,Friday's ETF with Unusual Volume: EFIV
2022-03-18,NVDA,-0.04890363849699497,0.023732846602797508,0.07263648509979248,0.9036306738853455,"S&P 500 Movers: FDX, MRNA"
2022-03-18,NVDA,0.0046672821044921875,0.03222186490893364,0.027554582804441452,0.9402235746383667,These 2 Nasdaq IPO Stocks in Full TGIF Mode
2022-03-18,NVDA,-0.45397037267684937,0.10093897581100464,0.554909348487854,0.34415164589881897,3 Growth Stocks with the Best Chance of Bottoming
2022-03-17,NVDA,0.22003474738448858,0.23410704731941223,0.014072299934923649,0.7518206834793091,We Did The Math WGRO Can Go To $27
2022-03-17,NVDA,0.07322241831570864,0.08792833983898163,0.014705921523272991,0.8973657488822937,The 10 Most Popular Recurring Investments of Retail Investors
2022-03-17,NVDA,0.020689506083726883,0.05292944610118866,0.03223994001746178,0.9148306250572205,Is Nvidia Stock a Buy Now?
2022-03-16,NVDA,0.9148833667859435,0.9250785112380981,0.010195144452154636,0.06472629308700562,"These 2 Artificial Intelligence Stocks Are Set for Strong Growth, Says Truist"
2022-03-16,NVDA,0.28261481039226055,0.309548556804657,0.02693374641239643,0.6635177135467529,7 Tech Stocks Hitching Their Wagon to Web 3.0
2022-03-16,NVDA,0.010896634310483932,0.03851539269089699,0.027618758380413055,0.9338658452033997,"4 Top Stock Trades for Thursday: BABA, JD, AMD, NVDA"
2022-03-16,NVDA,0.02069634571671486,0.04189790412783623,0.02120155841112137,0.9369004964828491,"Noteworthy Wednesday Option Activity: LMAT, NVDA, CNMD"
2022-03-16,NVDA,0.002786453813314438,0.026583019644021988,0.02379656583070755,0.9496204257011414,4 Semiconductor Stocks For Your March 2022 List
2022-03-15,NVDA,0.005738738924264908,0.04338271915912628,0.037643980234861374,0.9189733266830444,"Tuesday Sector Leaders: Technology & Communications, Services"
2022-03-15,NVDA,-0.020085375756025314,0.031524766236543655,0.05161014199256897,0.9168651103973389,Is Now the Time to Buy Nvidia Stock?
2022-03-15,NVDA,-0.7569517344236374,0.021341636776924133,0.7782933712005615,0.20036491751670837,Should Investors Worry About Nvidia's Latest Hack?
2022-03-15,NVDA,0.6565334089100361,0.6896985173225403,0.033165108412504196,0.2771363854408264,Why AMD Stock Rocketed Higher Today
2022-03-15,NVDA,0.7184303924441338,0.7608804702758789,0.04245007783174515,0.19666945934295654,Why Nvidia Stock Rocketed Higher Today
2022-03-14,NVDA,-0.9485068991780281,0.010826639831066132,0.9593335390090942,0.029839932918548584,Why Nvidia Stock Dropped Again Today
2022-03-14,NVDA,-0.9502286817878485,0.008157441392540932,0.9583861231803894,0.03345644474029541,UK technology firm Arm plans to cut 12-15% of workforce
2022-03-14,NVDA,0.15826359018683434,0.17228053510189056,0.014016944915056229,0.8137025237083435,"Noteworthy ETF Outflows: SOXX, NVDA, MRVL, MCHP"
2022-03-14,NVDA,0.6842075437307358,0.6961860060691833,0.01197846233844757,0.29183557629585266,5 of the Fastest-Growing Stocks on the Planet
2022-03-14,NVDA,0.056455192156136036,0.06736118346452713,0.010905991308391094,0.9217327833175659,Should You Invest in the VanEck Semiconductor ETF (SMH)?
2022-03-13,NVDA,0.03515956923365593,0.05736236646771431,0.02220279723405838,0.9204348921775818,Is Amazon Stock a Buy Now Before the 20-for-1 Stock Split?
2022-03-12,NVDA,0.05681074783205986,0.07242222130298615,0.015611473470926285,0.9119663238525391,Wall Street Loves These 3 Growth Stocks -- Should You?
2022-03-12,NVDA,0.1526055969297886,0.16515547037124634,0.012549873441457748,0.8222947120666504,2 Dividend-Paying Tech Stocks to Buy in March
2022-03-12,NVDA,0.10271644964814186,0.11952618509531021,0.01680973544716835,0.8636640906333923,3 Top Artificial Intelligence Stocks to Buy in March
2022-03-11,NVDA,0.731287119910121,0.759022057056427,0.027734937146306038,0.21324293315410614,Nvidia Stock Is a Buy After Its Recent Weakness
2022-03-11,NVDA,0.23494048323482275,0.24557965993881226,0.010639176703989506,0.7437811493873596,2 Red-Hot Growth Stocks to Buy in 2022 and Beyond
2022-03-11,NVDA,0.04735226649791002,0.06098879873752594,0.013636532239615917,0.9253746271133423,"Zacks Investment Ideas feature highlights: Apple, Advanced Micro Devices and Nvidia"
2022-03-11,NVDA,0.5935714822262526,0.6130955815315247,0.019524099305272102,0.367380291223526,Nordstrom and PayPal have been highlighted as Zacks Bull and Bear of the Day
2022-03-11,NVDA,0.8379323212429881,0.8461737632751465,0.008241442032158375,0.14558474719524384,This Semiconductor Market Will Boom by 2030
2022-03-10,NVDA,0.12031498551368713,0.28279417753219604,0.1624791920185089,0.5547266602516174,Advanced Micro Devices: The Snapback Rally Is On
2022-03-10,NVDA,0.012154418975114822,0.03875661641359329,0.02660219743847847,0.9346411228179932,Why Micron Technology Could Be the Nvidia of the 2020s
2022-03-10,NVDA,0.5190598573535681,0.5381585955619812,0.019098738208413124,0.44274264574050903,5 Must-Buy Semiconductor Bigwigs at Attractive Valuation
2022-03-10,NVDA,0.0014774464070796967,0.04176279157400131,0.040285345166921616,0.9179518818855286,GRAPHIC-Amazon latest megacap to join stock split squad
2022-03-10,NVDA,0.9342303639277816,0.949003279209137,0.014772915281355381,0.03622377663850784,Expect Renewed Strength In AAPL Stock After the Year’s First Apple Event
2022-03-09,NVDA,0.8025590851902962,0.8852101564407349,0.08265107125043869,0.03213881328701973,Technically Constructive: Higher Lows on Ukraine Talks
2022-03-09,NVDA,0.45382557809352875,0.6593989133834839,0.20557333528995514,0.13502773642539978,Stock Market Today: Tech Stocks Lead Relief Rally
2022-03-09,NVDA,0.0348084457218647,0.05186210945248604,0.017053663730621338,0.9310842156410217,"Notable Wednesday Option Activity: NVDA, MRNA, STX"
2022-03-09,NVDA,-0.5994271282106638,0.026078080758452415,0.6255052089691162,0.34841668605804443,Why Nvidia Stock Is on Fire Today
2022-03-09,NVDA,0.006805747747421265,0.03046002984046936,0.023654282093048096,0.9458856582641602,"The Zacks Analyst Blog Highlights Microsoft, Amazon.com, NVIDIA, AbbVie and HSBC Holdings"
2022-03-08,NVDA,0.11132736317813396,0.1352483481168747,0.02392098493874073,0.8408306837081909,Bear Of The Day: Wayfair (W)
2022-03-08,NVDA,0.0395418182015419,0.052265945822000504,0.012724127620458603,0.9350099563598633,"Zacks.com featured highlights include J.B. Hunt Transport Services, Archer-Daniels-Midland, NVIDIA, Tractor Supply and AmerisourceBergen"
2022-03-08,NVDA,0.017997190356254578,0.05535934492945671,0.03736215457320213,0.9072784781455994,5 Stocks to Get Your Feet Wet in Emerging AI
2022-03-08,NVDA,0.17432232107967138,0.18669509887695312,0.012372777797281742,0.8009321689605713,6 Semiconductor Stocks Worth Holding Long-Term
2022-03-08,NVDA,0.026628835126757622,0.05049198120832443,0.02386314608156681,0.9256449341773987,ETF Spotlight: International Women's Day Special
2022-03-07,NVDA,-0.027260780334472656,0.07519037276506424,0.1024511530995369,0.8223585486412048,"ANALYSIS-With war risk, unclear how much U.S. real-yield collapse will benefit stocks"
2022-03-07,NVDA,-0.12869436293840408,0.03558710962533951,0.1642814725637436,0.8001313805580139,Why Cybersecurity Stocks Are Soaring
2022-03-07,NVDA,-0.2854553908109665,0.02489452064037323,0.3103499114513397,0.6647555828094482,Intel's Mobileye confidentially files for U.S. IPO
2022-03-07,NVDA,0.09955143183469772,0.11073341965675354,0.011181987822055817,0.8780845999717712,Buying These 3 Robinhood Stocks Could Be the Smartest Investing Move You Ever Make
2022-03-07,NVDA,0.3808096442371607,0.3981470763683319,0.017337432131171227,0.5845155119895935,5 Dividend Growth Stocks for Safe and Consistent Income
2022-03-06,NVDA,0.04256385751068592,0.06626898795366287,0.02370513044297695,0.9100258946418762,Will Intel's Latest $5.4 Billion Acquisition Go Through?
2022-03-06,NVDA,0.1718214638531208,0.19300243258476257,0.02118096873164177,0.7858166098594666,2 Nasdaq 100 Stocks to Buy Hand Over Fist in March
2022-03-06,NVDA,-0.9143782090395689,0.024150686338543892,0.9385288953781128,0.03732039034366608,Wall St Week Ahead-Rate-hike fears abate but Ukraine muddies stock market outlook
2022-03-06,NVDA,0.737877607345581,0.8023795485496521,0.06450194120407104,0.13311846554279327,Better Buy: Nvidia vs. Intel
2022-03-06,NVDA,-0.941405201330781,0.009609853848814964,0.951015055179596,0.03937504440546036,Nvidia Is Crushing Records. So Why Is Its Stock Down?
2022-03-05,NVDA,0.16410033777356148,0.1761281043291092,0.012027766555547714,0.8118441104888916,3 Robinhood Stocks That Are Great Long-Term Picks
2022-03-04,NVDA,-0.9143782127648592,0.024150682613253593,0.9385288953781128,0.037320397794246674,Wall St Week Ahead-Rate-hike fears abate but Ukraine muddies stock market outlook
2022-03-04,NVDA,-0.8616428934037685,0.020922664552927017,0.8825655579566956,0.09651181101799011,Why Nvidia Lost More of Its Value Than the Broad Market Did on Friday
2022-03-04,NVDA,-0.9574100496247411,0.00902788620442152,0.9664379358291626,0.024534154683351517,US STOCKS-Wall Street falls as Ukraine fears eclipse solid jobs data
2022-03-04,NVDA,-0.9561745366081595,0.008807138539850712,0.9649816751480103,0.026211190968751907,US STOCKS-Wall Street drops as Ukraine worries eclipse strong jobs data
2022-03-04,NVDA,0.16286822222173214,0.18838724493980408,0.025519022718071938,0.7860937714576721,"Noteworthy ETF Outflows: IVV, GOOG, NVDA, FB"
2022-03-03,NVDA,-0.8692426085472107,0.04051172733306885,0.9097543358802795,0.0497339628636837,"US STOCKS-Wall Street mixed as growth stocks, Ukraine jitters weigh"
2022-03-03,NVDA,-0.9438555082306266,0.014268235303461552,0.9581237435340881,0.02760806865990162,US STOCKS-Growth stocks drag Wall St lower on inflation worries
2022-03-03,NVDA,-0.6906782388687134,0.02574974298477173,0.7164279818534851,0.25782230496406555,Should You Worry About the Nvidia Hack Hurting NVDA Stock?
2022-03-03,NVDA,0.07951611094176769,0.09307322651147842,0.013557115569710732,0.8933696746826172,4 Semiconductor Stocks With Huge Potential Not Named AMD or Nvidia
2022-03-03,NVDA,0.11659933719784021,0.12745235860347748,0.010853021405637264,0.8616945743560791,Why Now Could Be the Best Time to Buy Nvidia in Over a Year
2022-03-02,NVDA,-0.47916506230831146,0.08260418474674225,0.5617692470550537,0.35562658309936523,Why Nvidia Stock Popped Today
2022-03-02,NVDA,0.1304557342082262,0.1547844260931015,0.024328691884875298,0.8208869099617004,Cloud Gaming War Peps Up With Amazon's (AMZN) Luna Advances
2022-03-02,NVDA,-0.06248927861452103,0.1204400584101677,0.18292933702468872,0.696630597114563,A Deep Dive on PayPal
2022-03-02,NVDA,0.21763349510729313,0.23096753656864166,0.013334041461348534,0.7556983828544617,3 Smartest Tech Stocks To Buy in 2022 and Beyond
2022-03-02,NVDA,0.11312281060963869,0.12398675829172134,0.010863947682082653,0.8651493191719055,"5 Unstoppable Trends to Invest $10,000 in Right Now"
2022-03-01,NVDA,-0.048676006495952606,0.06632915884256363,0.11500516533851624,0.8186656832695007,The Peloton-Chipotle Comparison
2022-03-01,NVDA,0.05999103561043739,0.09560032933950424,0.03560929372906685,0.8687903881072998,How to Get Better Returns by Ditching the Crowd
2022-03-01,NVDA,0.07204304728657007,0.08517488092184067,0.013131833635270596,0.9016933441162109,The Best Robinhood Stocks to Buy Now for March 2022
2022-03-01,NVDA,-0.6064667515456676,0.017536479979753494,0.6240032315254211,0.3584602177143097,"Nvidia says employee, company information leaked online after cyber attack"
2022-02-28,NVDA,0.036876216530799866,0.05956443026661873,0.022688213735818863,0.9177473187446594,Why Nvidia Stock Should Remain on Investors’ Radars
2022-02-28,NVDA,0.06269013322889805,0.08133254200220108,0.018642408773303032,0.9000250697135925,"BRK.A, BRK.B: 17 Key Takeaways From Warren Buffett’s Annual Letter 2022"
2022-02-28,NVDA,-0.01345880888402462,0.019004130735993385,0.032462939620018005,0.9485329389572144,"Ex-Dividend Reminder: Qualcomm, NVIDIA and Shutterstock"
2022-02-28,NVDA,0.2906554099172354,0.3133595585823059,0.022704148665070534,0.6639363169670105,NVIDIA and Neurocrine Biosciences highlighted as Zacks Bull and Bear of the Day
2022-02-28,NVDA,0.7530526928603649,0.7621817588806152,0.00912906602025032,0.22868919372558594,Nvidia's Quarter Shows Why It's the Best Tech Stock to Beat Inflation
2022-02-27,NVDA,0.886675650253892,0.8973985314369202,0.010722881183028221,0.09187862277030945,Nvidia Just Proved Why It Could Be a Big Winner in 2022 and Beyond
2022-02-26,NVDA,0.0720427818596363,0.1065128892660141,0.03447010740637779,0.859017014503479,This Monster Metaverse Stock With Analyst-Predicted 48% Upside Is a Screaming Buy
2022-02-26,NVDA,0.035324716940522194,0.05030384659767151,0.014979129657149315,0.934717059135437,"Exactly How I'd Invest $50,000 for Retirement, Starting From Scratch"
2022-02-26,NVDA,-0.02008088305592537,0.037115391343832016,0.057196274399757385,0.9056884050369263,2 Top Semiconductor Stocks That Billionaires Can't Stop Buying
2022-02-26,NVDA,0.5735536171123385,0.5874238014221191,0.013870184309780598,0.39870598912239075,1 Unstoppable Advantage Retail Investors Have Over Institutions
2022-02-25,NVDA,0.04364577680826187,0.06383319199085236,0.020187415182590485,0.9159793853759766,Wait for Intel’s Turnaround to Really Take Hold Before Buying
2022-02-25,NVDA,-0.8888646569103003,0.012039819732308388,0.9009044766426086,0.08705561608076096,Chipmaker Nvidia investigating potential cyberattack - report
2022-02-25,NVDA,0.34264398738741875,0.37571951746940613,0.03307553008198738,0.5912049412727356,Nvidia (NVDA) Just Overtook the 200-Day Moving Average
2022-02-25,NVDA,0.037157297134399414,0.05374555289745331,0.016588255763053894,0.9296662211418152,"If You Invested $1000 in Nvidia 10 Years Ago, This Is How Much You'd Have Now"
2022-02-25,NVDA,0.05807790718972683,0.06877550482749939,0.01069759763777256,0.920526921749115,Should You Invest in the Technology Select Sector SPDR ETF (XLK)?
2022-02-24,NVDA,0.7099532671272755,0.7221687436103821,0.012215476483106613,0.2656158208847046,"Is Nvidia (NVDA) a Solid Growth Stock? 3 Reasons to Think "" Yes """
2022-02-24,NVDA,0.17670358158648014,0.19472627341747284,0.0180226918309927,0.7872509956359863,Nvidia’s Momentum Is Not Going To Slow
2022-02-24,NVDA,0.24879484623670578,0.30991169810295105,0.06111685186624527,0.6289713978767395,7 Stocks Making Major Metaverse Moves in 2022
2022-02-24,NVDA,0.9252057382836938,0.9352142214775085,0.010008483193814754,0.054777320474386215,7 Electric Vehicle Stocks With Strong Price Targets
2022-02-24,NVDA,0.1499407570809126,0.15942378342151642,0.009483026340603828,0.8310932517051697,New to Investing? This 1 Computer and Technology Stock Could Be the Perfect Starting Point
2022-02-23,NVDA,0.014990072697401047,0.043084967881441116,0.02809489518404007,0.9288201928138733,3 Top Stocks That Just Went on Sale
2022-02-23,NVDA,0.6412054486572742,0.6980851888656616,0.056879740208387375,0.2450350522994995,7 Semiconductor Stocks to Buy as Deals Shake Up the Industry
2022-02-23,NVDA,-0.944687444716692,0.009802024811506271,0.9544894695281982,0.035708483308553696,"Why Nvidia Stock Popped, Then Dropped on Wednesday"
2022-02-23,NVDA,0.003291904926300049,0.02926243655383587,0.02597053162753582,0.9447669982910156,"The Zacks Analyst Blog Highlights NVIDIA, Novartis AG, NextEra Energy, The Goldman Sachs Group and Amgen"
2022-02-23,NVDA,0.4692158792167902,0.48466965556144714,0.015453776344656944,0.4998765289783478,2 Semiconductor Growth Stocks Powering the Metaverse
2022-02-22,NVDA,0.01213378831744194,0.05974530428647995,0.04761151596903801,0.89264315366745,What's in Store for Nova Measuring Instruments (NVMI) Q4 Earnings?
2022-02-22,NVDA,0.045170899480581284,0.05958765372633934,0.014416754245758057,0.9259955883026123,2 Artificial Intelligence Stocks You Can Buy and Hold for the Next Decade
2022-02-22,NVDA,-0.4315878003835678,0.04985703527927399,0.4814448356628418,0.4686981439590454,Ukraine and Inflation Fight the Market
2022-02-22,NVDA,0.04969828575849533,0.07218292355537415,0.022484637796878815,0.9053325057029724,Why Advanced Micro Devices Stock Just Popped
2022-02-22,NVDA,-0.07726479321718216,0.04337728023529053,0.12064207345247269,0.8359806537628174,Perficient (PRFT) to Report Q4 Earnings: What's in Store?
2022-02-21,NVDA,0.02021031826734543,0.043743401765823364,0.023533083498477936,0.9327234625816345,2 Metaverse Stocks to Buy Right Now
2022-02-21,NVDA,0.9253718564286828,0.9358153939247131,0.01044353749603033,0.053741149604320526,Can Nvidia (NVDA) Climb 29% to Reach the Level Wall Street Analysts Expect?
2022-02-21,NVDA,0.015538964420557022,0.035462141036987305,0.019923176616430283,0.9446146488189697,See Which Of The Latest 13F Filers Holds NVIDIA
2022-02-21,NVDA,0.06356617249548435,0.08742784708738327,0.023861674591898918,0.8887104392051697,7 Momentum Stocks to Buy While the Market Corrects
2022-02-20,NVDA,0.08190353494137526,0.09434688091278076,0.012443345971405506,0.8932097554206848,3 Unstoppable Metaverse Stocks to Buy in 2022
2022-02-20,NVDA,0.0933550950139761,0.10444491356611252,0.011089818552136421,0.884465217590332,Aiming for a 100-Bagger? This Stock Has the Potential
2022-02-19,NVDA,0.10992749501019716,0.1252165138721466,0.015289018861949444,0.8594945073127747,6 Anti-Trust Laws That Smart Investors Should Be Watching
2022-02-18,NVDA,0.42092152312397957,0.4697498679161072,0.04882834479212761,0.4814218282699585,Intel's new chip plans could turn rival AMD's fortunes- analysts
2022-02-18,NVDA,0.4435049216262996,0.4508601129055023,0.0073551912792027,0.5417847633361816,3 Stocks To Tap The Semiconductor-General Industry Potential
2022-02-18,NVDA,0.06601305305957794,0.08224667608737946,0.016233623027801514,0.9015196561813354,3 Discounted Microchip Stocks to Buy Now
2022-02-18,NVDA,0.002595076337456703,0.0336272269487381,0.031032150611281395,0.9353406429290771,"The Zacks Analyst Blog Highlights: NVIDIA, Walmart, Dropbox, Shake Shack and Roku"
2022-02-18,NVDA,-0.009217396378517151,0.03491156920790672,0.044128965586423874,0.92095947265625,Nvidia Isn't Just Playing Games Anymore
2022-02-17,NVDA,0.7397890370339155,0.7514356374740601,0.011646600440144539,0.23691783845424652,2 Unstoppable Growth-Oriented ETFs To Hold for the Long Haul
2022-02-17,NVDA,0.892192117869854,0.9335010051727295,0.04130888730287552,0.025190118700265884,"NVIDIA (NVDA) Q4 Earnings Beat Estimates, Revenues Surge Y/Y"
2022-02-17,NVDA,-0.17987309396266937,0.0360591858625412,0.21593227982521057,0.7480085492134094,Rivian Stock News: Why Is RIVN Going Up Today?
2022-02-17,NVDA,-0.8388883583247662,0.03876911476254463,0.8776574730873108,0.08357344567775726,Risk-off trade hits Wall St as Ukraine tensions heighten
2022-02-17,NVDA,-0.35217965953052044,0.02309178002178669,0.37527143955230713,0.6016367673873901,"Thursday Sector Laggards: Technology & Communications, Financial"
2022-02-16,NVDA,0.09555160813033581,0.11290734261274338,0.01735573448240757,0.869736909866333,7 Best Stocks to Buy During an Interest-Rate Driven Market Crash
2022-02-16,NVDA,0.7844492346048355,0.8098365068435669,0.025387272238731384,0.1647762507200241,"Mixed Trading Day on Fed Minutes, Ukraine; NVDA Beats, DASH Way Up"
2022-02-16,NVDA,0.9061785265803337,0.9423118233680725,0.0361332967877388,0.02155490405857563,Nvidia (NVDA) Q4 Earnings and Revenues Surpass Estimates
2022-02-16,NVDA,0.8874190673232079,0.9294882416725159,0.042069174349308014,0.028442608192563057,"NVIDIA Corporation Q4 Profit Increases, beats estimates"
2022-02-16,NVDA,0.0054716505110263824,0.028669442981481552,0.02319779247045517,0.9481326937675476,"After Hours Most Active for Feb 16, 2022 : BABA, ZNGA, NVDA, DASH, PM, TWTR, LUMN, AAPL, V, CSCO, AMD, MSFT"
2022-02-15,NVDA,-0.05588224530220032,0.14219021797180176,0.19807246327400208,0.6597372889518738,Why Nvidia Stock Popped Ahead of Earnings
2022-02-15,NVDA,0.14682818204164505,0.20930394530296326,0.06247576326131821,0.7282202839851379,"Markets Close at Pre-Market Highs; Airbnb Beats, RBLX & VIAC Miss"
2022-02-15,NVDA,0.009525595232844353,0.037728868424892426,0.028203273192048073,0.9340679049491882,"4 Top Stock Trades for Wednesday: NVDA, SPCE, ABNB, ZTS"
2022-02-15,NVDA,-0.921139620244503,0.0248626247048378,0.9460022449493408,0.029135016724467278,Stock Market Today: Stocks Sizzle on Russian Troop Withdrawal Reports
2022-02-15,NVDA,0.5812644250690937,0.6351805329322815,0.05391610786318779,0.3109034299850464,EXCLUSIVE-U.S. oil producer EP Energy seeks to save deal from regulator -sources
2022-02-14,NVDA,-0.9317828798666596,0.01271661277860403,0.9444994926452637,0.04278396815061569,U.S. stocks slide as Russia-Ukraine tensions come to boil
2022-02-14,NVDA,-0.9456972870975733,0.015565833076834679,0.961263120174408,0.02317095920443535,US STOCKS-The S&P 500 closes lower as Russia-Ukraine tensions heat up
2022-02-14,NVDA,0.8683670032769442,0.898622453212738,0.030255449935793877,0.07112205773591995,Nvidia Traders Should Prepare for Strong Quarterly Results
2022-02-14,NVDA,-0.7289108410477638,0.11994703859090805,0.8488578796386719,0.031195081770420074,"US STOCKS-Wall St mixed amid rate fears, slight easing in Ukraine tensions"
2022-02-14,NVDA,-0.9488020893186331,0.010500574484467506,0.9593026638031006,0.030196797102689743,The S&P 500 ends down as Russia-Ukraine tensions heat up
2022-02-13,NVDA,0.13787570968270302,0.15151160955429077,0.013635899871587753,0.8348525166511536,2 Dividend-Paying Tech Stocks to Buy in February
2022-02-13,NVDA,0.015717994421720505,0.03907505050301552,0.023357056081295013,0.9375678300857544,"Weekly Preview: Earnings to Watch (BABA, CSCO, NVDA, ROKU)"
2022-02-13,NVDA,-0.0019392631947994232,0.031774505972862244,0.03371376916766167,0.9345117211341858,3 Things to Watch in the Stock Market This Week
2022-02-12,NVDA,0.05222957953810692,0.06547387689352036,0.013244297355413437,0.9212818145751953,Here Are Some Profitable Growth Stocks to Put on Your Radar
2022-02-12,NVDA,0.0411713644862175,0.06059569492936134,0.019424330443143845,0.9199799299240112,3 Reasons Nvidia's $40 Billion Bid for Arm Holdings Failed
2022-02-12,NVDA,-0.0058249011635780334,0.03177543729543686,0.03760033845901489,0.93062424659729,Should You Buy Alphabet Now or Wait Until After the Stock Split?
2022-02-12,NVDA,-0.8943947292864323,0.012136366218328476,0.9065310955047607,0.08133253455162048,Why AMD and Nvidia Were Down on Friday
2022-02-11,NVDA,0.15669256169348955,0.17089030146598816,0.014197739772498608,0.8149120211601257,Intel launches blockchain chip to tap crypto boom
2022-02-11,NVDA,-0.960365760140121,0.00955666322261095,0.9699224233627319,0.020520949736237526,US STOCKS-Wall Street ends down sharply on fears of Ukraine conflict
2022-02-11,NVDA,0.013961894437670708,0.03958212956786156,0.02562023513019085,0.9347975850105286,"Noteworthy Friday Option Activity: TWLO, SAGE, NVDA"
2022-02-11,NVDA,-0.9496616832911968,0.011886287480592728,0.9615479707717896,0.0265656691044569,"US STOCKS-Wall Street drops on rate fears, Ukraine tension"
2022-02-11,NVDA,0.9199970327317715,0.942197322845459,0.022200290113687515,0.03560244292020798,7 Tech Stocks Set for Strong Gains in February
2022-02-10,NVDA,-0.00544271245598793,0.02495567314326763,0.030398385599255562,0.9446459412574768,Interesting NVDA Put And Call Options For April 1st
2022-02-10,NVDA,-0.9511787313967943,0.01082300953567028,0.9620017409324646,0.02717522531747818,US STOCKS-Wall Street falls as hot inflation turns Fed official 'dramatically' hawkish
2022-02-10,NVDA,-0.9593928288668394,0.010534899309277534,0.9699277281761169,0.019537342712283134,US STOCKS-Wall Street ends down sharply on fears of aggressive Fed rate hikes
2022-02-10,NVDA,0.01520518958568573,0.043856482952833176,0.028651293367147446,0.9274922609329224,Is Nvidia Stock a Buy Ahead of Earnings? This Is What You Need to Know
2022-02-10,NVDA,-0.013460297137498856,0.03223913908004761,0.04569943621754646,0.9220614433288574,Akamai (AKAM) to Report Q4 Earnings: What's in the Cards?
2022-02-09,NVDA,-0.4952825494110584,0.050995271652936935,0.5462778210639954,0.4027269780635834,Nvidia Will Crush Its Fourth Quarter Earnings So Buy NVDA Stock
2022-02-09,NVDA,0.19093543477356434,0.20720620453357697,0.016270769760012627,0.7765229940414429,Nvidia (NVDA) Earnings Expected to Grow: Should You Buy?
2022-02-09,NVDA,0.9027865640819073,0.9392390847206116,0.0364525206387043,0.024308383464813232,"GLOBAL MARKETS-Global stocks rise on strong earnings, tech sector strength"
2022-02-09,NVDA,0.002509128302335739,0.03988781198859215,0.03737868368625641,0.9227334856987,"4 Top Stock Trades for Thursday: S&P 500, NVDA, DIS, TWLO"
2022-02-09,NVDA,0.7323969379067421,0.824558675289154,0.09216173738241196,0.0832795724272728,"Stock Market Today: Nasdaq Recovery Continues as Comms, Tech Rebound"
2022-02-08,NVDA,-0.9268640484660864,0.019383886829018593,0.946247935295105,0.03436809778213501,ANALYSIS-SoftBank's choice of New York for Arm listing deals a blow to London
2022-02-08,NVDA,0.1707291640341282,0.1831345111131668,0.01240534707903862,0.8044601678848267,Why Micron Stock Is a Definite Buy on Weakness
2022-02-08,NVDA,-0.0484141930937767,0.027625806629657745,0.07603999972343445,0.896334171295166,What to Expect Ahead of CDW Corporation's (CDW) Q4 Earnings?
2022-02-08,NVDA,-0.875309843569994,0.0473393015563488,0.9226491451263428,0.030011506751179695,"GLOBAL MARKETS-Wall Street rallies on tech boost, European shares end flat"
2022-02-08,NVDA,0.058071451261639595,0.06893625110387802,0.010864799842238426,0.920198917388916,Top Stocks To Invest In? 5 Autonomous Vehicle Stocks In Focus￼
2022-02-07,NVDA,-0.015185687690973282,0.03318997099995613,0.04837565869092941,0.9184343218803406,3 Stocks to Buy if They Take a Dip
2022-02-07,NVDA,0.10455738380551338,0.1582358479499817,0.05367846414446831,0.7880856990814209,Nvidia (NVDA) Gains As Market Dips: What You Should Know
2022-02-07,NVDA,-0.28652215749025345,0.025810621678829193,0.31233277916908264,0.6618565917015076,Nvidia Reportedly Abandons Acquisition Of Arm From SoftBank
2022-02-07,NVDA,-0.6716856211423874,0.067243292927742,0.7389289140701294,0.19382771849632263,Failed deals illuminate chip M&A red lines
2022-02-07,NVDA,-0.9493754636496305,0.01369236595928669,0.9630678296089172,0.02323976904153824,US STOCKS-Wall Street ends lower as Meta Platforms weighs
2022-02-06,NVDA,0.007633291184902191,0.07197775691747665,0.06434446573257446,0.8636777400970459,Wall St Week Ahead-Inflation data next focus for investors after bond yield spike
2022-02-06,NVDA,0.08964463602751493,0.10123816877603531,0.011593532748520374,0.8871683478355408,3 Unstoppable Stocks to Buy No Matter What Happens in 2022
2022-02-05,NVDA,0.06295155081897974,0.07787693291902542,0.014925382100045681,0.9071976542472839,These 3 Stocks Could 10x Your Money by 2035
2022-02-04,NVDA,0.029467249289155006,0.05553988367319107,0.026072634384036064,0.9183874726295471,Be Choosy In Tech Investing: ETFs to Buy/Sell
2022-02-04,NVDA,0.007633291184902191,0.07197775691747665,0.06434446573257446,0.8636777400970459,Wall St Week Ahead-Inflation data next focus for investors after bond yield spike
2022-02-04,NVDA,-0.288522332906723,0.089326411485672,0.377848744392395,0.5328248739242554,Why Nvidia Stock Popped on Friday
2022-02-04,NVDA,-0.06618636101484299,0.021901942789554596,0.08808830380439758,0.8900097608566284,Look for Your Buy Point and Pounce on Nvidia Stock
2022-02-04,NVDA,0.03327931463718414,0.04928886517882347,0.016009550541639328,0.9347015619277954,"XLK, NVDA, IBM, XLNX: ETF Outflow Alert"
2022-02-03,NVDA,-0.004299646243453026,0.027103295549750328,0.031402941793203354,0.941493809223175,"Top Stock Reports for NVIDIA, UPS & Intuit"
2022-02-03,NVDA,-0.6531453691422939,0.047190967947244644,0.7003363370895386,0.25247272849082947,PREVIEW-Storm clouds gather at SoftBank Group as valuations slide
2022-02-03,NVDA,0.03740888275206089,0.05406465753912926,0.016655774787068367,0.929279625415802,Best Stocks To Invest In Right Now? 3 Information Tech Stocks To Know
2022-02-03,NVDA,-0.9607245028018951,0.007687360048294067,0.9684118628501892,0.02390073798596859,Why Nvidia Stock Dropped Again on Thursday
2022-02-03,NVDA,0.3103848695755005,0.5167446136474609,0.20635974407196045,0.2768956422805786,7 Stocks to Buy as the Market Shakes Off Omicron Fears 
2022-02-02,NVDA,7.91996717453003e-06,0.034369103610515594,0.034361183643341064,0.9312697649002075,Top 10 Stocks to Buy in February 2022
2022-02-02,NVDA,0.06258680485188961,0.08043646067380905,0.01784965582191944,0.9017138481140137,7 Web 3.0 Plays That Could Be the Best Plays You Ever Make
2022-02-02,NVDA,0.7749269343912601,0.7992509603500366,0.024324025958776474,0.17642498016357422,"US STOCKS-Wall St set for fourth day of gains on Alphabet, AMD results"
2022-02-02,NVDA,0.8212379212491214,0.8283067345619202,0.0070688133127987385,0.16462442278862,Intel Stock Is Now a Compelling Long-Term Investment
2022-02-02,NVDA,0.1710062399506569,0.20594286918640137,0.034936629235744476,0.759120523929596,Wednesday's ETF with Unusual Volume: SUSL
2022-02-01,NVDA,0.3997461199760437,0.5908082723617554,0.19106215238571167,0.21812957525253296,AMD forecasts FY22 revenue above estimates
2022-02-01,NVDA,0.03715013712644577,0.06238925829529762,0.025239121168851852,0.9123715758323669,Buy The Chip Dip!
2022-02-01,NVDA,0.5631924439221621,0.5934925079345703,0.030300064012408257,0.3762074410915375,"AMD forecasts annual revenue above estimates, shares surge"
2022-02-01,NVDA,0.26423939038068056,0.27648940682411194,0.012250016443431377,0.7112604975700378,Grab These Top-Ranked Tech ETFs to Join the Latest Rebound Rally
2022-02-01,NVDA,0.09582710824906826,0.12521490454673767,0.02938779629766941,0.8453973531723022,Intel’s Government-Fueled Comeback
2022-01-31,NVDA,-0.829898327589035,0.0724821388721466,0.9023804664611816,0.025137439370155334,Markets Close a Lousy Month on a Big Upswing
2022-01-31,NVDA,0.04678271524608135,0.06808259338140488,0.021299878135323524,0.9106175303459167,Could BBY Stock Be the Next Big Metaverse Bet? One Analyst Thinks So.
2022-01-31,NVDA,-0.12294137477874756,0.37646573781967163,0.4994071125984192,0.12412711977958679,Why Nvidia Stock Popped 3.5% Today
2022-01-31,NVDA,0.02482033707201481,0.0451839342713356,0.020363597199320793,0.934452474117279,"If You Invested $10,000 in Nvidia in 1999, This Is How Much You Would Have Today"
2022-01-31,NVDA,0.04127114452421665,0.05849352478981018,0.01722238026559353,0.924284040927887,3 Metaverse Stocks to Buy Now That Aren't Ridiculously Expensive
2022-01-30,NVDA,0.05015269108116627,0.06892424821853638,0.01877155713737011,0.9123042225837708,Will Nvidia's Software Power Self-Driving Cars?
2022-01-30,NVDA,0.06689381506294012,0.07720491290092468,0.010311097837984562,0.9124840497970581,Here's How Nvidia Will Power Automotive Giants
2022-01-29,NVDA,0.49847176671028137,0.5515363812446594,0.05306461453437805,0.3953990340232849,Better Buy: Nvidia vs. AMD
2022-01-29,NVDA,0.019528791308403015,0.04340658336877823,0.023877792060375214,0.9327155947685242,Best Dividend Stocks To Buy Now? 3 For Your List
2022-01-29,NVDA,0.0943723525851965,0.11757469177246094,0.023202339187264442,0.8592230081558228,Why Taiwan Semiconductor Is Stepping Up Its Investments
2022-01-29,NVDA,0.10896479152143002,0.12099035829305649,0.012025566771626472,0.8669840097427368,My 2 Best Semiconductor Growth Stocks to Buy and Hold Forever
2022-01-29,NVDA,0.06463304627686739,0.07622077316045761,0.011587726883590221,0.9121915102005005,3 Autonomous Driving Technologies Investors Must Know About in 2022
2022-01-28,NVDA,0.9314925530925393,0.9452986121177673,0.013806059025228024,0.04089543595910072,Better Chip Stock: ASML vs. Nvidia
2022-01-28,NVDA,-0.47916506230831146,0.08260418474674225,0.5617692470550537,0.35562658309936523,Why Nvidia Stock Popped Today
2022-01-28,NVDA,0.04648103937506676,0.06249837204813957,0.016017332673072815,0.9214842915534973,Is It Finally Time to Buy Intel Stock?
2022-01-28,NVDA,0.12131340382620692,0.1284940242767334,0.007180620450526476,0.8643254041671753,Mercury (MRCY) Offers US & Allies RF Microelectronics Solutions
2022-01-28,NVDA,-0.7890937626361847,0.07048186659812927,0.859575629234314,0.06994252651929855,"Nvidia Stock Is Crashing, and That's Great News for Growth Investors"
2022-01-27,NVDA,0.6040253899991512,0.6344329714775085,0.030407581478357315,0.33515939116477966,7 High Growth Stocks to Buy Despite Rising Interest Rates
2022-01-27,NVDA,0.0036946069449186325,0.03431769460439682,0.030623087659478188,0.9350592494010925,"Noteworthy Thursday Option Activity: TGTX, NVDA, AMD"
2022-01-27,NVDA,-0.00030086375772953033,0.027841970324516296,0.028142834082245827,0.9440152049064636,"The Zacks Analyst Blog Highlights: NVIDIA Corp, Qualcomm, Broadcom, Advanced Micro Devices and Analog Devices"
2022-01-27,NVDA,-0.948506910353899,0.010826628655195236,0.9593335390090942,0.029839932918548584,Why Nvidia Stock Dropped Again Today
2022-01-27,NVDA,0.014166846871376038,0.038244619965553284,0.024077773094177246,0.9376775622367859,7 Metaverse Stocks That Future-Thinking Investors Need to Know About
2022-01-26,NVDA,0.11532505601644516,0.1362493932247162,0.020924337208271027,0.8428263068199158,Lessons from 7 Years of Stock Investing
2022-01-26,NVDA,-0.016176003962755203,0.041272904723882675,0.05744890868663788,0.9012781977653503,Is Nvidia Stock a Buy Without ARM?
2022-01-26,NVDA,0.1110575096681714,0.1219862774014473,0.01092876773327589,0.8670849204063416,Why Now Might Be the Right Time to Buy Advanced Micro Devices Stock
2022-01-26,NVDA,-0.5476489365100861,0.018820375204086304,0.5664693117141724,0.41471031308174133,"As Crypto Crashes, It Will Take Nvidia Stock Down With It"
2022-01-26,NVDA,-0.3723817318677902,0.03801296651363373,0.41039469838142395,0.5515923500061035,Intel first-quarter earnings forecast miss Street view
2022-01-25,NVDA,-0.9630907932296395,0.008374436758458614,0.9714652299880981,0.020160403102636337,Stock Market Today: Stocks End Down on Another Roller-Coaster Day
2022-01-25,NVDA,-0.0677636731415987,0.027724308893084526,0.09548798203468323,0.8767876625061035,Defense deal crackdown is a bipartisan affair
2022-01-25,NVDA,-0.30890852585434914,0.0210532508790493,0.32996177673339844,0.6489850282669067,NVDA Stock Price Predictions: Where Will Nvidia Go If It Abandons Arm?
2022-01-25,NVDA,-0.9231845252215862,0.016754496842622757,0.939939022064209,0.043306492269039154,Tech stocks drag Japan's Nikkei to 13-month low ahead of Fed decision
2022-01-25,NVDA,-0.013386249542236328,0.07749860733747482,0.09088485687971115,0.8316165208816528,Texas Instruments (TXN) Q4 Earnings and Revenues Top Estimates
2022-01-24,NVDA,0.5954657895490527,0.6105091571807861,0.015043367631733418,0.3744475543498993,Is iShares Semiconductor ETF (SOXX) a Strong ETF Right Now?
2022-01-24,NVDA,0.07776645291596651,0.09160209447145462,0.01383564155548811,0.8945622444152832,Is Taiwan Semiconductor the Most Important Company on Earth?
2022-01-24,NVDA,-0.19011149555444717,0.05708756297826767,0.24719905853271484,0.6957134008407593,Nvidia (NVDA) Stock Sinks As Market Gains: What You Should Know
2022-01-24,NVDA,0.00964539684355259,0.0319698341190815,0.022324437275528908,0.9457057118415833,Investment Opportunity Breakdown: Semiconductor Stocks
2022-01-24,NVDA,-0.9119916055351496,0.02358882687985897,0.9355804324150085,0.040830738842487335,Nvidia Stock’s Decline Is a Brief Window of Opportunity
2022-01-22,NVDA,0.011940382421016693,0.03218115121126175,0.020240768790245056,0.9475780129432678,Could 1 of These Be the Next Trillion-Dollar Company?
2022-01-22,NVDA,0.13056609872728586,0.14249257743358612,0.011926478706300259,0.8455809950828552,Why Nvidia Is a Top Gaming Stock
2022-01-21,NVDA,-0.9451087238267064,0.008897173218429089,0.9540058970451355,0.03709699958562851,Why Nvidia Stock Fell on Friday
2022-01-21,NVDA,-0.9590876819565892,0.011395501904189587,0.9704831838607788,0.01812131330370903,NVIDIA Enters Oversold Territory
2022-01-21,NVDA,-0.24276656657457352,0.04581218212842941,0.28857874870300293,0.6656090021133423,7 Beaten-Down Semiconductor Stocks for Your Bargain-Buy List
2022-01-21,NVDA,-0.8295849151909351,0.02917347475886345,0.8587583899497986,0.11206808686256409,"Chip Stocks: Why NVDA, AMAT, AMD and MU Are Moving Lower Today"
2022-01-21,NVDA,0.008722374215722084,0.03858043625950813,0.02985806204378605,0.9315615296363831,3 Growth Stocks That Are Screaming Buys in January
2022-01-20,NVDA,-0.8126310557126999,0.02047736942768097,0.8331084251403809,0.1464141607284546,"Why Nvidia Stock Popped, Then Dropped, Today"
2022-01-20,NVDA,-0.0014872588217258453,0.029451971873641014,0.03093923069536686,0.9396088719367981,"Top Stock Reports for NVIDIA, Chevron & Accenture"
2022-01-20,NVDA,0.6199198421090841,0.6300880312919617,0.01016818918287754,0.35974377393722534,3 Reasons Why Decentraland Will Continue to Do Well in 2022
2022-01-20,NVDA,0.17180674523115158,0.24743574857711792,0.07562900334596634,0.6769352555274963,2 Top Tech Stocks Ready for a Bull Run
2022-01-20,NVDA,0.21779024600982666,0.5632582902908325,0.34546804428100586,0.09127364307641983,U.S. stock futures rise on earnings after Nasdaq enters correction territory
2022-01-19,NVDA,0.0196131132543087,0.04069036990404129,0.02107725664973259,0.9382323622703552,"With Bitcoin At $43,000, Check Out These Crypto Stocks"
2022-01-19,NVDA,0.11433898471295834,0.1284499168395996,0.014110932126641273,0.8574391007423401,Watch for a Buy Point in Advanced Micro Devices
2022-01-19,NVDA,0.058733606711030006,0.069667749106884,0.010934142395853996,0.9193981289863586,Nvidia Stock Is an Investment in the Multi-Trillion Dollar Metaverse
2022-01-19,NVDA,0.305162250995636,0.6183441877365112,0.31318193674087524,0.0684739425778389,"US STOCKS-S&P 500, Dow up on earnings lift, Nasdaq off session low"
2022-01-19,NVDA,0.15206182934343815,0.16078437864780426,0.008722549304366112,0.8304930925369263,7 Stocks That Could Join Apple in the $3 Trillion-Dollar Club by 2030
2022-01-18,NVDA,0.7902593817561865,0.7975762486457825,0.007316866889595985,0.1951068639755249,FOCUS-Cadence Design Systems aims to cash in on new custom-chip era
2022-01-18,NVDA,0.7496576607227325,0.7987728118896484,0.049115151166915894,0.15211202204227448,3 Reasons Nvidia Stock Could Surge to $400 in 2022
2022-01-18,NVDA,-0.9415707429870963,0.011040166951715946,0.9526109099388123,0.036348868161439896,"Tech Stocks Alert: Why TSLA, NVDA, FB, AMZN, UBER Stocks Are Down Today"
2022-01-18,NVDA,-0.4716187119483948,0.24622589349746704,0.7178446054458618,0.035929471254348755,Heavy Selling: Indexes Toward Correction Levels
2022-01-18,NVDA,0.8834957666695118,0.9266590476036072,0.04316328093409538,0.030177658423781395,4 Semiconductor Stocks to Snap Up on Solid Sales Projection
2022-01-17,NVDA,0.006978452205657959,0.03988988697528839,0.03291143476963043,0.9271986484527588,3 Gaming Stocks To Watch For January 2022
2022-01-17,NVDA,0.029963145032525063,0.04886409640312195,0.018900951370596886,0.9322349429130554,7 Long-Term Stocks to Buy and Hold Until 2030
2022-01-17,NVDA,-0.18081634491682053,0.03383242338895798,0.2146487683057785,0.7515188455581665,How Will Rising Inflation and Interest Rates Affect Your Stock Portfolio?
2022-01-17,NVDA,0.009541362524032593,0.03790925070643425,0.028367888182401657,0.9337228536605835,3 Stocks I'm Buying During a Tech Stock Correction
2022-01-16,NVDA,0.8377968743443489,0.9020201563835144,0.0642232820391655,0.03375649452209473,Wall St Week Ahead-Earnings to test growth stocks after rocky start to year
2022-01-16,NVDA,0.13506115693598986,0.14530718326568604,0.010246026329696178,0.8444468379020691,Could Nvidia Be a Great Stock to Buy in 2022?
2022-01-16,NVDA,0.19145054556429386,0.20088112354278564,0.009430577978491783,0.7896883487701416,3 Stocks That Could Produce 10X Returns By 2037
2022-01-15,NVDA,-0.04492869786918163,0.027275534346699715,0.07220423221588135,0.9005202054977417,Should You Invest in the Metaverse or Is This an Overhyped Buzzword to Avoid?
2022-01-15,NVDA,0.08882478810846806,0.10654155164957047,0.01771676354110241,0.875741720199585,3 Top Artificial Intelligence Stocks to Buy in January
2022-01-14,NVDA,-0.19107133150100708,0.34030699729919434,0.5313783288002014,0.12831462919712067,Why Nvidia Stock Blipped Higher Today
2022-01-14,NVDA,0.9114381726831198,0.9202280044555664,0.008789831772446632,0.07098221033811569,Block (SQ) to Boost Cryptocurrency Efforts With Latest Plans
2022-01-14,NVDA,0.036085073836147785,0.05037824437022209,0.014293170534074306,0.9353286027908325,3 Popular ESG Indexes and How to Invest in Them
2022-01-14,NVDA,0.04808427765965462,0.07303480803966522,0.024950530380010605,0.9020146131515503,3 Top Metaverse Stocks to Buy in January
2022-01-14,NVDA,0.8377968743443489,0.9020201563835144,0.0642232820391655,0.03375649452209473,Wall St Week Ahead-Earnings to test growth stocks after rocky start to year
2022-01-13,NVDA,0.9286191444844007,0.9468826055526733,0.01826346106827259,0.034853965044021606,Nvidia Could Surge Again This Year Based on Its Huge Free Cash Flow
2022-01-13,NVDA,-0.9357950082048774,0.010872245766222477,0.9466672539710999,0.042460545897483826,Why Nvidia Stock Dropped Today
2022-01-13,NVDA,0.09816930629312992,0.11735297739505768,0.019183671101927757,0.8634634017944336,Nvidia: Multiple Reasons to Expect More Growth
2022-01-13,NVDA,0.004051303490996361,0.03207763656973839,0.028026333078742027,0.9398960471153259,Investment Opportunity Breakdown: Video Game Stocks
2022-01-13,NVDA,0.08484030701220036,0.10294986516237259,0.018109558150172234,0.8789405822753906,7 Great Growth Stocks to Add to Your January Buy List
2022-01-12,NVDA,0.4048899533227086,0.417538046836853,0.01264809351414442,0.5698138475418091,3 Under-the-Radar Auto Technology Stocks to Watch in 2022
2022-01-12,NVDA,0.393847331404686,0.598222017288208,0.20437468588352203,0.19740323722362518,PREVIEW-Investors ready for U.S. earnings as inflation worries run high
2022-01-12,NVDA,0.5692346692085266,0.6214405298233032,0.05220586061477661,0.3263535499572754,The Top 10 Best-Performing Stocks of 2021
2022-01-12,NVDA,0.023926472291350365,0.04893547669053078,0.025009004399180412,0.9260554909706116,Best Metaverse Stocks To Buy Today? 4 For Your List
2022-01-12,NVDA,-0.00131208635866642,0.02856198139488697,0.02987406775355339,0.9415639638900757,"The Zacks Analyst Blog Highlights: Taiwan Semiconductor, Apple, Advanced Micro Devices and NVIDIA Corp"
2022-01-11,NVDA,0.11362447589635849,0.12699738144874573,0.013372905552387238,0.8596296906471252,Prediction: These Will Be 3 of the Biggest Stocks by 2032
2022-01-11,NVDA,0.7148437350988388,0.8032754063606262,0.08843167126178741,0.10829298943281174,7 Semiconductor Stocks With the Most Upside in the New Year
2022-01-11,NVDA,0.03931879810988903,0.0604991689324379,0.021180370822548866,0.9183204770088196,"Why This Stock Grew 7,000% in 10 Years"
2022-01-11,NVDA,0.9036317942664027,0.9139390587806702,0.010307264514267445,0.07575374096632004,Nvidia Stock Is Worth the Premium on the Back of Solid Growth Drivers
2022-01-11,NVDA,0.019407430663704872,0.03970380872488022,0.020296378061175346,0.9399998188018799,Should You Buy Nvidia Stock in 2022?
2022-01-10,NVDA,-0.9367510471493006,0.010674377903342247,0.9474254250526428,0.04190022125840187,Why CES 2022 was Bad News for Advanced Micro Devices
2022-01-10,NVDA,-0.014193817973136902,0.02763121947646141,0.04182503744959831,0.9305437207221985,"4 Top Stock Trades for Tuesday: ROKU, TLRY, NVDA, INTC"
2022-01-10,NVDA,-0.7289586290717125,0.03529927879571915,0.7642579078674316,0.2004428207874298,Why TuSimple Stock Is Lower Today
2022-01-10,NVDA,-0.8882268406450748,0.01353314146399498,0.9017599821090698,0.08470682799816132,"FB, AMZN, NVDA, AAPL, COIN: Why Are Tech Stocks Down Today?"
2022-01-10,NVDA,0.08718457259237766,0.0989646390080452,0.011780066415667534,0.8892552256584167,Investing in This ETF Right Now Could Make You a Millionaire Retiree
2022-01-09,NVDA,-0.16122497618198395,0.14823295176029205,0.309457927942276,0.5423091650009155,Wall St Week Ahead-Hawkish Fed gives value stocks a second wind
2022-01-09,NVDA,-0.0019392892718315125,0.03177449852228165,0.03371378779411316,0.9345117211341858,3 Things to Watch in the Stock Market This Week
2022-01-09,NVDA,0.08063179813325405,0.0943249762058258,0.013693178072571754,0.8919818997383118,5 Unstoppable Metaverse Stocks to Buy in 2022
2022-01-08,NVDA,-0.033648110926151276,0.03591235727071762,0.0695604681968689,0.8945271372795105,Semiconductor Market Recap for the Week
2022-01-07,NVDA,-0.8548667654395103,0.056926049292087555,0.9117928147315979,0.03128112480044365,Wall Street mixed after soft jobs data; banks rally
2022-01-07,NVDA,-0.9284984217956662,0.012920583598315716,0.9414190053939819,0.04566049948334694,Why Nvidia Stock Dropped Back Today
2022-01-07,NVDA,0.015851177275180817,0.03751740977168083,0.021666232496500015,0.9408162832260132,What Is the Metaverse (And How Can I Invest In It?)
2022-01-07,NVDA,-0.16122497618198395,0.14823295176029205,0.309457927942276,0.5423091650009155,Wall St Week Ahead-Hawkish Fed gives value stocks a second wind
2022-01-07,NVDA,-0.016800154000520706,0.03299417719244957,0.049794331192970276,0.9172114729881287,Bank of America Pounds the Table on Nvidia Stock
2022-01-06,NVDA,0.14676997158676386,0.15525665879249573,0.008486687205731869,0.8362566828727722,General Motors taps three Qualcomm chips to power its Ultra Cruise feature
2022-01-06,NVDA,0.8235096000134945,0.8847194314002991,0.06120983138680458,0.05407068505883217,Why Nvidia Stock Bounced Back on Thursday
2022-01-06,NVDA,0.031970150768756866,0.05198020115494728,0.020010050386190414,0.9280098080635071,7 Blockchain Stocks to Buy to Get In on the Crypto Action
2022-01-06,NVDA,0.09268551133573055,0.11247383803129196,0.01978832669556141,0.8677378296852112,3 Large-Cap Tech Stocks to Sell
2022-01-06,NVDA,0.09165390767157078,0.10843446105718613,0.01678055338561535,0.8747850060462952,Tesla Briefly Led the Nasdaq to New Heights. Here's Why It Didn't Last
2022-01-05,NVDA,-0.43134137988090515,0.03499716520309448,0.46633854508399963,0.4986642599105835,The U.S. Stock Market Just Did Something It May Never Do Again
2022-01-05,NVDA,-0.6183712296187878,0.039295513182878494,0.6576667428016663,0.3030378222465515,"Why Intel Popped, but AMD and Nvidia Dropped Today"
2022-01-05,NVDA,-0.07794547267258167,0.02003433369100094,0.09797980636358261,0.8819858431816101,Make a Move on Nvidia Stock While It Sits at November’s Levels
2022-01-05,NVDA,-0.8813153579831123,0.03237663954496384,0.9136919975280762,0.05393132567405701,ANALYSIS-Some investors turn cautious on Big Tech as Fed hikes loom
2022-01-05,NVDA,0.9298297688364983,0.9440427422523499,0.014212973415851593,0.04174429178237915,Nvidia Impresses at the CES; Extends Partnership with TuSimple
2022-01-04,NVDA,0.03327356465160847,0.04908454418182373,0.015810979530215263,0.935104489326477,"Exactly How I'd Invest $5,000 If I Had to Start From Scratch Today"
2022-01-04,NVDA,0.8721820693463087,0.8874679803848267,0.015285911038517952,0.09724610298871994,3 “Strong Buy” Stocks for the Metaverse Revolution
2022-01-04,NVDA,-0.9570925338193774,0.008439590223133564,0.965532124042511,0.026028219610452652,Why AMD Stock Dropped More Than 5% Today
2022-01-04,NVDA,0.42301469668745995,0.44337859749794006,0.020363900810480118,0.5362574458122253,Intel launches graphics chips for gamers in effort to take on Nvidia
2022-01-04,NVDA,0.010674718767404556,0.03417426347732544,0.023499544709920883,0.9423262476921082,Nvidia Omniverse: 14 Things for NVDA Stock Investors to Know About the Metaverse Project
2022-01-03,NVDA,-0.49166806042194366,0.12793926894664764,0.6196073293685913,0.25245344638824463,Nvidia: Beware the Steep Valuation Despite Favorable Prospects
2022-01-03,NVDA,0.8903120178729296,0.9079672694206238,0.017655251547694206,0.07437746226787567,AMD Could Jump Upward if China Gives Its Acquisition the Go Ahead
2022-01-03,NVDA,0.13871823251247406,0.1506180465221405,0.011899814009666443,0.8374821543693542,7 of the Best Metaverse Stocks for 2022 to Buy Now
2022-01-03,NVDA,0.04379548132419586,0.061024829745292664,0.017229348421096802,0.9217458367347717,Good Stocks To Invest In Right Now? 4 Semiconductor Stocks To Check Out
2022-01-03,NVDA,0.007748449221253395,0.032937511801719666,0.02518906258046627,0.9418733716011047,CES 2022 Preview: The 9 Most Anticipated Reveals and Rumors
2022-01-01,NVDA,0.16058255266398191,0.1711340695619583,0.010551516897976398,0.8183143734931946,3 Red-Hot Growth Stocks to Buy in 2022 and Beyond
2022-01-01,NVDA,0.08718457259237766,0.0989646390080452,0.011780066415667534,0.8892552256584167,Investing in This ETF Right Now Could Make You a Millionaire Retiree
